district,postal_code,breed,dog_size,dog_count
1,1010,Afghanischer Windhund / Mischling,large,1
1,1010,Airedale Terrier,medium,1
1,1010,Akita / Belgischer Schäferhund,large,1
1,1010,American Cocker Spaniel,medium,2
1,1010,American Cocker Spaniel / Kleinpudel Schwarz,medium,2
1,1010,American Cocker Spaniel / Pudel,medium,1
1,1010,Australian Shepherd,medium,6
1,1010,Australian Shepherd / Deutscher Schäferhund Langstockhaar,large,1
1,1010,Australian Shepherd / Labrador Retriever,large,1
1,1010,Barbet,medium,1
1,1010,Basenji,medium,3
1,1010,Beagle,medium,3
1,1010,Beagle / Jack Russell Terrier,medium,1
1,1010,Beagle / Mischling,medium,3
1,1010,Belgischer Schäferhund / Labrador Retriever,large,1
1,1010,Belgischer Schäferhund / Mischling,large,1
1,1010,Berger Blanc Suisse / Pharaoh Hound,large,1
1,1010,Berger de Brie (Briard),large,2
1,1010,Berner Sennenhund,large,2
1,1010,Bichon frise,small,2
1,1010,Bolonka Zwetna,small,1
1,1010,Border Collie,medium,3
1,1010,Border Collie / Australian Shepherd,medium,1
1,1010,Border Collie / Mischling,medium,2
1,1010,Border Collie / Mittelspitz Braun/Schwarz,medium,1
1,1010,Border Collie / Mudi,medium,1
1,1010,Border Terrier,medium,4
1,1010,Border Terrier / Rauhhaar Dachshund Zwerg,medium,1
1,1010,Boston Terrier,medium,1
1,1010,Bracke / Mischling,medium,2
1,1010,Brandlbracke,medium,1
1,1010,Braque Saint-Germain / Magyar Vizsla Kurzhaar,large,1
1,1010,Bull Terrier (Standard),medium,1
1,1010,Bulldog,medium,1
1,1010,Cairn Terrier,small,1
1,1010,Cane Corso Italiano,large,1
1,1010,Cao de Agua Portugues (Portug. Wasserhund),large,3
1,1010,Cavalier King Charles Spaniel,small,5
1,1010,Cavalier King Charles Spaniel / Mischling,small,1
1,1010,Chihuahua Kurzhaar,small,16
1,1010,Chihuahua Kurzhaar / Dackel,small,1
1,1010,Chihuahua Kurzhaar / Zwergpinscher,medium,1
1,1010,Chihuahua Langhaar,small,8
1,1010,Chihuahua Langhaar / Pekingese,small,1
1,1010,Chihuahua Langhaar / Zwergpudel Schwarz,medium,1
1,1010,Chinese Crested Dog hairless,small,2
1,1010,Chow-Chow / Eurasier,large,1
1,1010,Ciobanesc Romanesc Carpatin / Mischling,large,1
1,1010,Collie Kurzhaar (Smooth) / Border Collie,medium,1
1,1010,Collie Langhaar (Rough) / Mischling,medium,2
1,1010,Coton de Tulear,small,1
1,1010,Curly-Coated Retriever,large,1
1,1010,Dackel,small,13
1,1010,Dackel / Mischling,small,3
1,1010,Dalmatiner,medium,2
1,1010,Deutsch Drahthaar / Mischling,medium,1
1,1010,Deutsch Kurzhaar,medium,1
1,1010,Deutsch Kurzhaar / Beagle,medium,1
1,1010,Deutsche Dogge blau,large,1
1,1010,Deutsche Dogge gestromt,large,1
1,1010,Deutscher Boxer gelb,large,1
1,1010,Deutscher Pinscher,medium,1
1,1010,Deutscher Pinscher / Schnauzer pfeffersalz,medium,1
1,1010,Deutscher Schäferhund,large,3
1,1010,Deutscher Schäferhund / Mischling,large,2
1,1010,Deutscher Spitz,medium,1
1,1010,Deutscher Spitz / Zwergspitz (Pomeranian),medium,1
1,1010,Dobermann braun-rot,large,1
1,1010,English Cocker Spaniel einfärbig,medium,2
1,1010,English Cocker Spaniel einfärbig / Grosspudel Weiss,large,1
1,1010,English Cocker Spaniel mehrfärbig,medium,3
1,1010,English Setter,medium,1
1,1010,English Springer Spaniel / Braque Saint-Germain,large,1
1,1010,Entlebucher Sennenhund,medium,2
1,1010,Entlebucher Sennenhund / Mischling,medium,1
1,1010,Eurasier,medium,1
1,1010,Flat-Coated Retriever,large,2
1,1010,Fox Terrier drahthaar,medium,1
1,1010,Französische Bulldogge,medium,9
1,1010,Französische Bulldogge / Mischling,medium,2
1,1010,Golden Retriever,large,14
1,1010,Golden Retriever / Deutscher Schäferhund,large,1
1,1010,Golden Retriever / English Cocker Spaniel mehrfärbig,large,1
1,1010,Golden Retriever / Labrador Retriever,large,1
1,1010,Golden Retriever / Mischling,large,2
1,1010,Golden Retriever / Zwergpudel Weiss,large,1
1,1010,Grosser Münsterländer,large,1
1,1010,Grosspudel Apricot,large,2
1,1010,Grosspudel Grau,large,1
1,1010,Havaneser,small,14
1,1010,Havaneser / Mischling,small,2
1,1010,Hellinikos Ichnilatis / Mischling,medium,1
1,1010,Irish Red Setter,medium,1
1,1010,Irish Red and White Setter,medium,1
1,1010,Italienisches Windspiel,small,2
1,1010,Jack Russell Terrier,medium,9
1,1010,Jack Russell Terrier / Fox Terrier drahthaar,medium,1
1,1010,Jack Russell Terrier / Mischling,medium,4
1,1010,Jack Russell Terrier / Zwergpinscher,medium,1
1,1010,Jagdterrier / Mischling,medium,1
1,1010,King Charles Spaniel,small,2
1,1010,King Charles Spaniel / Pudel,medium,1
1,1010,Klein- oder Mittelpudel,medium,1
1,1010,Klein- oder Mittelpudel / Mischling,medium,1
1,1010,Kleiner Münsterländer,medium,1
1,1010,Kleiner Münsterländer / Mischling,medium,1
1,1010,Kleinpudel Apricot,medium,4
1,1010,Kleinpudel Falb,medium,1
1,1010,Kleinpudel Schwarz,medium,2
1,1010,Kleinpudel Weiss / Malteser,medium,2
1,1010,Kleinspitz Neufarben,medium,1
1,1010,Kooikerhondje,medium,2
1,1010,Kurzhaar Dachshund Kaninchen,small,1
1,1010,Kurzhaar Dachshund Normal,small,2
1,1010,Kurzhaar Dachshund Normal / Beagle,medium,1
1,1010,Kurzhaar Dachshund Normal / Border Terrier,medium,1
1,1010,Kurzhaar Dachshund Normal / Mischling,small,1
1,1010,Kurzhaar Dachshund Zwerg,small,7
1,1010,Labradoodle,medium,2
1,1010,Labrador Retriever,large,27
1,1010,Labrador Retriever / Australian Shepherd,large,1
1,1010,Labrador Retriever / Deutsch Kurzhaar,large,1
1,1010,Labrador Retriever / Grosspudel Rot,large,1
1,1010,Labrador Retriever / Jack Russell Terrier,large,1
1,1010,Labrador Retriever / Mischling,large,10
1,1010,Labrador Retriever / Pudelpointer,large,1
1,1010,Labrador Retriever / Siberian Husky,large,1
1,1010,Lagotto romagnolo,medium,4
1,1010,Langhaar Dachshund Kaninchen,small,1
1,1010,Lhasa Apso,small,1
1,1010,Magyar Vizsla Drahthaar,medium,4
1,1010,Magyar Vizsla Kurzhaar,medium,2
1,1010,Malinois / Magyar Vizsla Kurzhaar,medium,1
1,1010,Malteser,small,15
1,1010,Malteser / Kleinpudel Rot,medium,1
1,1010,Malteser / Labrador Retriever,large,1
1,1010,Malteser / Mischling,small,2
1,1010,Malteser / Pudel,medium,2
1,1010,Malteser / Pudelpointer,medium,1
1,1010,Malteser / Shih Tzu,small,1
1,1010,Malteser / Toypudel Weiss,medium,1
1,1010,Malteser / Zwergpudel Braun,medium,1
1,1010,Miniatur Bull Terrier,medium,1
1,1010,Mops (Carlin),small,6
1,1010,Mops (Carlin) / Mischling,small,1
1,1010,Neufundländer,large,2
1,1010,Nova Scotia Duck Tolling Retriever,medium,2
1,1010,Nova Scotia Duck Tolling Retriever / Mischling,medium,1
1,1010,Old English Sheepdog (Bobtail),large,1
1,1010,Papillon,small,4
1,1010,Parson Russell Terrier,medium,7
1,1010,Parson Russell Terrier / Französische Bulldogge,medium,1
1,1010,Parson Russell Terrier / Mischling,medium,1
1,1010,Pekingese,small,2
1,1010,Pekingese / Chihuahua Kurzhaar,small,1
1,1010,Pharaoh Hound,large,1
1,1010,Pinscher,medium,1
1,1010,Pinscher / Brandlbracke,medium,1
1,1010,Pinscher / Mischling,medium,2
1,1010,Pit Bull Terrier,large,2
1,1010,Pudel,medium,4
1,1010,Pudelpointer,medium,1
1,1010,Pyrenäen Berghund / Mischling,large,1
1,1010,Rauhhaar Dachshund Kaninchen,small,1
1,1010,Rauhhaar Dachshund Normal,small,1
1,1010,Rauhhaar Dachshund Normal / Shiba,medium,1
1,1010,Rauhhaar Dachshund Zwerg,small,2
1,1010,Rauhhaar Dachshund Zwerg / Kurzhaar Dachshund Zwerg,small,1
1,1010,Rhodesian Ridgeback,large,2
1,1010,Russkiy Toy Kurzhaar,small,1
1,1010,Samojede,large,3
1,1010,Schnauzer pfeffersalz / Mischling,medium,1
1,1010,Schnauzer schwarz / English Springer Spaniel,medium,1
1,1010,Schwarzer Terrier,large,1
1,1010,Scottish Terrier,medium,2
1,1010,Segugio Italiano a pelo forte / Mischling,medium,1
1,1010,Shetland Sheepdog,medium,3
1,1010,Shiba,medium,4
1,1010,Shih Tzu,small,3
1,1010,Shih Tzu / Pudel,medium,1
1,1010,Siberian Husky,large,3
1,1010,Siberian Husky / Mischling,large,1
1,1010,Slovensky Kopov / Mischling,medium,1
1,1010,Spitz,medium,6
1,1010,Spitz / Collie Langhaar (Rough),medium,1
1,1010,Spitz / English Cocker Spaniel mehrfärbig,medium,1
1,1010,Spitz / Jack Russell Terrier,medium,1
1,1010,Spitz / Mischling,medium,1
1,1010,Spitz / Zwergspitz (Pomeranian),medium,1
1,1010,St. Bernhardshund Kurzhaar,large,2
1,1010,Tibetan Terrier,medium,2
1,1010,Tibetan Terrier / Mischling,medium,1
1,1010,Tiroler Bracke / Bayrischer Gebirgsschweisshund,medium,1
1,1010,Toypudel Apricot,medium,4
1,1010,Toypudel Apricot / Havaneser,medium,1
1,1010,Toypudel Apricot / King Charles Spaniel,medium,1
1,1010,Toypudel Apricot / Malteser,medium,1
1,1010,Toypudel Braun,medium,2
1,1010,Toypudel Rot,medium,1
1,1010,Toypudel falb aus Mehrfarben,medium,1
1,1010,Tschechoslowakischer Wolfhund,large,1
1,1010,Unbekannt,unknown,17
1,1010,Unbekannt / Mischling,unknown,44
1,1010,Weimaraner Kurzhaar,large,3
1,1010,Weimaraner Kurzhaar / Magyar Vizsla Kurzhaar,large,1
1,1010,Weimaraner Langhaar,large,1
1,1010,Welsh Corgi Pembroke,medium,2
1,1010,Welsh Terrier,medium,1
1,1010,West Highland White Terrier,small,4
1,1010,Whippet,medium,3
1,1010,Wolfspitz / Mischling,large,1
1,1010,Yorkshire Terrier,small,14
1,1010,Yorkshire Terrier / Schwarzer Terrier,large,1
1,1010,Zwergpinscher,medium,3
1,1010,Zwergpudel Apricot,medium,8
1,1010,Zwergpudel Apricot / English Cocker Spaniel mehrfärbig,medium,1
1,1010,Zwergpudel Apricot / Malteser,medium,1
1,1010,Zwergpudel Braun,medium,3
1,1010,Zwergpudel Braun / Malteser,medium,1
1,1010,Zwergpudel Braun / Zwergschnauzer pfeffer-salz,medium,1
1,1010,Zwergpudel Rot,medium,2
1,1010,Zwergpudel Schwarz,medium,1
1,1010,Zwergpudel Weiss,medium,1
1,1010,Zwergpudel schwarz aus Mehrfarben,medium,1
1,1010,Zwergschnauzer pfeffer-salz,medium,2
1,1010,Zwergschnauzer pfeffer-salz / Klein- oder Mittelpudel,medium,1
1,1010,Zwergschnauzer schwarz-silber,medium,1
1,1010,Zwergspitz (Pomeranian),medium,18
1,1010,Österreichischer Pinscher / Labrador Retriever,large,1
1,1010,Österreichischer Pinscher / Mischling,medium,1
2,1020,Affenpinscher,medium,1
2,1020,Affenpinscher / Cairn Terrier,medium,1
2,1020,Affenpinscher / Chihuahua Kurzhaar,medium,1
2,1020,Affenpinscher / Mischling,medium,2
2,1020,Afghanischer Windhund,large,1
2,1020,Airedale Terrier,medium,2
2,1020,Akita,large,9
2,1020,Akita / Mischling,large,1
2,1020,Alaskan Malamute,large,2
2,1020,Alaskan Malamute / Irish Wolfhound,large,1
2,1020,Alpenländische Dachsbracke / Mischling,medium,2
2,1020,American Akita,large,1
2,1020,American Bulldog / American Staffordshire Terrier,large,1
2,1020,American Bully,large,1
2,1020,American Bully / Labrador Retriever,large,1
2,1020,American Bully / Mischling,large,1
2,1020,American Cocker Spaniel,medium,1
2,1020,American Cocker Spaniel / Jack Russell Terrier,medium,1
2,1020,American Foxhound / Deutscher Schäferhund,large,1
2,1020,American Pocket Bully,medium,1
2,1020,American Shepherd,medium,1
2,1020,American Staffordshire Terrier,large,42
2,1020,American Staffordshire Terrier / Bulldog,large,2
2,1020,American Staffordshire Terrier / Labrador Retriever,large,1
2,1020,American Staffordshire Terrier / Mischling,large,7
2,1020,American Staffordshire Terrier / Pit Bull Terrier,large,1
2,1020,American Staffordshire Terrier / Windhund,large,1
2,1020,Appenzeller Sennenhund,large,1
2,1020,Appenzeller Sennenhund / Australian Shepherd,large,1
2,1020,Aussiedoodle,medium,2
2,1020,Australian Cattledog / Australian Shepherd,medium,1
2,1020,Australian Cattledog / Mischling,medium,1
2,1020,Australian Shepherd,medium,26
2,1020,Australian Shepherd / Berner Sennenhund,large,1
2,1020,Australian Shepherd / Border Collie,medium,2
2,1020,Australian Shepherd / Collie Langhaar (Rough),medium,2
2,1020,Australian Shepherd / Golden Retriever,large,1
2,1020,Australian Shepherd / Klein- oder Mittelpudel,medium,1
2,1020,Australian Shepherd / Mischling,medium,4
2,1020,Australian Shepherd / Siberian Husky,large,1
2,1020,Barbet,medium,6
2,1020,Barbet / Mischling,medium,1
2,1020,Basenji / Deutscher Pinscher,medium,1
2,1020,Basenji / Golden Retriever,large,1
2,1020,Basset Hound,medium,2
2,1020,Basset Hound / Kurzhaar Dachshund Normal,medium,1
2,1020,Bayrischer Gebirgsschweisshund,medium,2
2,1020,Bayrischer Gebirgsschweisshund / English Cocker Spaniel einf,medium,1
2,1020,Beagle,medium,30
2,1020,Beagle / Beagle Harrier,medium,1
2,1020,Beagle / Jack Russell Terrier,medium,1
2,1020,Beagle / Kurzhaar Dachshund Kaninchen,medium,1
2,1020,Beagle / Labrador Retriever,large,3
2,1020,Beagle / Mischling,medium,5
2,1020,Beagle / Shar Pei,medium,1
2,1020,Beagle / Whippet,medium,1
2,1020,Beagle Harrier / Mischling,medium,1
2,1020,Bearded Collie,medium,3
2,1020,Bearded Collie / Siberian Husky,large,1
2,1020,Belgischer Schäferhund,large,3
2,1020,Belgischer Schäferhund / Holländischer Schäferhund Kurzhaar,large,1
2,1020,Belgischer Schäferhund / Kurzhaar Dachshund Normal,large,1
2,1020,Belgischer Schäferhund / Malinois,large,1
2,1020,Belgischer Schäferhund / Mischling,large,4
2,1020,Belgischer Schäferhund / Staffordshire Bullterrier,large,1
2,1020,Berger Blanc Suisse,large,4
2,1020,Berger Blanc Suisse / Mischling,large,1
2,1020,Berger de Beauce (Beauceron),large,2
2,1020,Berger de Brie (Briard),large,2
2,1020,Berger de Brie (Briard) / Kleinpudel Braun,large,1
2,1020,Berger de Picardie (Berger Picard),medium,2
2,1020,Berger des Pyrenees a poil long,medium,1
2,1020,Berner Niederlaufhund,medium,1
2,1020,Berner Sennenhund,large,10
2,1020,Berner Sennenhund / Australian Shepherd,large,2
2,1020,Berner Sennenhund / Flat-Coated Retriever,large,1
2,1020,Berner Sennenhund / Hovawart,large,1
2,1020,Berner Sennenhund / Kleiner Münsterländer,large,1
2,1020,Berner Sennenhund / Mischling,large,3
2,1020,Bichon frise,small,13
2,1020,Bichon frise / Havaneser,small,1
2,1020,Bichon frise / Malteser,small,2
2,1020,Bichon frise / Mischling,small,1
2,1020,Bichon frise / Pekingese,small,1
2,1020,Bichon frise / Terrier Brasileiro,medium,1
2,1020,Bichon frise / Toypudel Apricot,medium,1
2,1020,Biewer Terrier / Yorkshire Terrier,small,1
2,1020,Bologneser,small,5
2,1020,Bolonka Zwetna,small,5
2,1020,Border Collie,medium,33
2,1020,Border Collie / Appenzeller Sennenhund,large,1
2,1020,Border Collie / Australian Shepherd,medium,2
2,1020,Border Collie / Beagle,medium,1
2,1020,Border Collie / Bearded Collie,medium,1
2,1020,Border Collie / Berner Sennenhund,large,2
2,1020,Border Collie / Collie Kurzhaar (Smooth),medium,1
2,1020,Border Collie / Dalmatiner,medium,1
2,1020,Border Collie / Deutsch Kurzhaar,medium,1
2,1020,Border Collie / Deutscher Spitz,medium,1
2,1020,Border Collie / Grosspudel Schwarz,large,1
2,1020,Border Collie / Kurzhaar Dachshund Kaninchen,medium,1
2,1020,Border Collie / Mischling,medium,23
2,1020,Border Collie / Mittelspitz Braun/Schwarz,medium,1
2,1020,Border Collie / Stabyhoun,medium,1
2,1020,Border Terrier,medium,4
2,1020,Border Terrier / Deutscher Jagdterrier,medium,1
2,1020,Border Terrier / Mischling,medium,2
2,1020,Border Terrier / Schnauzer pfeffersalz,medium,1
2,1020,Boston Terrier,medium,6
2,1020,Boston Terrier / Cairn Terrier,medium,1
2,1020,Boston Terrier / Pekingese,medium,1
2,1020,Boston Terrier / Rauhhaar Dachshund Zwerg,medium,1
2,1020,Bracke,medium,2
2,1020,Bracke / Dackel,medium,1
2,1020,Bracke / Deutscher Schäferhund,large,1
2,1020,Bracke / Mischling,medium,9
2,1020,Brandlbracke / Berner Niederlaufhund,medium,1
2,1020,Braque Saint-Germain / Mischling,large,1
2,1020,Braque du Bourbonnais,large,2
2,1020,Braque francais - Type Pyrenees (Petite),medium,1
2,1020,Braque francais - Type Pyrenees (Petite) / Mischling,medium,1
2,1020,Broholmer,large,2
2,1020,Bull Terrier (Standard),medium,4
2,1020,Bull Terrier (Standard) / American Staffordshire Terrier,large,1
2,1020,Bulldog,medium,11
2,1020,Bulldog / Mischling,medium,1
2,1020,Cairn Terrier,small,3
2,1020,Cairn Terrier / Zwergspitz (Pomeranian),medium,1
2,1020,Canaan Dog,medium,1
2,1020,Canaan Dog / Malinois,medium,1
2,1020,Cane Corso Italiano,large,6
2,1020,Cane Corso Italiano / Mischling,large,1
2,1020,Cao da Serra de Aires / Petit Basset griffon vendeen,medium,1
2,1020,Cao de Agua Portugues (Portug. Wasserhund),large,6
2,1020,Carolina Dog / Mischling,medium,1
2,1020,Catahoula Leopard Dog,large,1
2,1020,Cavalier King Charles Spaniel,small,20
2,1020,Cavalier King Charles Spaniel / Chihuahua Kurzhaar,small,1
2,1020,Cavalier King Charles Spaniel / Grosspudel Apricot,large,1
2,1020,Cavalier King Charles Spaniel / Kleinpudel Apricot,medium,1
2,1020,Cavalier King Charles Spaniel / Mischling,small,1
2,1020,Cavalier King Charles Spaniel / Pudel,medium,1
2,1020,Cavalier King Charles Spaniel / Zwergpudel Schwarz,medium,1
2,1020,Chihuahua Kurzhaar,small,100
2,1020,Chihuahua Kurzhaar / Dackel,small,1
2,1020,Chihuahua Kurzhaar / Deutscher Pinscher,medium,1
2,1020,Chihuahua Kurzhaar / Mischling,small,21
2,1020,Chihuahua Kurzhaar / Mops (Carlin),small,1
2,1020,Chihuahua Kurzhaar / Papillon,small,1
2,1020,Chihuahua Kurzhaar / Shih Tzu,small,2
2,1020,Chihuahua Kurzhaar / Spitz,medium,1
2,1020,Chihuahua Kurzhaar / Terrier Brasileiro,medium,1
2,1020,Chihuahua Kurzhaar / Yorkshire Terrier,small,1
2,1020,Chihuahua Kurzhaar / Zwergpinscher,medium,3
2,1020,Chihuahua Kurzhaar / Zwergpudel Weiss,medium,1
2,1020,Chihuahua Kurzhaar / Österreichischer Pinscher,medium,1
2,1020,Chihuahua Langhaar,small,54
2,1020,Chihuahua Langhaar / Border Collie,medium,1
2,1020,Chihuahua Langhaar / Mischling,small,6
2,1020,Chihuahua Langhaar / Mops (Carlin),small,1
2,1020,Chihuahua Langhaar / Pinscher,medium,1
2,1020,Chihuahua Langhaar / Shih Tzu,small,1
2,1020,Chihuahua Langhaar / Zwergspitz (Pomeranian),medium,3
2,1020,Chinese Crested Dog hairless,small,6
2,1020,Chinese Crested Dog powderpuff,small,5
2,1020,Chodsky Pes,medium,1
2,1020,Chow-Chow,large,2
2,1020,Chow-Chow / Mischling,large,1
2,1020,Cirneco dell'Etna,medium,1
2,1020,Cirneco dell'Etna / Border Collie,medium,1
2,1020,Coban Köpegi (Anatolischer Hirtenhund) / Mischling,large,1
2,1020,Cockerpoo,medium,4
2,1020,Collie Kurzhaar (Smooth),medium,1
2,1020,Collie Kurzhaar (Smooth) / Podenco Ibicenco Kurzhaar,medium,1
2,1020,Collie Kurzhaar (Smooth) / Siberian Husky,large,1
2,1020,Collie Langhaar (Rough),medium,7
2,1020,Collie Langhaar (Rough) / Collie Kurzhaar (Smooth),medium,1
2,1020,Collie Langhaar (Rough) / English Cocker Spaniel einfärbig,medium,1
2,1020,Coton de Tulear,small,1
2,1020,Curly-Coated Retriever,large,1
2,1020,Curly-Coated Retriever / Mischling,large,1
2,1020,Dackel,small,15
2,1020,Dackel / Deutscher Pinscher,medium,1
2,1020,Dackel / Deutscher Spitz,medium,4
2,1020,Dackel / Jack Russell Terrier,medium,1
2,1020,Dackel / Mischling,small,20
2,1020,Dackel / Pekingese,small,1
2,1020,Dackel / Pinscher,medium,1
2,1020,Dackel / Scottish Terrier,medium,1
2,1020,Dackel / Österreichischer Pinscher,medium,1
2,1020,Dalmatiner,medium,4
2,1020,Dalmatiner / Mischling,medium,2
2,1020,Dansk-Svensk Gardshund,medium,1
2,1020,Dansk-Svensk Gardshund / Istrianer Bracke Kurzhaar (Kratkodl,medium,1
2,1020,Deutsch Drahthaar / Mischling,medium,3
2,1020,Deutsch Kurzhaar,medium,5
2,1020,Deutsch Kurzhaar / Dackel,medium,1
2,1020,Deutsch Kurzhaar / Magyar Vizsla Kurzhaar,medium,1
2,1020,Deutsch Kurzhaar / Mischling,medium,2
2,1020,Deutsch Langhaar / Mischling,medium,1
2,1020,Deutsche Bracke / Terrier Brasileiro,medium,1
2,1020,Deutsche Dogge blau,large,2
2,1020,Deutscher Boxer gelb,large,5
2,1020,Deutscher Boxer gelb / Pit Bull Terrier,large,1
2,1020,Deutscher Boxer gelb / Schnauzer pfeffersalz,large,1
2,1020,Deutscher Boxer gestromt,large,1
2,1020,Deutscher Boxer gestromt / Whippet,large,1
2,1020,Deutscher Jagdterrier,medium,1
2,1020,Deutscher Jagdterrier / Airedale Terrier,medium,1
2,1020,Deutscher Jagdterrier / Mischling,medium,1
2,1020,Deutscher Pinscher,medium,3
2,1020,Deutscher Pinscher / Beagle,medium,1
2,1020,Deutscher Pinscher / Chihuahua Kurzhaar,medium,1
2,1020,Deutscher Pinscher / Mischling,medium,3
2,1020,Deutscher Schäferhund,large,20
2,1020,Deutscher Schäferhund / Alpinschäfer,large,1
2,1020,Deutscher Schäferhund / Border Collie,large,1
2,1020,Deutscher Schäferhund / Collie Langhaar (Rough),large,1
2,1020,Deutscher Schäferhund / Fox Terrier drahthaar,large,1
2,1020,Deutscher Schäferhund / Jack Russell Terrier,large,2
2,1020,Deutscher Schäferhund / Kaukasischer Ovtcharka,large,1
2,1020,Deutscher Schäferhund / Labrador Retriever,large,1
2,1020,Deutscher Schäferhund / Mischling,large,21
2,1020,Deutscher Schäferhund / Rauhhaar Dachshund Normal,large,1
2,1020,Deutscher Schäferhund / Saluki,large,1
2,1020,Deutscher Schäferhund / Siberian Husky,large,1
2,1020,Deutscher Schäferhund Langstockhaar,large,4
2,1020,Deutscher Schäferhund Langstockhaar / Malinois,large,1
2,1020,Deutscher Schäferhund Langstockhaar / Mischling,large,5
2,1020,Deutscher Schäferhund Langstockhaar / Siberian Husky,large,1
2,1020,Deutscher Spitz,medium,6
2,1020,Deutscher Spitz / Grossspitz Weiss,large,1
2,1020,Deutscher Spitz / Mischling,medium,2
2,1020,Deutscher Wachtelhund,medium,1
2,1020,Dobermann braun-rot,large,3
2,1020,Dobermann braun-rot / Mischling,large,3
2,1020,Dobermann schwarz-rot,large,2
2,1020,Dog de Bordeaux (Bordeauxdogge),large,1
2,1020,Dogo Argentino,large,1
2,1020,Drentsche Patrijshond,medium,2
2,1020,Elo,medium,1
2,1020,Elo / Zwergspitz (Pomeranian),medium,1
2,1020,English Cocker Spaniel einfärbig,medium,21
2,1020,English Cocker Spaniel einfärbig / Deutsch Langhaar,medium,1
2,1020,English Cocker Spaniel einfärbig / Grosspudel Apricot,large,1
2,1020,English Cocker Spaniel einfärbig / Kleinpudel Apricot,medium,1
2,1020,English Cocker Spaniel einfärbig / Pudel,medium,1
2,1020,English Cocker Spaniel mehrfärbig,medium,13
2,1020,English Cocker Spaniel mehrfärbig / Mischling,medium,1
2,1020,English Pointer / Kleiner Münsterländer,medium,1
2,1020,English Pointer / Labrador Retriever,large,1
2,1020,English Pointer / Magyar Vizsla Kurzhaar,medium,1
2,1020,English Pointer / Mischling,medium,1
2,1020,English Pointer / Parson Russell Terrier,medium,1
2,1020,English Setter,medium,3
2,1020,English Setter / Australian Shepherd,medium,1
2,1020,English Setter / English Cocker Spaniel einfärbig,medium,1
2,1020,English Setter / Mischling,medium,2
2,1020,English Springer Spaniel / Mischling,medium,1
2,1020,Entlebucher Sennenhund / Appenzeller Sennenhund,large,1
2,1020,Epagneul breton,medium,2
2,1020,Epagneul breton / Border Collie,medium,1
2,1020,Epagneul breton / Mischling,medium,2
2,1020,Eurasier,medium,2
2,1020,Eurasier / Chow-Chow,large,1
2,1020,Field Spaniel,medium,3
2,1020,Flat-Coated Retriever,large,6
2,1020,Flat-Coated Retriever / Border Collie,large,1
2,1020,Flat-Coated Retriever / Mischling,large,3
2,1020,Fox Terrier drahthaar,medium,4
2,1020,Fox Terrier drahthaar / Border Collie,medium,1
2,1020,Fox Terrier drahthaar / Mischling,medium,1
2,1020,Fox Terrier glatthaar,medium,4
2,1020,Fox Terrier glatthaar / Collie Kurzhaar (Smooth),medium,1
2,1020,Fox Terrier glatthaar / Deutsch Kurzhaar,medium,1
2,1020,Fox Terrier glatthaar / Greyhound,medium,1
2,1020,Fox Terrier glatthaar / Mischling,medium,4
2,1020,Französische Bulldogge,medium,65
2,1020,Französische Bulldogge / Jack Russell Terrier,medium,1
2,1020,Französische Bulldogge / Mischling,medium,1
2,1020,Französische Bulldogge / Mops (Carlin),medium,1
2,1020,Galgo Espanol,medium,3
2,1020,Galgo Espanol / Hannoverscher Schweisshund,medium,1
2,1020,Golden Retriever,large,63
2,1020,Golden Retriever / Berner Sennenhund,large,1
2,1020,Golden Retriever / Bichon frise,large,1
2,1020,Golden Retriever / Border Collie,large,1
2,1020,Golden Retriever / Brandlbracke,large,1
2,1020,Golden Retriever / English Cocker Spaniel einfärbig,large,1
2,1020,Golden Retriever / Grosspudel Apricot,large,1
2,1020,Golden Retriever / Grosspudel Schwarz,large,1
2,1020,Golden Retriever / Grosspudel Weiss,large,4
2,1020,Golden Retriever / Grosspudel falb aus Mehrfarben,large,1
2,1020,Golden Retriever / Kleinpudel Apricot,large,2
2,1020,Golden Retriever / Kleinspitz Weiss,large,1
2,1020,Golden Retriever / Kurzhaar Dachshund Normal,large,2
2,1020,Golden Retriever / Labradoodle,large,1
2,1020,Golden Retriever / Labrador Retriever,large,2
2,1020,Golden Retriever / Mischling,large,9
2,1020,Golden Retriever / Pudelpointer,large,1
2,1020,Golden Retriever / Welsh Corgi Pembroke,large,1
2,1020,Gordon Setter / Mischling,medium,1
2,1020,Grand griffon vendeen / Mischling,small,1
2,1020,Greyhound,medium,4
2,1020,Greyhound / Labrador Retriever,large,1
2,1020,Griffon belge,small,1
2,1020,Griffon fauve de Bretagne / Mischling,small,1
2,1020,Groenendael,large,1
2,1020,Grosspudel Apricot,large,8
2,1020,Grosspudel Apricot / Golden Retriever,large,1
2,1020,Grosspudel Braun,large,4
2,1020,Grosspudel Falb,large,1
2,1020,Grosspudel Grau / Australian Cattledog,large,1
2,1020,Grosspudel Grau / Mischling,large,1
2,1020,Grosspudel Rot,large,1
2,1020,Grosspudel Rot / Golden Retriever,large,1
2,1020,Grosspudel Rot / Grosspudel Apricot,large,1
2,1020,Grosspudel Schwarz,large,2
2,1020,Grosspudel Schwarz / Schnauzer schwarz,large,1
2,1020,Grosspudel Weiss / Deutsch Drahthaar,large,1
2,1020,Grosspudel Weiss / Golden Retriever,large,1
2,1020,Grosspudel Weiss / Labrador Retriever,large,1
2,1020,Grossspitz Braun/Schwarz,large,1
2,1020,Grossspitz Weiss / Mischling,large,1
2,1020,Grossspitz Weiss / Shiba,large,1
2,1020,Hannoverscher Schweisshund / Bayrischer Gebirgsschweisshund,medium,1
2,1020,Havaneser,small,37
2,1020,Havaneser / Bichon frise,small,1
2,1020,Havaneser / Chihuahua Langhaar,small,1
2,1020,Havaneser / Mischling,small,10
2,1020,Havaneser / Zwergpudel Apricot,medium,2
2,1020,Havaneser / Zwergpudel Schwarz,medium,1
2,1020,Havaneser / Zwergpudel schwarz aus Mehrfarben,medium,1
2,1020,Hellinikos Ichnilatis / Mischling,medium,1
2,1020,Hokkaido / Mischling,medium,1
2,1020,Holländischer Schäferhund Kurzhaar,large,1
2,1020,Holländischer Schäferhund Kurzhaar / Alaskan Malamute,large,1
2,1020,Holländischer Schäferhund Kurzhaar / Australian Shepherd,large,1
2,1020,Holländischer Schäferhund Kurzhaar / Mischling,large,3
2,1020,Holländischer Schäferhund Langhaar / Mischling,large,1
2,1020,Hovawart,large,4
2,1020,Hrvatski Ovcar / Kurzhaar Dachshund Normal,medium,1
2,1020,Hrvatski Ovcar / Mischling,medium,3
2,1020,Irish Red Setter,medium,2
2,1020,Irish Red and White Setter,medium,2
2,1020,Irish Red and White Setter / Grand Basset griffon vendeen,medium,1
2,1020,Irish Soft Coated Wheaten Terrier,medium,3
2,1020,Irish Soft Coated Wheaten Terrier / Barbet,medium,1
2,1020,Irish Soft Coated Wheaten Terrier / Fox Terrier glatthaar,medium,1
2,1020,Irish Terrier,medium,1
2,1020,Irish Terrier / Mischling,medium,1
2,1020,Irish Water Spaniel,large,1
2,1020,Irish Wolfhound,large,3
2,1020,Irish Wolfhound / Terrier Brasileiro,large,1
2,1020,Islandhund,medium,1
2,1020,Istrianer Bracke Kurzhaar (Kratkodlaki Gonic) / Mischling,medium,1
2,1020,Istrianer Bracke Kurzhaar (Kratkodlaki Gonic) / Posavski Gon,medium,1
2,1020,Italienisches Windspiel,small,9
2,1020,Jack Russell Terrier,medium,48
2,1020,Jack Russell Terrier / Beagle,medium,4
2,1020,Jack Russell Terrier / Chihuahua Kurzhaar,medium,1
2,1020,Jack Russell Terrier / Deutsch Drahthaar,medium,1
2,1020,Jack Russell Terrier / Deutsch Kurzhaar,medium,1
2,1020,Jack Russell Terrier / Deutscher Schäferhund,large,1
2,1020,Jack Russell Terrier / English Springer Spaniel,medium,1
2,1020,Jack Russell Terrier / Fox Terrier glatthaar,medium,1
2,1020,Jack Russell Terrier / Französische Bulldogge,medium,1
2,1020,Jack Russell Terrier / Istrianer Bracke Rauhhaar (Ostrodlaki,medium,1
2,1020,Jack Russell Terrier / Japanischer Spitz,medium,1
2,1020,Jack Russell Terrier / Labrador Retriever,large,2
2,1020,Jack Russell Terrier / Langhaar Dachshund Normal,medium,1
2,1020,Jack Russell Terrier / Mischling,medium,23
2,1020,Jack Russell Terrier / Sussex Spaniel,medium,1
2,1020,Jack Russell Terrier / Terrier Brasileiro,medium,1
2,1020,Jack Russell Terrier / Whippet,medium,1
2,1020,Jack Russell Terrier / Zwergspitz (Pomeranian),medium,1
2,1020,Jagdterrier,medium,1
2,1020,Japanischer Spitz,medium,3
2,1020,Japanischer Terrier,small,1
2,1020,Kangal / Mischling,large,1
2,1020,King Charles Spaniel,small,2
2,1020,Klein- oder Mittelpudel,medium,4
2,1020,Klein- oder Mittelpudel / Golden Retriever,large,1
2,1020,Klein- oder Mittelpudel / Malteser,medium,1
2,1020,Klein- oder Mittelpudel / Puli andersfarbig,medium,1
2,1020,Kleiner Münsterländer,medium,2
2,1020,Kleiner Münsterländer / Dalmatiner,medium,1
2,1020,Kleiner Münsterländer / Mischling,medium,1
2,1020,Kleinpudel Apricot,medium,4
2,1020,Kleinpudel Apricot / Golden Retriever,large,1
2,1020,Kleinpudel Apricot / Mischling,medium,1
2,1020,Kleinpudel Braun,medium,2
2,1020,Kleinpudel Falb,medium,1
2,1020,Kleinpudel Falb / English Cocker Spaniel einfärbig,medium,1
2,1020,Kleinpudel Grau,medium,1
2,1020,Kleinpudel Grau / Berner Sennenhund,large,1
2,1020,Kleinpudel Rot,medium,1
2,1020,Kleinpudel Rot / Golden Retriever,large,1
2,1020,Kleinpudel Schwarz / Pumi,medium,1
2,1020,Kleinpudel Weiss / Golden Retriever,large,1
2,1020,Kleinpudel Weiss / Labrador Retriever,large,1
2,1020,Kleinpudel Weiss / Mischling,medium,1
2,1020,Kleinpudel falb aus Mehrfarben / Labrador Retriever,large,1
2,1020,Kleinpudel falb aus Mehrfarben / Mischling,medium,1
2,1020,Kleinpudel schwarz aus Mehrfarben,medium,1
2,1020,Kleinspitz Braun/Schwarz / American Cocker Spaniel,medium,1
2,1020,Kleinspitz Braun/Schwarz / Malteser,medium,1
2,1020,Kooikerhondje / Deutscher Spitz,medium,1
2,1020,Kooikerhondje / Kromfohrländer,medium,1
2,1020,Kooikerhondje / Mischling,medium,2
2,1020,Korea Jindo Dog / Shiba,medium,1
2,1020,Kromfohrländer,medium,2
2,1020,Kurzhaar Dachshund Kaninchen,small,9
2,1020,Kurzhaar Dachshund Kaninchen / Bayrischer Gebirgsschweisshun,small,1
2,1020,Kurzhaar Dachshund Kaninchen / Beagle,medium,1
2,1020,Kurzhaar Dachshund Kaninchen / Labrador Retriever,large,1
2,1020,Kurzhaar Dachshund Kaninchen / Mischling,small,2
2,1020,Kurzhaar Dachshund Normal,small,10
2,1020,Kurzhaar Dachshund Normal / Chihuahua Kurzhaar,small,1
2,1020,Kurzhaar Dachshund Normal / Deutscher Jagdterrier,medium,1
2,1020,Kurzhaar Dachshund Normal / Deutscher Schäferhund,large,1
2,1020,Kurzhaar Dachshund Normal / Jack Russell Terrier,medium,1
2,1020,Kurzhaar Dachshund Normal / Kurzhaar Dachshund Kaninchen,small,1
2,1020,Kurzhaar Dachshund Normal / Labrador Retriever,large,1
2,1020,Kurzhaar Dachshund Normal / Mischling,small,3
2,1020,Kurzhaar Dachshund Normal / Pinscher,medium,2
2,1020,Kurzhaar Dachshund Normal / Rauhhaar Dachshund Normal,small,2
2,1020,Kurzhaar Dachshund Zwerg,small,10
2,1020,Kurzhaar Dachshund Zwerg / Zwergpudel Apricot,medium,1
2,1020,Labradoodle,medium,2
2,1020,Labradoodle / Mischling,medium,2
2,1020,Labrador Retriever,large,108
2,1020,Labrador Retriever / American Akita,large,1
2,1020,Labrador Retriever / American Cocker Spaniel,large,1
2,1020,Labrador Retriever / American Staffordshire Terrier,large,1
2,1020,Labrador Retriever / Beagle,large,1
2,1020,Labrador Retriever / Border Collie,large,2
2,1020,Labrador Retriever / Canaan Dog,large,1
2,1020,Labrador Retriever / Collie Kurzhaar (Smooth),large,1
2,1020,Labrador Retriever / Collie Langhaar (Rough),large,2
2,1020,Labrador Retriever / Dackel,large,2
2,1020,Labrador Retriever / Deutsch Drahthaar,large,1
2,1020,Labrador Retriever / Deutscher Jagdterrier,large,1
2,1020,Labrador Retriever / Deutscher Schäferhund,large,1
2,1020,Labrador Retriever / Deutscher Schäferhund Langstockhaar,large,1
2,1020,Labrador Retriever / English Cocker Spaniel einfärbig,large,1
2,1020,Labrador Retriever / Epagneul breton,large,1
2,1020,Labrador Retriever / Französische Bulldogge,large,1
2,1020,Labrador Retriever / Golden Retriever,large,3
2,1020,Labrador Retriever / Grosspudel Apricot,large,3
2,1020,Labrador Retriever / Jack Russell Terrier,large,1
2,1020,Labrador Retriever / Kleiner Münsterländer,large,1
2,1020,Labrador Retriever / Kleinpudel Schwarz,large,1
2,1020,Labrador Retriever / Kleinpudel falb aus Mehrfarben,large,1
2,1020,Labrador Retriever / Magyar Vizsla Kurzhaar,large,2
2,1020,Labrador Retriever / Mischling,large,52
2,1020,Labrador Retriever / Mudi,large,2
2,1020,Labrador Retriever / Ostsibirischer Laika,large,1
2,1020,Labrador Retriever / Rhodesian Ridgeback,large,1
2,1020,Labrador Retriever / Siberian Husky,large,1
2,1020,Labrador Retriever / Zwergpinscher,large,1
2,1020,Lagotto romagnolo,medium,36
2,1020,Lagotto romagnolo / English Cocker Spaniel einfärbig,medium,1
2,1020,Lagotto romagnolo / English Springer Spaniel,medium,1
2,1020,Lagotto romagnolo / Grosspudel Braun,large,1
2,1020,Lagotto romagnolo / Labrador Retriever,large,1
2,1020,Lagotto romagnolo / Mischling,medium,1
2,1020,Lancashire Heeler / Mischling,small,1
2,1020,Lancashire Heeler / Zwergpinscher,medium,1
2,1020,Landseer,large,1
2,1020,Langhaar Dachshund Kaninchen,small,2
2,1020,Langhaar Dachshund Kaninchen / English Cocker Spaniel mehrfä,medium,1
2,1020,Langhaar Dachshund Kaninchen / Mischling,small,1
2,1020,Langhaar Dachshund Normal,small,3
2,1020,Langhaar Dachshund Normal / Chihuahua Langhaar,small,1
2,1020,Langhaar Dachshund Normal / Jack Russell Terrier,medium,2
2,1020,Langhaar Dachshund Normal / Mischling,small,4
2,1020,Langhaar Dachshund Zwerg,small,8
2,1020,Leonberger,large,1
2,1020,Lhasa Apso,small,2
2,1020,Luzerner Laufhund,medium,1
2,1020,Magyar Agar,large,1
2,1020,Magyar Vizsla Drahthaar,medium,5
2,1020,Magyar Vizsla Drahthaar / Bracke,medium,1
2,1020,Magyar Vizsla Drahthaar / Deutsch Drahthaar,medium,1
2,1020,Magyar Vizsla Drahthaar / Magyar Vizsla Kurzhaar,medium,1
2,1020,Magyar Vizsla Drahthaar / Mischling,medium,1
2,1020,Magyar Vizsla Drahthaar / Puli andersfarbig,medium,1
2,1020,Magyar Vizsla Drahthaar / Westsibirischer Laika,large,1
2,1020,Magyar Vizsla Kurzhaar,medium,6
2,1020,Magyar Vizsla Kurzhaar / Deutsch Kurzhaar,medium,1
2,1020,Magyar Vizsla Kurzhaar / Slovensky Kopov,medium,1
2,1020,Malinois,medium,7
2,1020,Malinois / Mischling,medium,3
2,1020,Malteser,small,114
2,1020,Malteser / Bichon frise,small,1
2,1020,Malteser / Grosspudel Apricot,large,1
2,1020,Malteser / Grosspudel Braun,large,1
2,1020,Malteser / Havaneser,small,1
2,1020,Malteser / Klein- oder Mittelpudel,medium,1
2,1020,Malteser / Kleinpudel Apricot,medium,3
2,1020,Malteser / Kleinpudel Braun,medium,2
2,1020,Malteser / Kleinpudel Weiss,medium,1
2,1020,Malteser / Mehrfarben Zwergpudel schwarz weiss,medium,1
2,1020,Malteser / Mischling,small,12
2,1020,Malteser / Pekingese,small,1
2,1020,Malteser / Pudel,medium,7
2,1020,Malteser / Pudelpointer,medium,6
2,1020,Malteser / Rauhhaar Dachshund Normal,small,1
2,1020,Malteser / Tibetan Terrier,medium,1
2,1020,Malteser / Toypudel Apricot,medium,2
2,1020,Malteser / Toypudel Braun,medium,3
2,1020,Malteser / Toypudel Weiss,medium,1
2,1020,Malteser / Yorkshire Terrier,small,2
2,1020,Malteser / Zwergpudel Apricot,medium,9
2,1020,Malteser / Zwergpudel Rot,medium,1
2,1020,Malteser / Zwergpudel Weiss,medium,1
2,1020,Malteser / Zwergpudel falb aus Mehrfarben,medium,1
2,1020,Malteser / Zwergpudel schwarz aus Mehrfarben,medium,1
2,1020,Manchester Terrier,medium,2
2,1020,Mastino Napoletano,large,1
2,1020,Mehrfarben Kleinpudel schwarz loh,medium,1
2,1020,Mehrfarben Kleinpudel schwarz loh / Flat-Coated Retriever,large,1
2,1020,Mehrfarben Kleinpudel schwarz weiss / Berner Sennenhund,large,1
2,1020,Mehrfarbenpudel schwarz-loh,medium,1
2,1020,Miniatur Bull Terrier,medium,3
2,1020,Mittelspitz Braun/Schwarz,medium,1
2,1020,Mittelspitz Braun/Schwarz / English Cocker Spaniel einfärbig,medium,1
2,1020,Mittelspitz Braun/Schwarz / Langhaar Dachshund Normal,medium,1
2,1020,Mittelspitz Neufarben,medium,2
2,1020,Mops (Carlin),small,25
2,1020,Mops (Carlin) / Chihuahua Kurzhaar,small,1
2,1020,Mops (Carlin) / Malinois,medium,1
2,1020,Mops (Carlin) / Mischling,small,1
2,1020,Mudi / Border Collie,medium,1
2,1020,Mudi / Fox Terrier drahthaar,medium,1
2,1020,Mudi / Hrvatski Ovcar,medium,1
2,1020,Mudi / Mischling,medium,2
2,1020,Norfolk Terrier,small,2
2,1020,Norfolk Terrier / Mischling,small,1
2,1020,Norfolk Terrier / Shih Tzu,small,1
2,1020,Norwich Terrier,small,1
2,1020,Nova Scotia Duck Tolling Retriever,medium,2
2,1020,Nova Scotia Duck Tolling Retriever / Australian Shepherd,medium,1
2,1020,Old English Sheepdog (Bobtail),large,1
2,1020,Old English Sheepdog (Bobtail) / Irish Soft Coated Wheaten T,large,1
2,1020,Olde English Bulldogge,large,1
2,1020,Papillon,small,8
2,1020,Papillon / Mischling,small,1
2,1020,Parson Russell Terrier,medium,14
2,1020,Parson Russell Terrier / Mischling,medium,3
2,1020,Parson Russell Terrier / West Highland White Terrier,medium,1
2,1020,Pekingese,small,9
2,1020,Pekingese / Jack Russell Terrier,medium,1
2,1020,Pekingese / Mischling,small,11
2,1020,Perro de agua Espanol,medium,5
2,1020,Petit brabancon,small,1
2,1020,Phalene,small,1
2,1020,Pinscher,medium,2
2,1020,Pinscher / Jack Russell Terrier,medium,1
2,1020,Pinscher / Labrador Retriever,large,1
2,1020,Pinscher / Mischling,medium,2
2,1020,Pit Bull Terrier,large,5
2,1020,Pit Bull Terrier / Dogo Argentino,large,1
2,1020,Pit Bull Terrier / Labrador Retriever,large,1
2,1020,Pit Bull Terrier / Mischling,large,4
2,1020,Pit Bull Terrier / Staffordshire Bullterrier,large,1
2,1020,Podenco Canario,medium,3
2,1020,Podenco Canario / Shiba,medium,1
2,1020,Podenco Ibicenco Kurzhaar / Basenji,medium,1
2,1020,Podengo Portugues Kurzhaar Medio / Yorkshire Terrier,medium,1
2,1020,Podengo Portugues Rauhhaar Pequeno / Mischling,small,1
2,1020,Polski Owczarek Nizinny,medium,1
2,1020,Porcelaine / Galgo Espanol,medium,1
2,1020,Posavski Gonic,medium,1
2,1020,Posavski Gonic / Mischling,medium,1
2,1020,Pudel,medium,17
2,1020,Pudel / Dackel,medium,1
2,1020,Pudel / English Cocker Spaniel mehrfärbig,medium,1
2,1020,Pudel / Golden Retriever,large,1
2,1020,Pudel / Malteser,medium,1
2,1020,Pudel / Mischling,medium,2
2,1020,Pudelpointer,medium,3
2,1020,Pudelpointer / Golden Retriever,large,1
2,1020,Pudelpointer / Mischling,medium,1
2,1020,Pudelpointer / Puli weiss,medium,1
2,1020,Pudelpointer / Spinone Italiano,large,1
2,1020,Puli andersfarbig / Mischling,medium,1
2,1020,Pumi / Greyhound,medium,1
2,1020,Pumi / Mischling,medium,3
2,1020,Pumi / Puli andersfarbig,medium,1
2,1020,Pyrenäen Berghund,large,1
2,1020,Pyrenäen Berghund / Mischling,large,1
2,1020,Rauhhaar Dachshund Kaninchen,small,3
2,1020,Rauhhaar Dachshund Normal,small,9
2,1020,Rauhhaar Dachshund Normal / Deutscher Schäferhund,large,1
2,1020,Rauhhaar Dachshund Normal / Grosspudel Schwarz,large,1
2,1020,Rauhhaar Dachshund Normal / Mischling,small,1
2,1020,Rauhhaar Dachshund Normal / Norfolk Terrier,small,1
2,1020,Rauhhaar Dachshund Normal / Yorkshire Terrier,small,2
2,1020,Rauhhaar Dachshund Zwerg,small,12
2,1020,Rhodesian Ridgeback,large,6
2,1020,Rhodesian Ridgeback / Deutscher Boxer gelb,large,1
2,1020,Rhodesian Ridgeback / Drever,large,1
2,1020,Rhodesian Ridgeback / Labrador Retriever,large,1
2,1020,Rhodesian Ridgeback / Malinois,large,1
2,1020,Rhodesian Ridgeback / Mischling,large,1
2,1020,Riesenschnauzer pfeffer-salz,large,1
2,1020,Riesenschnauzer schwarz,large,1
2,1020,Riesenschnauzer schwarz / Deutsch Drahthaar,large,1
2,1020,Rottweiler,large,8
2,1020,Rottweiler / Mischling,large,1
2,1020,Russkiy Toy Kurzhaar,small,2
2,1020,Saluki,large,2
2,1020,Saluki / Mischling,large,1
2,1020,Samojede,large,10
2,1020,Samojede / Golden Retriever,large,1
2,1020,Samojede / Mischling,large,1
2,1020,Schipperke,small,2
2,1020,Schipperke / Mischling,small,1
2,1020,Schipperke / Zwergpinscher,medium,1
2,1020,Schnauzer pfeffersalz,medium,1
2,1020,Schnauzer pfeffersalz / Mischling,medium,7
2,1020,Schnauzer schwarz / Border Terrier,medium,1
2,1020,Schnauzer schwarz / Kleinpudel Schwarz,medium,1
2,1020,Schnauzer schwarz / Mischling,medium,1
2,1020,Schnauzer schwarz / Schwarzer Terrier,large,1
2,1020,Schwarzer Terrier,large,1
2,1020,Schwarzer Terrier / Finnischer Laufhund (Suomenajokoira),large,1
2,1020,Schwarzer Terrier / Mischling,large,1
2,1020,Scottish Terrier,medium,1
2,1020,Scottish Terrier / Schnauzer pfeffersalz,medium,1
2,1020,Shar Pei,medium,7
2,1020,Shar Pei / Beagle,medium,1
2,1020,Shar Pei / Labrador Retriever,large,1
2,1020,Shar Pei / Mischling,medium,1
2,1020,Shetland Sheepdog,medium,12
2,1020,Shiba,medium,16
2,1020,Shiba / Mischling,medium,4
2,1020,Shih Tzu,small,35
2,1020,Shiloh Shepherd,large,1
2,1020,Siberian Husky,large,12
2,1020,Siberian Husky / Australian Shepherd,large,1
2,1020,Siberian Husky / Deutscher Schäferhund,large,1
2,1020,Siberian Husky / Labrador Retriever,large,1
2,1020,Siberian Husky / Mischling,large,5
2,1020,Siberian Husky / Welsh Corgi Pembroke,large,1
2,1020,Slovensky Kopov,medium,1
2,1020,Slovensky Kopov / Bosanski Ostrodlaki Gonic - Barac,medium,1
2,1020,Spinone Italiano,large,1
2,1020,Spitz,medium,6
2,1020,Spitz / Border Collie,medium,1
2,1020,Spitz / Labrador Retriever,large,1
2,1020,Spitz / Mischling,medium,4
2,1020,Srpski Gonic / Beagle,medium,1
2,1020,Srpski Gonic / Harrier,medium,1
2,1020,St. Bernhardshund Kurzhaar / Irish Wolfhound,large,1
2,1020,Stabyhoun,medium,1
2,1020,Staffordshire Bullterrier,medium,6
2,1020,Taiwan Dog / Mischling,medium,1
2,1020,Tervueren,large,1
2,1020,Tibetan Terrier,medium,3
2,1020,Tibetan Terrier / Havaneser,medium,1
2,1020,Tibetan Terrier / Mischling,medium,1
2,1020,Tiroler Bracke / Tiroler Bracke,medium,1
2,1020,Tornjak,large,1
2,1020,Toypudel Apricot,medium,8
2,1020,Toypudel Apricot / Malteser,medium,1
2,1020,Toypudel Braun,medium,9
2,1020,Toypudel Falb,medium,2
2,1020,Toypudel Rot,medium,5
2,1020,Toypudel Schwarz,medium,1
2,1020,Toypudel Weiss,medium,2
2,1020,Toypudel schwarz aus Mehrfarben,medium,1
2,1020,Tschechoslowakischer Wolfhund,large,1
2,1020,Tschechoslowakischer Wolfhund / Mischling,large,1
2,1020,Unbekannt,unknown,64
2,1020,Unbekannt / Mischling,unknown,265
2,1020,Volpino Italiano,small,1
2,1020,Västgötaspets / Mischling,medium,1
2,1020,Weimaraner Kurzhaar,large,4
2,1020,Welsh Corgi Cardigan,medium,2
2,1020,Welsh Corgi Cardigan / Basenji,medium,1
2,1020,Welsh Corgi Cardigan / Welsh Corgi Pembroke,medium,1
2,1020,Welsh Corgi Pembroke,medium,26
2,1020,Welsh Corgi Pembroke / Border Collie,medium,1
2,1020,Welsh Corgi Pembroke / Kurzhaar Dachshund Normal,medium,1
2,1020,Welsh Corgi Pembroke / Langhaar Dachshund Kaninchen,medium,1
2,1020,Welsh Corgi Pembroke / Mischling,medium,2
2,1020,Welsh Terrier,medium,3
2,1020,West Highland White Terrier,small,11
2,1020,Whippet,medium,22
2,1020,Whippet / Italienisches Windspiel,medium,1
2,1020,Whippet / Mischling,medium,1
2,1020,Whippet / Podenco Ibicenco Kurzhaar,medium,1
2,1020,Windhund,large,2
2,1020,Wolfspitz,large,2
2,1020,Wolfspitz / Australian Shepherd,large,1
2,1020,Wolfspitz / Deutscher Spitz,large,1
2,1020,Xoloitzcuintle Miniatura,small,1
2,1020,Yorkshire Terrier,small,84
2,1020,Yorkshire Terrier / Malteser,small,1
2,1020,Yorkshire Terrier / Mischling,small,10
2,1020,Yorkshire Terrier / Rauhhaar Dachshund Zwerg,small,1
2,1020,Yorkshire Terrier / Welsh Terrier,medium,1
2,1020,Yorkshire Terrier / Österreichischer Pinscher,medium,1
2,1020,Zwergpinscher,medium,13
2,1020,Zwergpinscher / Afghanischer Windhund,large,1
2,1020,Zwergpinscher / Chihuahua Kurzhaar,medium,1
2,1020,Zwergpinscher / Mischling,medium,10
2,1020,Zwergpinscher / Mittelspitz Braun/Schwarz,medium,1
2,1020,Zwergpudel Apricot,medium,30
2,1020,Zwergpudel Apricot / Cavalier King Charles Spaniel,medium,1
2,1020,Zwergpudel Apricot / Havaneser,medium,1
2,1020,Zwergpudel Apricot / Malteser,medium,1
2,1020,Zwergpudel Apricot / Mischling,medium,1
2,1020,Zwergpudel Braun,medium,3
2,1020,Zwergpudel Braun / Malteser,medium,1
2,1020,Zwergpudel Falb,medium,2
2,1020,Zwergpudel Grau,medium,2
2,1020,Zwergpudel Rot,medium,7
2,1020,Zwergpudel Schwarz,medium,3
2,1020,Zwergpudel Schwarz / Mischling,medium,1
2,1020,Zwergpudel Weiss,medium,2
2,1020,Zwergpudel falb aus Mehrfarben,medium,1
2,1020,Zwergpudel schwarz aus Mehrfarben,medium,3
2,1020,Zwergschnauzer pfeffer-salz,medium,11
2,1020,Zwergschnauzer pfeffer-salz / Malteser,medium,1
2,1020,Zwergschnauzer schwarz,medium,1
2,1020,Zwergschnauzer schwarz-silber,medium,1
2,1020,Zwergschnauzer weiss / Zwergschnauzer schwarz,medium,1
2,1020,Zwergspitz (Pomeranian),medium,54
2,1020,Zwergspitz (Pomeranian) / Chihuahua Kurzhaar,medium,1
2,1020,Zwergspitz (Pomeranian) / Chihuahua Langhaar,medium,1
2,1020,Zwergspitz (Pomeranian) / Jack Russell Terrier,medium,1
2,1020,Zwergspitz (Pomeranian) / Malteser,medium,1
2,1020,Zwergspitz (Pomeranian) / Mischling,medium,4
2,1020,Zwergspitz (Pomeranian) / Welsh Corgi Pembroke,medium,1
2,1020,Zwergspitz (Pomeranian) / Zwergpinscher,medium,1
2,1020,Österreichischer Pinscher,medium,4
2,1020,Österreichischer Pinscher / Dackel,medium,1
2,1020,Österreichischer Pinscher / Mischling,medium,9
3,1030,Affenpinscher / Mischling,medium,1
3,1030,Afghanischer Windhund,large,2
3,1030,Aidi / Mischling,medium,1
3,1030,Airedale Terrier,medium,3
3,1030,Airedale Terrier / Border Terrier,medium,1
3,1030,Airedale Terrier / Mischling,medium,1
3,1030,Akita,large,12
3,1030,Akita / Deutscher Schäferhund,large,1
3,1030,Alaskan Malamute / Belgischer Schäferhund,large,1
3,1030,Alpenländische Dachsbracke,medium,1
3,1030,Alpenländische Dachsbracke / Mischling,medium,3
3,1030,American Akita,large,2
3,1030,American Bulldog,large,1
3,1030,American Bully,large,1
3,1030,American Cocker Spaniel,medium,1
3,1030,American Cocker Spaniel / Zwergpudel Apricot,medium,2
3,1030,American Shepherd,medium,1
3,1030,American Staffordshire Terrier,large,37
3,1030,American Staffordshire Terrier / Labrador Retriever,large,1
3,1030,American Staffordshire Terrier / Mischling,large,6
3,1030,American Staffordshire Terrier / Pit Bull Terrier,large,1
3,1030,American Staffordshire Terrier / Rhodesian Ridgeback,large,1
3,1030,Appenzeller Sennenhund,large,2
3,1030,Appenzeller Sennenhund / Border Collie,large,1
3,1030,Appenzeller Sennenhund / Mischling,large,1
3,1030,Australian Cattledog / Border Collie,medium,1
3,1030,Australian Cattledog / Deutscher Schäferhund,large,1
3,1030,Australian Cattledog / Jack Russell Terrier,medium,1
3,1030,Australian Cattledog / Schipperke,medium,1
3,1030,Australian Kelpie / Deutscher Schäferhund,large,1
3,1030,Australian Shepherd,medium,25
3,1030,Australian Shepherd / Border Collie,medium,1
3,1030,Australian Shepherd / Ciobanesc Romanesc Carpatin,large,1
3,1030,Australian Shepherd / Collie Kurzhaar (Smooth),medium,1
3,1030,Australian Shepherd / Deutscher Schäferhund,large,1
3,1030,Australian Shepherd / Golden Retriever,large,1
3,1030,Australian Shepherd / Grosspudel Weiss,large,1
3,1030,Australian Shepherd / Jack Russell Terrier,medium,3
3,1030,Australian Shepherd / Klein- oder Mittelpudel,medium,1
3,1030,Australian Shepherd / Labrador Retriever,large,1
3,1030,Australian Shepherd / Mischling,medium,4
3,1030,Australian Shepherd / Toypudel Apricot,medium,1
3,1030,Azawakh / Labrador Retriever,large,1
3,1030,Barbet,medium,4
3,1030,Barsoi,large,1
3,1030,Basenji,medium,2
3,1030,Basenji / Mischling,medium,1
3,1030,Basset artesien normand / Mischling,medium,1
3,1030,Bayrischer Gebirgsschweisshund,medium,4
3,1030,Beagle,medium,31
3,1030,Beagle / Border Collie,medium,1
3,1030,Beagle / Collie Kurzhaar (Smooth),medium,1
3,1030,Beagle / Golden Retriever,large,1
3,1030,Beagle / Istrianer Bracke Kurzhaar (Kratkodlaki Gonic),medium,1
3,1030,Beagle / Jack Russell Terrier,medium,1
3,1030,Beagle / Labrador Retriever,large,1
3,1030,Beagle / Langhaar Dachshund Normal,medium,1
3,1030,Beagle / Mischling,medium,8
3,1030,Beagle / Zwergpinscher,medium,1
3,1030,Beagle Harrier / Saluki,large,1
3,1030,Bearded Collie,medium,2
3,1030,Bedlington Terrier / Mischling,medium,1
3,1030,Belgischer Schäferhund,large,6
3,1030,Belgischer Schäferhund / Collie Langhaar (Rough),large,1
3,1030,Belgischer Schäferhund / Jack Russell Terrier,large,1
3,1030,Belgischer Schäferhund / Magyar Vizsla Kurzhaar,large,1
3,1030,Belgischer Schäferhund / Malinois,large,1
3,1030,Belgischer Schäferhund / Mischling,large,2
3,1030,Berger Blanc Suisse,large,4
3,1030,Berger de Beauce (Beauceron),large,2
3,1030,Berger de Beauce (Beauceron) / Mischling,large,1
3,1030,Berger de Brie (Briard),large,1
3,1030,Berger des Pyrenees a face rase,medium,1
3,1030,Berger des Pyrenees a face rase / Mischling,medium,1
3,1030,Berger des Pyrenees a poil long,medium,1
3,1030,Berner Laufhund / Hovawart,large,1
3,1030,Berner Sennenhund,large,6
3,1030,Berner Sennenhund / Mischling,large,1
3,1030,Berner Sennenhund / Toypudel Weiss,large,1
3,1030,Bichon frise,small,10
3,1030,Bichon frise / Havaneser,small,2
3,1030,Bichon frise / Malteser,small,2
3,1030,Biewer Terrier,small,1
3,1030,Biewer Terrier / Yorkshire Terrier,small,1
3,1030,Black and Tan Coonhound / Mischling,large,1
3,1030,Bologneser / Kleinpudel Weiss,medium,1
3,1030,Bologneser / Parson Russell Terrier,medium,1
3,1030,Bolonka Zwetna,small,9
3,1030,Border Collie,medium,34
3,1030,Border Collie / Australian Cattledog,medium,1
3,1030,Border Collie / Belgischer Schäferhund,large,1
3,1030,Border Collie / Dalmatiner,medium,1
3,1030,Border Collie / Deutscher Schäferhund,large,1
3,1030,Border Collie / Jack Russell Terrier,medium,1
3,1030,Border Collie / Labrador Retriever,large,1
3,1030,Border Collie / Mischling,medium,9
3,1030,Border Collie / Sarplaninac,large,1
3,1030,Border Collie / Siberian Husky,large,1
3,1030,Border Terrier,medium,4
3,1030,Border Terrier / Golden Retriever,large,1
3,1030,Boston Terrier,medium,6
3,1030,Boston Terrier / Mischling,medium,1
3,1030,Bouvier des Flandres,large,1
3,1030,Bracco Italiano,large,1
3,1030,Bracke,medium,1
3,1030,Bracke / Beagle,medium,1
3,1030,Bracke / Mischling,medium,2
3,1030,Bracke / Schnauzer pfeffersalz,medium,1
3,1030,Brandlbracke,medium,1
3,1030,Brandlbracke / Kurzhaar Dachshund Normal,medium,1
3,1030,Brandlbracke / Mischling,medium,1
3,1030,Brandlbracke / Slovensky Kopov,medium,1
3,1030,Braque d'Auvergne,large,1
3,1030,Braque du Bourbonnais / Airedale Terrier,large,1
3,1030,Bull Terrier (Standard) / Mischling,medium,1
3,1030,Bulldog,medium,12
3,1030,Cairn Terrier,small,3
3,1030,Cairn Terrier / Langhaar Dachshund Normal,small,1
3,1030,Cairn Terrier / Mischling,small,1
3,1030,Cane Corso Italiano,large,3
3,1030,Cao de Agua Portugues (Portug. Wasserhund),large,7
3,1030,Catahoula Leopard Dog,large,1
3,1030,Cavalier King Charles Spaniel,small,14
3,1030,Cavalier King Charles Spaniel / Kleinpudel Apricot,medium,1
3,1030,Cavalier King Charles Spaniel / Mischling,small,1
3,1030,Cavalier King Charles Spaniel / Pudel,medium,2
3,1030,Cavalier King Charles Spaniel / Zwergpudel Apricot,medium,1
3,1030,Cavalier King Charles Spaniel / Zwergpudel Braun,medium,2
3,1030,Cesky Terrier,medium,1
3,1030,Chihuahua Kurzhaar,small,87
3,1030,Chihuahua Kurzhaar / Deutscher Pinscher,medium,1
3,1030,Chihuahua Kurzhaar / Greyhound,medium,1
3,1030,Chihuahua Kurzhaar / Kurzhaar Dachshund Normal,small,1
3,1030,Chihuahua Kurzhaar / Malteser,small,1
3,1030,Chihuahua Kurzhaar / Mischling,small,14
3,1030,Chihuahua Kurzhaar / Mops (Carlin),small,1
3,1030,Chihuahua Kurzhaar / Pekingese,small,1
3,1030,Chihuahua Kurzhaar / Pinscher,medium,1
3,1030,Chihuahua Kurzhaar / Pudel,medium,1
3,1030,Chihuahua Kurzhaar / Spitz,medium,1
3,1030,Chihuahua Langhaar,small,41
3,1030,Chihuahua Langhaar / Cairn Terrier,small,1
3,1030,Chihuahua Langhaar / Jack Russell Terrier,medium,2
3,1030,Chihuahua Langhaar / Mischling,small,2
3,1030,Chihuahua Langhaar / Pinscher,medium,1
3,1030,Chihuahua Langhaar / Russkiy Toy Kurzhaar,small,1
3,1030,Chinese Crested Dog hairless,small,1
3,1030,Chow-Chow,large,5
3,1030,Chow-Chow / Australian Shepherd,large,1
3,1030,Chow-Chow / Cavalier King Charles Spaniel,large,1
3,1030,Chow-Chow / Kurzhaar Dachshund Normal,large,1
3,1030,Cockerpoo,medium,1
3,1030,Cockerpoo / Klein- oder Mittelpudel,medium,1
3,1030,Collie Kurzhaar (Smooth),medium,1
3,1030,Collie Kurzhaar (Smooth) / Deutscher Schäferhund,large,1
3,1030,Collie Kurzhaar (Smooth) / Mischling,medium,1
3,1030,Collie Langhaar (Rough),medium,5
3,1030,Collie Langhaar (Rough) / Golden Retriever,large,1
3,1030,Collie Langhaar (Rough) / Mischling,medium,2
3,1030,Collie Langhaar (Rough) / Zwergschnauzer pfeffer-salz,medium,1
3,1030,Coton de Tulear,small,5
3,1030,Dackel,small,29
3,1030,Dackel / Deutscher Pinscher,medium,1
3,1030,Dackel / Mischling,small,20
3,1030,Dalmatiner,medium,10
3,1030,Dalmatiner / Mischling,medium,2
3,1030,Dansk-Svensk Gardshund,medium,2
3,1030,Deutsch Drahthaar,medium,4
3,1030,Deutsch Drahthaar / Jack Russell Terrier,medium,1
3,1030,Deutsch Drahthaar / Mischling,medium,2
3,1030,Deutsch Kurzhaar,medium,6
3,1030,Deutsch Kurzhaar / Jack Russell Terrier,medium,1
3,1030,Deutsch Langhaar,medium,1
3,1030,Deutsche Dogge gefleckt,large,1
3,1030,Deutsche Dogge schwarz,large,2
3,1030,Deutscher Boxer gelb,large,2
3,1030,Deutscher Boxer gelb / American Staffordshire Terrier,large,1
3,1030,Deutscher Boxer gelb / Dackel,large,1
3,1030,Deutscher Boxer gelb / Mischling,large,1
3,1030,Deutscher Boxer gestromt,large,1
3,1030,Deutscher Boxer gestromt / Kurzhaar Dachshund Normal,large,1
3,1030,Deutscher Jagdterrier,medium,2
3,1030,Deutscher Jagdterrier / Mischling,medium,1
3,1030,Deutscher Jagdterrier / Schwarzer Terrier,large,1
3,1030,Deutscher Jagdterrier / Srpski Gonic,medium,1
3,1030,Deutscher Pinscher,medium,2
3,1030,Deutscher Pinscher / King Charles Spaniel,medium,1
3,1030,Deutscher Pinscher / Mischling,medium,3
3,1030,Deutscher Pinscher / Yorkshire Terrier,medium,1
3,1030,Deutscher Schäferhund,large,27
3,1030,Deutscher Schäferhund / Belgischer Schäferhund,large,1
3,1030,Deutscher Schäferhund / Berner Sennenhund,large,2
3,1030,Deutscher Schäferhund / Chihuahua Kurzhaar,large,1
3,1030,Deutscher Schäferhund / Collie Kurzhaar (Smooth),large,2
3,1030,Deutscher Schäferhund / Collie Langhaar (Rough),large,1
3,1030,Deutscher Schäferhund / Dackel,large,1
3,1030,Deutscher Schäferhund / Golden Retriever,large,1
3,1030,Deutscher Schäferhund / Greyhound,large,1
3,1030,Deutscher Schäferhund / Labrador Retriever,large,2
3,1030,Deutscher Schäferhund / Leonberger,large,1
3,1030,Deutscher Schäferhund / Mischling,large,15
3,1030,Deutscher Schäferhund / Ostsibirischer Laika,large,1
3,1030,Deutscher Schäferhund / Parson Russell Terrier,large,2
3,1030,Deutscher Schäferhund / Siberian Husky,large,1
3,1030,Deutscher Schäferhund / Welsh Corgi Cardigan,large,1
3,1030,Deutscher Schäferhund / Welsh Corgi Pembroke,large,2
3,1030,Deutscher Schäferhund Langstockhaar,large,1
3,1030,Deutscher Schäferhund Langstockhaar / Bracke,large,1
3,1030,Deutscher Schäferhund Langstockhaar / Coban Köpegi (Anatolis,large,1
3,1030,Deutscher Schäferhund Langstockhaar / Mischling,large,2
3,1030,Deutscher Spitz,medium,3
3,1030,Dobermann braun-rot,large,2
3,1030,Dobermann braun-rot / Mischling,large,3
3,1030,Dobermann schwarz-rot,large,2
3,1030,Dogo Argentino,large,1
3,1030,Elo,medium,1
3,1030,English Cocker Spaniel einfärbig,medium,15
3,1030,English Cocker Spaniel einfärbig / Border Collie,medium,1
3,1030,English Cocker Spaniel einfärbig / Deutscher Pinscher,medium,1
3,1030,English Cocker Spaniel einfärbig / English Cocker Spaniel me,medium,1
3,1030,English Cocker Spaniel einfärbig / Klein- oder Mittelpudel,medium,2
3,1030,English Cocker Spaniel einfärbig / Kleinpudel Apricot,medium,1
3,1030,English Cocker Spaniel einfärbig / Langhaar Dachshund Kaninc,medium,1
3,1030,English Cocker Spaniel einfärbig / Mischling,medium,1
3,1030,English Cocker Spaniel einfärbig / Pudel,medium,1
3,1030,English Cocker Spaniel mehrfärbig,medium,15
3,1030,English Cocker Spaniel mehrfärbig / Grosspudel Apricot,large,1
3,1030,English Cocker Spaniel mehrfärbig / Mischling,medium,4
3,1030,English Cocker Spaniel mehrfärbig / Zwergpudel Apricot,medium,1
3,1030,English Foxhound / Mischling,large,1
3,1030,English Pointer,medium,3
3,1030,English Pointer / Dalmatiner,medium,1
3,1030,English Pointer / English Setter,medium,1
3,1030,English Pointer / Mischling,medium,2
3,1030,English Pointer / Podenco Ibicenco Kurzhaar,medium,1
3,1030,English Setter,medium,4
3,1030,English Setter / Jack Russell Terrier,medium,1
3,1030,English Setter / Mischling,medium,2
3,1030,English Springer Spaniel,medium,5
3,1030,English Springer Spaniel / Mischling,medium,1
3,1030,English Toy Terrier,small,1
3,1030,Entlebucher Sennenhund,medium,4
3,1030,Entlebucher Sennenhund / Appenzeller Sennenhund,large,1
3,1030,Epagneul breton,medium,2
3,1030,Epagneul breton / Epagneul francais,medium,1
3,1030,Epagneul breton / Mischling,medium,1
3,1030,Eurasier,medium,1
3,1030,Eurasier / Pit Bull Terrier,large,1
3,1030,Field Spaniel,medium,1
3,1030,Finnen-Spitz / Jack Russell Terrier,medium,1
3,1030,Finnischer Lapphund (Suomen Lapinkoira),medium,1
3,1030,Flat-Coated Retriever,large,11
3,1030,Flat-Coated Retriever / Labrador Retriever,large,1
3,1030,Flat-Coated Retriever / Mischling,large,1
3,1030,Fox Terrier drahthaar,medium,1
3,1030,Fox Terrier drahthaar / Fox Terrier glatthaar,medium,1
3,1030,Fox Terrier drahthaar / Jack Russell Terrier,medium,1
3,1030,Fox Terrier drahthaar / Malteser,medium,1
3,1030,Fox Terrier drahthaar / Mischling,medium,2
3,1030,Fox Terrier glatthaar,medium,6
3,1030,Fox Terrier glatthaar / Jack Russell Terrier,medium,1
3,1030,Fox Terrier glatthaar / Mischling,medium,2
3,1030,Fox Terrier glatthaar / Pekingese,medium,1
3,1030,Fox Terrier glatthaar / Pinscher,medium,1
3,1030,Französische Bulldogge,medium,71
3,1030,Französische Bulldogge / American Cocker Spaniel,medium,1
3,1030,Französische Bulldogge / Klein- oder Mittelpudel,medium,1
3,1030,Französische Bulldogge / Mischling,medium,2
3,1030,Galgo Espanol,medium,3
3,1030,Galgo Espanol / Labrador Retriever,large,1
3,1030,Galgo Espanol / Mischling,medium,1
3,1030,Golden Retriever,large,53
3,1030,Golden Retriever / Australian Shepherd,large,1
3,1030,Golden Retriever / Border Collie,large,1
3,1030,Golden Retriever / Deutscher Schäferhund,large,1
3,1030,Golden Retriever / English Cocker Spaniel einfärbig,large,1
3,1030,Golden Retriever / English Cocker Spaniel mehrfärbig,large,1
3,1030,Golden Retriever / Flat-Coated Retriever,large,1
3,1030,Golden Retriever / Grosspudel Rot,large,1
3,1030,Golden Retriever / Kleinpudel Apricot,large,1
3,1030,Golden Retriever / Kurzhaar Dachshund Normal,large,1
3,1030,Golden Retriever / Mischling,large,7
3,1030,Golden Retriever / Pudel,large,1
3,1030,Golden Retriever / Siberian Husky,large,1
3,1030,Gonczy Polski,medium,2
3,1030,Gordon Setter,medium,3
3,1030,Gos d'Atura Catala,medium,1
3,1030,Greyhound,medium,4
3,1030,Greyhound / Jack Russell Terrier,medium,1
3,1030,Greyhound / Mischling,medium,1
3,1030,Griffon belge,small,2
3,1030,Griffon bruxellois,small,3
3,1030,Grosspudel Apricot,large,5
3,1030,Grosspudel Apricot / Mischling,large,1
3,1030,Grosspudel Braun,large,1
3,1030,Grosspudel Falb,large,1
3,1030,Grosspudel Grau,large,1
3,1030,Grosspudel Schwarz,large,4
3,1030,Grosspudel Weiss,large,2
3,1030,Grosspudel Weiss / Golden Retriever,large,2
3,1030,Grosspudel falb aus Mehrfarben,large,1
3,1030,Grosspudel schwarz aus Mehrfarben,large,1
3,1030,Grosspudel schwarz aus Mehrfarben / Labrador Retriever,large,1
3,1030,Grossspitz Weiss / Mischling,large,1
3,1030,Havaneser,small,24
3,1030,Havaneser / Bichon frise,small,2
3,1030,Havaneser / English Cocker Spaniel mehrfärbig,medium,1
3,1030,Havaneser / Golden Retriever,large,1
3,1030,Havaneser / Kleinpudel Weiss,medium,1
3,1030,Havaneser / Mischling,small,5
3,1030,Havaneser / Pinscher,medium,1
3,1030,Havaneser / Pudelpointer,medium,1
3,1030,Havaneser / Toypudel Weiss,medium,1
3,1030,Havaneser / Toypudel falb aus Mehrfarben,medium,1
3,1030,Hellinikos Ichnilatis,medium,1
3,1030,Holländischer Schäferhund Kurzhaar,large,1
3,1030,Holländischer Schäferhund Kurzhaar / Labrador Retriever,large,1
3,1030,Holländischer Schäferhund Kurzhaar / Mischling,large,1
3,1030,Hrvatski Ovcar,medium,1
3,1030,Hrvatski Ovcar / Mischling,medium,1
3,1030,Hrvatski Ovcar / Pekingese,medium,1
3,1030,Irish Glen of Imaal Terrier / Mischling,medium,1
3,1030,Irish Red Setter,medium,2
3,1030,Irish Red Setter / Grosspudel Apricot,large,2
3,1030,Irish Soft Coated Wheaten Terrier,medium,1
3,1030,Irish Terrier,medium,8
3,1030,Irish Wolfhound,large,1
3,1030,Irish Wolfhound / Alaskan Malamute,large,1
3,1030,Istrianer Bracke Kurzhaar (Kratkodlaki Gonic),medium,4
3,1030,Istrianer Bracke Rauhhaar (Ostrodlaki Gonic) / Mischling,medium,1
3,1030,Italienisches Windspiel,small,7
3,1030,Jack Russell Terrier,medium,30
3,1030,Jack Russell Terrier / Chihuahua Kurzhaar,medium,1
3,1030,Jack Russell Terrier / Deutscher Boxer gelb,large,1
3,1030,Jack Russell Terrier / Französische Bulldogge,medium,1
3,1030,Jack Russell Terrier / Golden Retriever,large,1
3,1030,Jack Russell Terrier / Kurzhaar Dachshund Normal,medium,1
3,1030,Jack Russell Terrier / Malteser,medium,1
3,1030,Jack Russell Terrier / Mischling,medium,29
3,1030,Jack Russell Terrier / Parson Russell Terrier,medium,1
3,1030,Jack Russell Terrier / Yorkshire Terrier,medium,1
3,1030,Jack Russell Terrier / Zwergschnauzer schwarz,medium,1
3,1030,Jack Russell Terrier / Österreichischer Pinscher,medium,1
3,1030,Jagdterrier / Mischling,medium,1
3,1030,Kaukasischer Ovtcharka / Mischling,large,2
3,1030,Kerry Blue Terrier,medium,2
3,1030,King Charles Spaniel,small,2
3,1030,King Charles Spaniel / Kleinpudel Rot,medium,1
3,1030,Klein- oder Mittelpudel,medium,4
3,1030,Klein- oder Mittelpudel / Malteser,medium,1
3,1030,Klein- oder Mittelpudel / Mischling,medium,2
3,1030,Kleiner Münsterländer,medium,4
3,1030,Kleinpudel Apricot,medium,3
3,1030,Kleinpudel Apricot / Malteser,medium,2
3,1030,Kleinpudel Apricot / Tibetan Terrier,medium,1
3,1030,Kleinpudel Braun,medium,2
3,1030,Kleinpudel Braun / English Cocker Spaniel mehrfärbig,medium,1
3,1030,Kleinpudel Braun / Golden Retriever,large,1
3,1030,Kleinpudel Braun / Malteser,medium,1
3,1030,Kleinpudel Falb,medium,1
3,1030,Kleinpudel Grau,medium,1
3,1030,Kleinpudel Rot,medium,2
3,1030,Kleinpudel Rot / Cavalier King Charles Spaniel,medium,1
3,1030,Kleinpudel Rot / English Cocker Spaniel einfärbig,medium,1
3,1030,Kleinpudel Rot / Mischling,medium,1
3,1030,Kleinpudel Schwarz,medium,5
3,1030,Kleinpudel Schwarz / Mischling,medium,1
3,1030,Kleinpudel Weiss,medium,1
3,1030,Kleinpudel Weiss / Mischling,medium,1
3,1030,Kleinspitz Braun/Schwarz / Yorkshire Terrier,medium,1
3,1030,Kleinspitz Weiss,medium,2
3,1030,Kooikerhondje,medium,3
3,1030,Kromfohrländer / Havaneser,medium,1
3,1030,Kurzhaar Dachshund Kaninchen,small,10
3,1030,Kurzhaar Dachshund Kaninchen / Jack Russell Terrier,medium,3
3,1030,Kurzhaar Dachshund Kaninchen / Mischling,small,1
3,1030,Kurzhaar Dachshund Kaninchen / Mudi,medium,1
3,1030,Kurzhaar Dachshund Normal,small,8
3,1030,Kurzhaar Dachshund Normal / Havaneser,small,1
3,1030,Kurzhaar Dachshund Normal / Holländischer Schäferhund Kurzha,large,1
3,1030,Kurzhaar Dachshund Normal / Labrador Retriever,large,4
3,1030,Kurzhaar Dachshund Normal / Mischling,small,4
3,1030,Kurzhaar Dachshund Normal / Pinscher,medium,3
3,1030,Kurzhaar Dachshund Normal / Welsh Corgi Cardigan,medium,1
3,1030,Kurzhaar Dachshund Normal / Österreichischer Pinscher,medium,2
3,1030,Kurzhaar Dachshund Zwerg,small,19
3,1030,Kurzhaar Dachshund Zwerg / Pinscher,medium,1
3,1030,Kuvasz,large,1
3,1030,Labradoodle,medium,9
3,1030,Labrador Retriever,large,99
3,1030,Labrador Retriever / American Staffordshire Terrier,large,1
3,1030,Labrador Retriever / Appenzeller Sennenhund,large,1
3,1030,Labrador Retriever / Australian Shepherd,large,2
3,1030,Labrador Retriever / Beagle Harrier,large,1
3,1030,Labrador Retriever / Border Collie,large,1
3,1030,Labrador Retriever / Deutsche Dogge blau,large,1
3,1030,Labrador Retriever / Deutsche Dogge schwarz,large,1
3,1030,Labrador Retriever / Deutscher Pinscher,large,1
3,1030,Labrador Retriever / Deutscher Schäferhund,large,1
3,1030,Labrador Retriever / English Setter,large,1
3,1030,Labrador Retriever / Galgo Espanol,large,1
3,1030,Labrador Retriever / Golden Retriever,large,5
3,1030,Labrador Retriever / Grosspudel Apricot,large,1
3,1030,Labrador Retriever / Grosspudel Braun,large,1
3,1030,Labrador Retriever / Grosspudel falb aus Mehrfarben,large,1
3,1030,Labrador Retriever / Italienisches Windspiel,large,1
3,1030,Labrador Retriever / Jack Russell Terrier,large,1
3,1030,Labrador Retriever / Kurzhaar Dachshund Normal,large,3
3,1030,Labrador Retriever / Magyar Vizsla Drahthaar,large,1
3,1030,Labrador Retriever / Magyar Vizsla Kurzhaar,large,1
3,1030,Labrador Retriever / Mischling,large,36
3,1030,Labrador Retriever / Mudi,large,1
3,1030,Labrador Retriever / Podenco Canario,large,1
3,1030,Labrador Retriever / Pudelpointer,large,3
3,1030,Labrador Retriever / Rauhhaar Dachshund Normal,large,1
3,1030,Labrador Retriever / Rhodesian Ridgeback,large,1
3,1030,Labrador Retriever / Schnauzer pfeffersalz,large,3
3,1030,Labrador Retriever / Shih Tzu,large,2
3,1030,Labrador Retriever / Tornjak,large,1
3,1030,Lagotto romagnolo,medium,31
3,1030,Lagotto romagnolo / English Cocker Spaniel mehrfärbig,medium,1
3,1030,Landseer,large,1
3,1030,Landseer / Deutscher Pinscher,large,1
3,1030,Langhaar Dachshund Kaninchen,small,2
3,1030,Langhaar Dachshund Normal,small,2
3,1030,Langhaar Dachshund Normal / Jack Russell Terrier,medium,1
3,1030,Langhaar Dachshund Normal / Mischling,small,2
3,1030,Langhaar Dachshund Zwerg,small,5
3,1030,Lhasa Apso,small,1
3,1030,Magyar Agar,large,3
3,1030,Magyar Agar / Labrador Retriever,large,1
3,1030,Magyar Vizsla Drahthaar,medium,14
3,1030,Magyar Vizsla Drahthaar / Fox Terrier drahthaar,medium,1
3,1030,Magyar Vizsla Drahthaar / Labrador Retriever,large,3
3,1030,Magyar Vizsla Drahthaar / Mischling,medium,1
3,1030,Magyar Vizsla Kurzhaar,medium,6
3,1030,Magyar Vizsla Kurzhaar / Schnauzer schwarz,medium,1
3,1030,Malinois,medium,2
3,1030,Malinois / Mischling,medium,1
3,1030,Malteser,small,88
3,1030,Malteser / Bichon frise,small,1
3,1030,Malteser / Deutsch Kurzhaar,medium,1
3,1030,Malteser / Kleinpudel Apricot,medium,1
3,1030,Malteser / Kleinpudel Braun,medium,2
3,1030,Malteser / Kleinpudel Weiss,medium,1
3,1030,Malteser / Mischling,small,7
3,1030,Malteser / Papillon,small,1
3,1030,Malteser / Pudel,medium,12
3,1030,Malteser / Pudelpointer,medium,1
3,1030,Malteser / Shih Tzu,small,1
3,1030,Malteser / Toypudel Apricot,medium,2
3,1030,Malteser / Toypudel Braun,medium,1
3,1030,Malteser / Toypudel Grau,medium,1
3,1030,Malteser / Toypudel Rot,medium,2
3,1030,Malteser / Yorkshire Terrier,small,1
3,1030,Malteser / Zwergpudel Apricot,medium,6
3,1030,Manchester Terrier,medium,1
3,1030,Manchester Terrier / Pinscher,medium,1
3,1030,Maremmano - Abruzzese,large,1
3,1030,Mehrfarben Grosspudel schwarz weiss,large,1
3,1030,Miniatur Bull Terrier,medium,3
3,1030,Mittelspitz Braun/Schwarz / Mischling,medium,2
3,1030,Mittelspitz Weiss,medium,1
3,1030,Mittelspitz Weiss / Mischling,medium,1
3,1030,Mops (Carlin),small,25
3,1030,Mops (Carlin) / Clumber Spaniel,medium,1
3,1030,Mops (Carlin) / Labrador Retriever,large,1
3,1030,Mops (Carlin) / Mischling,small,1
3,1030,Mudi,medium,1
3,1030,Mudi / Mischling,medium,2
3,1030,Neufundländer,large,2
3,1030,Norfolk Terrier,small,1
3,1030,Norfolk Terrier / Mischling,small,1
3,1030,Norsk Elghund Grä,medium,1
3,1030,Norwich Terrier,small,3
3,1030,Norwich Terrier / Norfolk Terrier,small,1
3,1030,Nova Scotia Duck Tolling Retriever,medium,3
3,1030,Olde English Bulldogge,large,3
3,1030,Papillon,small,2
3,1030,Papillon / Mischling,small,2
3,1030,Papillon / Spitz,medium,1
3,1030,Papillon / Yorkshire Terrier,small,1
3,1030,Parson Russell Terrier,medium,14
3,1030,Parson Russell Terrier / Mischling,medium,1
3,1030,Parson Russell Terrier / Zwergschnauzer schwarz-silber,medium,1
3,1030,Pekingese,small,7
3,1030,Pekingese / Mischling,small,4
3,1030,Perro de agua Espanol,medium,4
3,1030,Petit brabancon,small,2
3,1030,Pinscher,medium,5
3,1030,Pinscher / Deutscher Spitz,medium,1
3,1030,Pinscher / Fox Terrier drahthaar,medium,1
3,1030,Pinscher / Kurzhaar Dachshund Normal,medium,1
3,1030,Pinscher / Mischling,medium,4
3,1030,Pinscher / Österreichischer Pinscher,medium,1
3,1030,Pit Bull Terrier,large,6
3,1030,Pit Bull Terrier / Mischling,large,4
3,1030,Podenco Canario,medium,1
3,1030,Podenco Canario / Cavalier King Charles Spaniel,medium,1
3,1030,Podenco Canario / Mischling,medium,2
3,1030,Podenco Ibicenco Kurzhaar,medium,1
3,1030,Podengo Portugues Kurzhaar Medio / Labrador Retriever,large,1
3,1030,Podengo Portugues Kurzhaar Pequeno,small,1
3,1030,Posavski Gonic / Mischling,medium,1
3,1030,Prager Rattler,small,2
3,1030,Pudel,medium,15
3,1030,Pudel / Mischling,medium,4
3,1030,Pudelpointer,medium,1
3,1030,Pudelpointer / Golden Retriever,large,1
3,1030,Puli andersfarbig,medium,2
3,1030,Puli andersfarbig / Mischling,medium,2
3,1030,Puli weiss / Kleinpudel Apricot,medium,1
3,1030,Pumi / Mischling,medium,1
3,1030,Pyrenäen Berghund / Mischling,large,1
3,1030,Rafeiro do Alentejo / Mischling,large,1
3,1030,Rauhhaar Dachshund Kaninchen / Zwergpinscher,medium,1
3,1030,Rauhhaar Dachshund Normal,small,7
3,1030,Rauhhaar Dachshund Normal / Mischling,small,3
3,1030,Rauhhaar Dachshund Zwerg,small,8
3,1030,Rauhhaar Dachshund Zwerg / Deutscher Schäferhund,large,1
3,1030,Rauhhaar Dachshund Zwerg / Mischling,small,1
3,1030,Rhodesian Ridgeback,large,6
3,1030,Rhodesian Ridgeback / Mischling,large,1
3,1030,Rottweiler,large,8
3,1030,Russkiy Toy Kurzhaar,small,2
3,1030,Russkiy Toy Langhaar,small,1
3,1030,Saluki,large,4
3,1030,Saluki / Mischling,large,1
3,1030,Samojede,large,8
3,1030,Samojede / Golden Retriever,large,1
3,1030,Samojede / Mischling,large,1
3,1030,Sandros Leisha Dog,large,1
3,1030,Schipperke / Mischling,small,1
3,1030,Schnauzer pfeffersalz,medium,3
3,1030,Schnauzer pfeffersalz / Mischling,medium,7
3,1030,Schnauzer schwarz,medium,1
3,1030,Schnauzer schwarz / Mischling,medium,1
3,1030,Schwarzer Terrier,large,1
3,1030,Schwarzer Terrier / Mischling,large,1
3,1030,Scottish Terrier,medium,5
3,1030,Scottish Terrier / Mischling,medium,1
3,1030,Scottish Terrier / Yorkshire Terrier,medium,1
3,1030,Segugio Italiano a pelo forte,medium,1
3,1030,Segugio Maremmano / Mischling,large,1
3,1030,Shar Pei,medium,3
3,1030,Shetland Sheepdog,medium,8
3,1030,Shiba,medium,12
3,1030,Shiba / Mischling,medium,3
3,1030,Shiba / Mops (Carlin),medium,1
3,1030,Shiba / Welsh Corgi Pembroke,medium,1
3,1030,Shih Tzu,small,14
3,1030,Shih Tzu / Belgischer Schäferhund,large,1
3,1030,Shih Tzu / Chihuahua Langhaar,small,1
3,1030,Shih Tzu / Malteser,small,1
3,1030,Shih Tzu / Mischling,small,2
3,1030,Shih Tzu / Toypudel Apricot,medium,1
3,1030,Siberian Husky,large,23
3,1030,Siberian Husky / Alaskan Malamute,large,1
3,1030,Siberian Husky / Australian Shepherd,large,2
3,1030,Siberian Husky / Deutscher Schäferhund,large,2
3,1030,Siberian Husky / Deutscher Schäferhund Langstockhaar,large,1
3,1030,Siberian Husky / Mischling,large,7
3,1030,Silken Windsprite,medium,4
3,1030,Sloughi / Mischling,large,2
3,1030,Spitz,medium,14
3,1030,Spitz / Kleiner Münsterländer,medium,1
3,1030,Spitz / Mischling,medium,7
3,1030,Spitz / Pekingese,medium,1
3,1030,Stabyhoun / Border Collie,medium,1
3,1030,Staffordshire Bullterrier,medium,2
3,1030,Staffordshire Bullterrier / Mischling,medium,1
3,1030,Staffordshire Bullterrier / Pit Bull Terrier,large,1
3,1030,Staffordshire Bullterrier / Rauhhaar Dachshund Normal,medium,1
3,1030,Steirische Rauhaarbracke,medium,1
3,1030,Tervueren,large,1
3,1030,Thai Ridgeback Dog / Berger Blanc Suisse,large,1
3,1030,Tibetan Spaniel,small,3
3,1030,Tibetan Terrier,medium,2
3,1030,Tibetan Terrier / Mischling,medium,2
3,1030,Tiroler Bracke / Kurzhaar Dachshund Kaninchen,medium,1
3,1030,Tiroler Bracke / Mischling,medium,1
3,1030,Tornjak / Mischling,large,2
3,1030,Toypudel Apricot,medium,11
3,1030,Toypudel Apricot / Malteser,medium,2
3,1030,Toypudel Apricot / Mischling,medium,1
3,1030,Toypudel Apricot / Shih Tzu,medium,1
3,1030,Toypudel Braun,medium,2
3,1030,Toypudel Falb,medium,1
3,1030,Toypudel Rot,medium,6
3,1030,Toypudel Schwarz,medium,2
3,1030,Toypudel Schwarz / Mischling,medium,1
3,1030,Toypudel Weiss,medium,1
3,1030,Tschechoslowakischer Wolfhund,large,1
3,1030,Unbekannt,unknown,56
3,1030,Unbekannt / Mischling,unknown,232
3,1030,Weimaraner Kurzhaar,large,5
3,1030,Weimaraner Kurzhaar / Brandlbracke,large,1
3,1030,Welsh Corgi Cardigan,medium,1
3,1030,Welsh Corgi Cardigan / Deutscher Schäferhund Langstockhaar,large,1
3,1030,Welsh Corgi Cardigan / Mischling,medium,2
3,1030,Welsh Corgi Pembroke,medium,8
3,1030,Welsh Corgi Pembroke / Deutscher Schäferhund,large,1
3,1030,Welsh Corgi Pembroke / Jack Russell Terrier,medium,1
3,1030,Welsh Springer Spaniel,medium,2
3,1030,Welsh Terrier,medium,3
3,1030,Welsh Terrier / Deutscher Jagdterrier,medium,1
3,1030,West Highland White Terrier,small,20
3,1030,West Highland White Terrier / Mischling,small,1
3,1030,Whippet,medium,20
3,1030,Whippet / Mischling,medium,2
3,1030,Windhund / Mischling,large,1
3,1030,Wolfspitz,large,2
3,1030,Xoloitzcuintle Grande,large,1
3,1030,Xoloitzcuintle Medio / Mischling,medium,1
3,1030,Yorkshire Terrier,small,39
3,1030,Yorkshire Terrier / Malteser,small,1
3,1030,Yorkshire Terrier / Mischling,small,9
3,1030,Yorkshire Terrier / Schnauzer schwarz,medium,1
3,1030,Zwergpinscher,medium,20
3,1030,Zwergpinscher / Chihuahua Kurzhaar,medium,2
3,1030,Zwergpinscher / Mischling,medium,7
3,1030,Zwergpudel Apricot,medium,41
3,1030,Zwergpudel Apricot / English Springer Spaniel,medium,1
3,1030,Zwergpudel Apricot / Malteser,medium,3
3,1030,Zwergpudel Braun,medium,8
3,1030,Zwergpudel Braun / Malteser,medium,1
3,1030,Zwergpudel Falb,medium,2
3,1030,Zwergpudel Rot,medium,1
3,1030,Zwergpudel Schwarz,medium,6
3,1030,Zwergpudel Schwarz / Cavalier King Charles Spaniel,medium,1
3,1030,Zwergpudel Schwarz / Yorkshire Terrier,medium,1
3,1030,Zwergpudel Weiss,medium,1
3,1030,Zwergpudel Weiss / Labrador Retriever,large,1
3,1030,Zwergpudel Weiss / Malteser,medium,1
3,1030,Zwergpudel falb aus Mehrfarben,medium,1
3,1030,Zwergpudel falb aus Mehrfarben / Bolonka Zwetna,medium,1
3,1030,Zwergpudel schwarz aus Mehrfarben,medium,3
3,1030,Zwergschnauzer pfeffer-salz,medium,11
3,1030,Zwergschnauzer pfeffer-salz / Mischling,medium,1
3,1030,Zwergschnauzer schwarz,medium,3
3,1030,Zwergschnauzer schwarz-silber,medium,1
3,1030,Zwergspitz (Pomeranian),medium,38
3,1030,Zwergspitz (Pomeranian) / Mischling,medium,3
3,1030,Österreichischer Pinscher,medium,4
3,1030,Österreichischer Pinscher / Deutscher Schäferhund,large,1
3,1030,Österreichischer Pinscher / Mischling,medium,3
3,1030,Österreichischer Pinscher / Podengo Portugues Kurzhaar Medio,medium,1
3,1030,Österreichischer Pinscher / Tibetan Spaniel,medium,1
4,1040,Airedale Terrier,medium,1
4,1040,Akita,large,1
4,1040,Alaskan Malamute / Mischling,large,1
4,1040,Alpenländische Dachsbracke,medium,1
4,1040,American Bully,large,1
4,1040,American Cocker Spaniel,medium,1
4,1040,American Staffordshire Terrier,large,9
4,1040,American Staffordshire Terrier / American Bully,large,1
4,1040,American Staffordshire Terrier / Mischling,large,1
4,1040,Appenzeller Sennenhund,large,2
4,1040,Australian Cattledog / Labrador Retriever,large,1
4,1040,Australian Kelpie,medium,1
4,1040,Australian Shepherd,medium,9
4,1040,Australian Shepherd / Border Collie,medium,1
4,1040,Australian Shepherd / Kleinpudel falb aus Mehrfarben,medium,1
4,1040,Barbet,medium,1
4,1040,Barsoi,large,3
4,1040,Beagle,medium,6
4,1040,Beagle / Dackel,medium,1
4,1040,Beagle / Labrador Retriever,large,1
4,1040,Bearded Collie,medium,2
4,1040,Belgischer Schäferhund,large,2
4,1040,Belgischer Schäferhund / Deutsch Kurzhaar,large,1
4,1040,Belgischer Schäferhund / Deutsche Bracke,large,1
4,1040,Belgischer Schäferhund / Labrador Retriever,large,1
4,1040,Belgischer Schäferhund / Mischling,large,1
4,1040,Berger Blanc Suisse,large,3
4,1040,Berner Sennenhund,large,3
4,1040,Bichon frise,small,2
4,1040,Biewer Terrier / Yorkshire Terrier,small,1
4,1040,Billy,large,1
4,1040,Bolonka Zwetna,small,3
4,1040,Border Collie,medium,11
4,1040,Border Collie / Galgo Espanol,medium,1
4,1040,Border Collie / Labrador Retriever,large,1
4,1040,Border Collie / Mischling,medium,2
4,1040,Border Terrier,medium,1
4,1040,Bracke,medium,1
4,1040,Bracke / Mischling,medium,1
4,1040,Bulldog,medium,3
4,1040,Bulldog / American Staffordshire Terrier,large,1
4,1040,Cairn Terrier,small,2
4,1040,Cairn Terrier / Mischling,small,1
4,1040,Cairn Terrier / Podengo Portugues Kurzhaar Medio,medium,1
4,1040,Cao de Agua Portugues (Portug. Wasserhund),large,1
4,1040,Cavalier King Charles Spaniel,small,10
4,1040,Cavalier King Charles Spaniel / Klein- oder Mittelpudel,medium,1
4,1040,Cavalier King Charles Spaniel / Kleinpudel Braun,medium,1
4,1040,Cavalier King Charles Spaniel / Mischling,small,1
4,1040,Chihuahua Kurzhaar,small,16
4,1040,Chihuahua Kurzhaar / Mischling,small,1
4,1040,Chihuahua Kurzhaar / Pinscher,medium,1
4,1040,Chihuahua Kurzhaar / Zwergpinscher,medium,2
4,1040,Chihuahua Langhaar,small,8
4,1040,Chihuahua Langhaar / Mischling,small,3
4,1040,Chihuahua Langhaar / Yorkshire Terrier,small,2
4,1040,Chinese Crested Dog hairless,small,2
4,1040,Chow-Chow,large,1
4,1040,Collie Langhaar (Rough),medium,1
4,1040,Coton de Tulear,small,2
4,1040,Curly-Coated Retriever,large,1
4,1040,Dackel,small,11
4,1040,Dackel / Mischling,small,7
4,1040,Dackel / Pekingese,small,1
4,1040,Dalmatiner,medium,3
4,1040,Dalmatiner / Dackel,medium,1
4,1040,Deutsch Drahthaar,medium,2
4,1040,Deutsch Kurzhaar,medium,1
4,1040,Deutsch Kurzhaar / Mischling,medium,3
4,1040,Deutscher Boxer gelb,large,1
4,1040,Deutscher Boxer gestromt / Mischling,large,1
4,1040,Deutscher Jagdterrier / Mischling,medium,1
4,1040,Deutscher Pinscher / Chihuahua Kurzhaar,medium,1
4,1040,Deutscher Pinscher / Chihuahua Langhaar,medium,1
4,1040,Deutscher Pinscher / Mischling,medium,2
4,1040,Deutscher Schäferhund,large,5
4,1040,Deutscher Schäferhund / Border Collie,large,1
4,1040,Deutscher Schäferhund / Hrvatski Ovcar,large,1
4,1040,Deutscher Schäferhund / Leonberger,large,1
4,1040,Deutscher Schäferhund / Mischling,large,7
4,1040,Deutscher Schäferhund / Schipperke,large,1
4,1040,Deutscher Spitz,medium,1
4,1040,Dobermann braun-rot,large,1
4,1040,Dobermann schwarz-rot,large,1
4,1040,Dobermann schwarz-rot / Mischling,large,1
4,1040,Drentsche Patrijshond,medium,1
4,1040,English Cocker Spaniel einfärbig,medium,4
4,1040,English Cocker Spaniel einfärbig / Kleinpudel Schwarz,medium,1
4,1040,English Cocker Spaniel einfärbig / Mischling,medium,1
4,1040,English Cocker Spaniel mehrfärbig,medium,4
4,1040,English Cocker Spaniel mehrfärbig / Kleinpudel Braun,medium,1
4,1040,English Cocker Spaniel mehrfärbig / Zwergpudel Apricot,medium,1
4,1040,English Pointer / Mischling,medium,2
4,1040,English Setter,medium,1
4,1040,Entlebucher Sennenhund,medium,2
4,1040,Epagneul breton,medium,1
4,1040,Epagneul breton / Mischling,medium,1
4,1040,Epagneul picard,medium,1
4,1040,Flat-Coated Retriever,large,2
4,1040,Flat-Coated Retriever / Labrador Retriever,large,1
4,1040,Fox Terrier drahthaar,medium,4
4,1040,Fox Terrier drahthaar / Mischling,medium,1
4,1040,Fox Terrier glatthaar,medium,2
4,1040,Französische Bulldogge,medium,13
4,1040,Französische Bulldogge / Mischling,medium,1
4,1040,Galgo Espanol,medium,2
4,1040,Golden Retriever,large,18
4,1040,Golden Retriever / Belgischer Schäferhund,large,1
4,1040,Golden Retriever / Grosspudel Apricot,large,3
4,1040,Golden Retriever / Kleinpudel Apricot,large,1
4,1040,Golden Retriever / Mischling,large,1
4,1040,Golden Retriever / Yorkshire Terrier,large,1
4,1040,Greyhound,medium,1
4,1040,Griffon belge,small,1
4,1040,Griffon belge / Tibetan Terrier,medium,1
4,1040,Griffon bruxellois,small,3
4,1040,Griffon bruxellois / Affenpinscher,medium,1
4,1040,Grosspudel Apricot,large,2
4,1040,Grosspudel Apricot / Labrador Retriever,large,1
4,1040,Grosspudel Braun / Labrador Retriever,large,1
4,1040,Grosspudel Schwarz,large,1
4,1040,Grosspudel Weiss,large,1
4,1040,Havaneser,small,6
4,1040,Havaneser / Mischling,small,2
4,1040,Havaneser / Yorkshire Terrier,small,1
4,1040,Havaneser / Zwergpudel Weiss,medium,1
4,1040,Holländischer Schäferhund Kurzhaar,large,1
4,1040,Irish Soft Coated Wheaten Terrier,medium,1
4,1040,Irish Terrier,medium,1
4,1040,Italienisches Windspiel,small,5
4,1040,Jack Russell Terrier,medium,18
4,1040,Jack Russell Terrier / Deutscher Pinscher,medium,1
4,1040,Jack Russell Terrier / Labrador Retriever,large,1
4,1040,Jack Russell Terrier / Mischling,medium,3
4,1040,Jack Russell Terrier / Pinscher,medium,1
4,1040,Japanischer Spitz,medium,1
4,1040,King Charles Spaniel,small,1
4,1040,King Charles Spaniel / Mischling,small,1
4,1040,Klein- oder Mittelpudel,medium,1
4,1040,Kleiner Münsterländer,medium,1
4,1040,Kleiner Münsterländer / Mischling,medium,1
4,1040,Kleinpudel Apricot,medium,2
4,1040,Kleinpudel Apricot / English Cocker Spaniel einfärbig,medium,1
4,1040,Kleinpudel Braun,medium,1
4,1040,Kleinpudel Rot,medium,1
4,1040,Kleinpudel Schwarz,medium,3
4,1040,Kooikerhondje,medium,1
4,1040,Kromfohrländer,medium,2
4,1040,Kromfohrländer / Mischling,medium,1
4,1040,Kurzhaar Dachshund Kaninchen,small,5
4,1040,Kurzhaar Dachshund Kaninchen / Deutscher Schäferhund,large,1
4,1040,Kurzhaar Dachshund Kaninchen / Mischling,small,1
4,1040,Kurzhaar Dachshund Normal,small,5
4,1040,Kurzhaar Dachshund Normal / Jack Russell Terrier,medium,2
4,1040,Kurzhaar Dachshund Normal / Labrador Retriever,large,1
4,1040,Kurzhaar Dachshund Normal / Malinois,medium,1
4,1040,Kurzhaar Dachshund Normal / Mischling,small,2
4,1040,Kurzhaar Dachshund Zwerg,small,7
4,1040,Kurzhaar Dachshund Zwerg / Pinscher,medium,1
4,1040,Labradoodle,medium,2
4,1040,Labrador Retriever,large,26
4,1040,Labrador Retriever / Akita,large,1
4,1040,Labrador Retriever / Border Collie,large,1
4,1040,Labrador Retriever / Collie Langhaar (Rough),large,1
4,1040,Labrador Retriever / English Cocker Spaniel einfärbig,large,1
4,1040,Labrador Retriever / Mischling,large,16
4,1040,Labrador Retriever / Pinscher,large,1
4,1040,Labrador Retriever / Weimaraner Kurzhaar,large,1
4,1040,Labrador Retriever / Whippet,large,1
4,1040,Lagotto romagnolo,medium,13
4,1040,Lagotto romagnolo / Mischling,medium,1
4,1040,Langhaar Dachshund Kaninchen,small,2
4,1040,Langhaar Dachshund Kaninchen / Golden Retriever,large,1
4,1040,Langhaar Dachshund Kaninchen / Mischling,small,1
4,1040,Langhaar Dachshund Normal / Mischling,small,2
4,1040,Langhaar Dachshund Normal / Welsh Corgi Pembroke,medium,1
4,1040,Langhaar Dachshund Zwerg,small,3
4,1040,Leonberger / Mischling,large,1
4,1040,Magyar Agar,large,1
4,1040,Magyar Vizsla Drahthaar,medium,1
4,1040,Magyar Vizsla Drahthaar / Mischling,medium,1
4,1040,Magyar Vizsla Kurzhaar,medium,4
4,1040,Malinois,medium,1
4,1040,Malteser,small,25
4,1040,Malteser / Bichon frise,small,1
4,1040,Malteser / Mischling,small,3
4,1040,Malteser / Norfolk Terrier,small,1
4,1040,Malteser / Pudel,medium,1
4,1040,Malteser / Pudelpointer,medium,1
4,1040,Malteser / Yorkshire Terrier,small,1
4,1040,Malteser / Zwergpudel Braun,medium,1
4,1040,Malteser / Zwergspitz (Pomeranian),medium,1
4,1040,Miniatur Bull Terrier,medium,1
4,1040,Mittelspitz Braun/Schwarz / Mischling,medium,1
4,1040,Mops (Carlin),small,6
4,1040,Mops (Carlin) / Mischling,small,1
4,1040,Mudi,medium,1
4,1040,Mudi / Border Collie,medium,1
4,1040,Mudi / Mischling,medium,1
4,1040,Nova Scotia Duck Tolling Retriever,medium,1
4,1040,Papillon,small,2
4,1040,Papillon / Border Collie,medium,1
4,1040,Papillon / Mischling,small,1
4,1040,Parson Russell Terrier,medium,5
4,1040,Parson Russell Terrier / Mischling,medium,1
4,1040,Parson Russell Terrier / Rauhhaar Dachshund Zwerg,medium,1
4,1040,Pekingese,small,4
4,1040,Pekingese / Mischling,small,3
4,1040,Pekingese / Shih Tzu,small,2
4,1040,Perro de agua Espanol,medium,1
4,1040,Pinscher / Mischling,medium,1
4,1040,Pit Bull Terrier,large,1
4,1040,Pit Bull Terrier / Mischling,large,1
4,1040,Podenco Canario,medium,1
4,1040,Posavski Gonic / Mischling,medium,1
4,1040,Prager Rattler / Mischling,small,1
4,1040,Pudel,medium,3
4,1040,Pudel / Malteser,medium,2
4,1040,Pudel / Mischling,medium,1
4,1040,Pudelpointer,medium,1
4,1040,Puli andersfarbig,medium,1
4,1040,Puli andersfarbig / Mischling,medium,1
4,1040,Rauhhaar Dachshund Normal,small,2
4,1040,Rauhhaar Dachshund Normal / Mischling,small,1
4,1040,Rauhhaar Dachshund Normal / Parson Russell Terrier,medium,1
4,1040,Rauhhaar Dachshund Zwerg,small,3
4,1040,Rauhhaar Dachshund Zwerg / Mischling,small,1
4,1040,Rhodesian Ridgeback,large,1
4,1040,Rhodesian Ridgeback / Mischling,large,1
4,1040,Rottweiler,large,4
4,1040,Saluki,large,2
4,1040,Samojede,large,2
4,1040,Schnauzer pfeffersalz / Mischling,medium,3
4,1040,Schnauzer schwarz / Mischling,medium,2
4,1040,Schweizerische Laufhunde / Braque du Bourbonnais,large,1
4,1040,Scottish Terrier,medium,2
4,1040,Scottish Terrier / Labrador Retriever,large,1
4,1040,Shetland Sheepdog,medium,3
4,1040,Shiba,medium,9
4,1040,Shih Tzu,small,3
4,1040,Shih Tzu / Parson Russell Terrier,medium,1
4,1040,Siberian Husky,large,7
4,1040,Siberian Husky / Deutscher Schäferhund,large,1
4,1040,Siberian Husky / Mischling,large,1
4,1040,Siberian Husky / Zwergspitz (Pomeranian),large,1
4,1040,Spitz,medium,3
4,1040,Spitz / Mischling,medium,1
4,1040,Taiwan Dog,medium,1
4,1040,Terrier Brasileiro / Mischling,medium,1
4,1040,Tervueren,large,1
4,1040,Thai Ridgeback Dog,medium,1
4,1040,Tibetan Spaniel,small,1
4,1040,Tibetan Terrier,medium,2
4,1040,Tibetan Terrier / Mischling,medium,1
4,1040,Tibetan Terrier / Pudel,medium,1
4,1040,Toypudel Apricot,medium,2
4,1040,Toypudel Braun,medium,1
4,1040,Toypudel Rot,medium,1
4,1040,Tschechoslowakischer Wolfhund / Mischling,large,1
4,1040,Unbekannt,unknown,13
4,1040,Unbekannt / Mischling,unknown,73
4,1040,Weimaraner Kurzhaar,large,3
4,1040,Weimaraner Langhaar,large,1
4,1040,Welsh Corgi Cardigan,medium,3
4,1040,Welsh Corgi Cardigan / Mischling,medium,1
4,1040,Welsh Corgi Pembroke,medium,5
4,1040,Welsh Corgi Pembroke / Basenji,medium,1
4,1040,Welsh Corgi Pembroke / Mischling,medium,1
4,1040,Welsh Corgi Pembroke / Zwergspitz (Pomeranian),medium,1
4,1040,West Highland White Terrier,small,1
4,1040,West Highland White Terrier / Malteser,small,2
4,1040,Wetterhoun,medium,1
4,1040,Whippet,medium,3
4,1040,Whippet / Border Collie,medium,1
4,1040,Whippet / Zwergpinscher,medium,1
4,1040,Windhund,large,1
4,1040,Windhund / Belgischer Schäferhund,large,1
4,1040,Windhund / Labrador Retriever,large,1
4,1040,Yorkshire Terrier,small,12
4,1040,Yorkshire Terrier / Chihuahua Kurzhaar,small,1
4,1040,Yorkshire Terrier / Mischling,small,2
4,1040,Zentralasiatischer Ovtcharka,large,1
4,1040,Zwergpinscher,medium,6
4,1040,Zwergpinscher / Mischling,medium,1
4,1040,Zwergpudel Apricot,medium,17
4,1040,Zwergpudel Apricot / Golden Retriever,large,1
4,1040,Zwergpudel Braun,medium,2
4,1040,Zwergpudel Braun / Malteser,medium,1
4,1040,Zwergpudel Grau,medium,1
4,1040,Zwergpudel Rot,medium,4
4,1040,Zwergpudel Schwarz / Labrador Retriever,large,1
4,1040,Zwergpudel Weiss / Malteser,medium,1
4,1040,Zwergschnauzer pfeffer-salz,medium,1
4,1040,Zwergschnauzer weiss,medium,1
4,1040,Zwergspitz (Pomeranian),medium,18
4,1040,Zwergspitz (Pomeranian) / Mischling,medium,2
4,1040,Österreichischer Pinscher,medium,1
4,1040,Österreichischer Pinscher / Chihuahua Kurzhaar,medium,1
4,1040,Österreichischer Pinscher / Mischling,medium,1
4,1040,Österreichischer Pinscher / Zwergpudel Rot,medium,1
5,1050,Affenpinscher / Shih Tzu,medium,1
5,1050,Akita,large,3
5,1050,Alaskan Malamute,large,1
5,1050,Alaskan Malamute / Mischling,large,1
5,1050,Alpenländische Dachsbracke,medium,1
5,1050,Alpenländische Dachsbracke / Mischling,medium,1
5,1050,American Bully,large,1
5,1050,American Cocker Spaniel,medium,1
5,1050,American Cocker Spaniel / Kleinpudel Apricot,medium,1
5,1050,American Cocker Spaniel / Zwergpudel Apricot,medium,1
5,1050,American Hairless Terrier / Mischling,small,1
5,1050,American Staffordshire Terrier,large,25
5,1050,American Staffordshire Terrier / Mischling,large,3
5,1050,Appenzeller Sennenhund / Berner Sennenhund,large,1
5,1050,Australian Cattledog,medium,1
5,1050,Australian Kelpie / Pinscher,medium,1
5,1050,Australian Shepherd,medium,9
5,1050,Australian Shepherd / Border Collie,medium,1
5,1050,Australian Shepherd / Collie Langhaar (Rough),medium,1
5,1050,Australian Shepherd / Dalmatiner,medium,1
5,1050,Australian Shepherd / Grosspudel Braun,large,1
5,1050,Barbet,medium,1
5,1050,Barsoi,large,1
5,1050,Beagle,medium,8
5,1050,Beagle / Belgischer Schäferhund,large,1
5,1050,Beagle / English Pointer,medium,1
5,1050,Beagle / Jack Russell Terrier,medium,1
5,1050,Beagle / Mischling,medium,5
5,1050,Beagle / Welsh Corgi Cardigan,medium,1
5,1050,Bearded Collie,medium,1
5,1050,Berger Blanc Suisse,large,1
5,1050,Berger de Brie (Briard),large,1
5,1050,Berner Sennenhund,large,1
5,1050,Bichon frise,small,5
5,1050,Biewer Terrier / Mischling,small,1
5,1050,Biewer Terrier / Yorkshire Terrier,small,1
5,1050,Bologneser,small,2
5,1050,Bolonka Zwetna,small,3
5,1050,Border Collie,medium,7
5,1050,Border Collie / Australian Shepherd,medium,1
5,1050,Border Collie / Deutscher Schäferhund,large,1
5,1050,Border Collie / Kleiner Münsterländer,medium,1
5,1050,Border Collie / Mischling,medium,7
5,1050,Border Collie / Papillon,medium,1
5,1050,Border Collie / Rottweiler,large,1
5,1050,Border Terrier,medium,2
5,1050,Bosanski Ostrodlaki Gonic - Barac,medium,1
5,1050,Boston Terrier,medium,1
5,1050,Bracco Italiano / Mischling,large,1
5,1050,Bracke,medium,1
5,1050,Bracke / Mischling,medium,1
5,1050,Brandlbracke / Mischling,medium,1
5,1050,Bull Terrier (Standard),medium,2
5,1050,Bull Terrier (Standard) / Mischling,medium,1
5,1050,Bulldog,medium,1
5,1050,Bulldog / Mischling,medium,2
5,1050,Cairn Terrier,small,1
5,1050,Cairn Terrier / Rauhhaar Dachshund Zwerg,small,1
5,1050,Cane Corso Italiano,large,3
5,1050,Cane Corso Italiano / Pit Bull Terrier,large,1
5,1050,Cao de Agua Portugues (Portug. Wasserhund),large,3
5,1050,Cavalier King Charles Spaniel,small,5
5,1050,Cavalier King Charles Spaniel / Zwergpudel Rot,medium,1
5,1050,Cesky Terrier,medium,1
5,1050,Chihuahua Kurzhaar,small,30
5,1050,Chihuahua Kurzhaar / Deutscher Pinscher,medium,2
5,1050,Chihuahua Kurzhaar / Havaneser,small,1
5,1050,Chihuahua Kurzhaar / Mischling,small,12
5,1050,Chihuahua Kurzhaar / Mops (Carlin),small,1
5,1050,Chihuahua Kurzhaar / Pinscher,medium,1
5,1050,Chihuahua Kurzhaar / Schweizerische Niederlaufhunde,medium,1
5,1050,Chihuahua Langhaar,small,20
5,1050,Chihuahua Langhaar / Mischling,small,4
5,1050,Chihuahua Langhaar / Zwergspitz (Pomeranian),medium,2
5,1050,Chinese Crested Dog hairless,small,1
5,1050,Chinese Crested Dog powderpuff,small,1
5,1050,Cimarron Uruguayo / Mischling,large,1
5,1050,Ciobanesc Romanesc Carpatin / Mischling,large,1
5,1050,Cirneco dell'Etna,medium,1
5,1050,Coban Köpegi (Anatolischer Hirtenhund) / Mischling,large,1
5,1050,Cockerpoo,medium,1
5,1050,Cockerpoo / Cockerpoo,medium,1
5,1050,Collie Langhaar (Rough),medium,2
5,1050,Collie Langhaar (Rough) / Mischling,medium,2
5,1050,Coton de Tulear,small,1
5,1050,Dackel,small,5
5,1050,Dackel / Jack Russell Terrier,medium,2
5,1050,Dackel / Mischling,small,7
5,1050,Dackel / Norsk Lundehund,small,1
5,1050,Dalmatiner,medium,3
5,1050,Dansk-Svensk Gardshund,medium,1
5,1050,Deutsch Drahthaar / Fox Terrier drahthaar,medium,1
5,1050,Deutsch Kurzhaar,medium,3
5,1050,Deutsch Kurzhaar / Deutsch Drahthaar,medium,1
5,1050,Deutsch Kurzhaar / Mischling,medium,3
5,1050,Deutscher Boxer gelb / Mischling,large,1
5,1050,Deutscher Jagdterrier / Mischling,medium,1
5,1050,Deutscher Pinscher / Basenji,medium,1
5,1050,Deutscher Schäferhund,large,6
5,1050,Deutscher Schäferhund / Akita,large,1
5,1050,Deutscher Schäferhund / Mischling,large,5
5,1050,Deutscher Schäferhund / Spitz,large,1
5,1050,Deutscher Schäferhund Langstockhaar / Mischling,large,1
5,1050,Deutscher Spitz,medium,1
5,1050,Deutscher Spitz / Mischling,medium,2
5,1050,Dobermann braun-rot,large,1
5,1050,Dobermann schwarz-rot,large,1
5,1050,Dog de Bordeaux (Bordeauxdogge),large,1
5,1050,English Cocker Spaniel einfärbig,medium,6
5,1050,English Cocker Spaniel einfärbig / Kleiner Münsterländer,medium,1
5,1050,English Cocker Spaniel einfärbig / Kleinpudel Apricot,medium,1
5,1050,English Cocker Spaniel einfärbig / Zwergpudel Schwarz,medium,1
5,1050,English Cocker Spaniel mehrfärbig,medium,6
5,1050,English Cocker Spaniel mehrfärbig / Mischling,medium,1
5,1050,English Pointer,medium,1
5,1050,English Pointer / Labrador Retriever,large,1
5,1050,English Pointer / Mischling,medium,1
5,1050,English Setter,medium,1
5,1050,English Springer Spaniel,medium,1
5,1050,Entlebucher Sennenhund,medium,2
5,1050,Epagneul breton / English Setter,medium,1
5,1050,Eurasier,medium,1
5,1050,Field Spaniel / Australian Shepherd,medium,1
5,1050,Flat-Coated Retriever,large,2
5,1050,Flat-Coated Retriever / Mischling,large,1
5,1050,Fox Terrier drahthaar,medium,1
5,1050,Fox Terrier drahthaar / English Foxhound,large,1
5,1050,Fox Terrier drahthaar / Parson Russell Terrier,medium,1
5,1050,Fox Terrier glatthaar / Deutscher Jagdterrier,medium,1
5,1050,Französische Bulldogge,medium,19
5,1050,Französische Bulldogge / Shar Pei,medium,1
5,1050,Galgo Espanol,medium,3
5,1050,Golden Retriever,large,19
5,1050,Golden Retriever / Australian Shepherd,large,1
5,1050,Golden Retriever / Grosspudel Apricot,large,2
5,1050,Golden Retriever / Labrador Retriever,large,1
5,1050,Golden Retriever / Mischling,large,5
5,1050,Golden Retriever / Podengo Portugues Kurzhaar Medio,large,1
5,1050,Golden Retriever / Pudelpointer,large,1
5,1050,Gordon Setter,medium,1
5,1050,Greyhound,medium,1
5,1050,Greyhound / Mischling,medium,1
5,1050,Griffon belge / Bologneser,small,1
5,1050,Grosspudel Apricot,large,1
5,1050,Hannoverscher Schweisshund,medium,1
5,1050,Havaneser,small,10
5,1050,Havaneser / Kleinpudel Weiss,medium,1
5,1050,Havaneser / Labradoodle,medium,1
5,1050,Havaneser / Malteser,small,1
5,1050,Havaneser / Mischling,small,2
5,1050,Havaneser / Yorkshire Terrier,small,1
5,1050,Havaneser / Zwergpudel Apricot,medium,1
5,1050,Hokkaido,medium,1
5,1050,Hovawart,large,1
5,1050,Hrvatski Ovcar / Labrador Retriever,large,1
5,1050,Irish Red Setter,medium,1
5,1050,Irish Red Setter / Mischling,medium,1
5,1050,Irish Terrier,medium,1
5,1050,Islandhund,medium,1
5,1050,Islandhund / Border Collie,medium,1
5,1050,Istrianer Bracke Kurzhaar (Kratkodlaki Gonic),medium,1
5,1050,Istrianer Bracke Rauhhaar (Ostrodlaki Gonic) / Mischling,medium,1
5,1050,Italienisches Windspiel,small,2
5,1050,Jack Russell Terrier,medium,17
5,1050,Jack Russell Terrier / Beagle,medium,2
5,1050,Jack Russell Terrier / Chihuahua Kurzhaar,medium,1
5,1050,Jack Russell Terrier / Italienisches Windspiel,medium,1
5,1050,Jack Russell Terrier / Kurzhaar Dachshund Normal,medium,1
5,1050,Jack Russell Terrier / Labrador Retriever,large,1
5,1050,Jack Russell Terrier / Mischling,medium,9
5,1050,Jack Russell Terrier / Pinscher,medium,2
5,1050,Jack Russell Terrier / Welsh Corgi Pembroke,medium,1
5,1050,Jack Russell Terrier / Yorkshire Terrier,medium,1
5,1050,Kerry Blue Terrier,medium,1
5,1050,King Charles Spaniel,small,1
5,1050,King Charles Spaniel / Mischling,small,1
5,1050,Klein- oder Mittelpudel,medium,1
5,1050,Kleiner Münsterländer,medium,2
5,1050,Kleinpudel Apricot,medium,1
5,1050,Kleinpudel Apricot / Grosspudel Falb,large,1
5,1050,Kleinpudel Braun,medium,2
5,1050,Kleinpudel Falb,medium,1
5,1050,Kleinpudel Grau / Französische Bulldogge,medium,1
5,1050,Kleinpudel Rot,medium,2
5,1050,Kleinpudel Rot / English Cocker Spaniel einfärbig,medium,1
5,1050,Kleinpudel Schwarz,medium,1
5,1050,Kleinpudel Weiss,medium,1
5,1050,Kleinpudel Weiss / Mischling,medium,1
5,1050,Kleinspitz Neufarben,medium,1
5,1050,Kleinspitz Neufarben / Pinscher,medium,1
5,1050,Kooikerhondje,medium,3
5,1050,Korea Jindo Dog / Mischling,medium,1
5,1050,Kromfohrländer,medium,1
5,1050,Kromfohrländer / Griffon belge,medium,1
5,1050,Kromfohrländer / Mischling,medium,1
5,1050,Kurzhaar Dachshund Kaninchen,small,6
5,1050,Kurzhaar Dachshund Kaninchen / Belgischer Schäferhund,large,1
5,1050,Kurzhaar Dachshund Kaninchen / Mischling,small,1
5,1050,Kurzhaar Dachshund Normal,small,5
5,1050,Kurzhaar Dachshund Normal / Collie Langhaar (Rough),medium,1
5,1050,Kurzhaar Dachshund Normal / Französische Bulldogge,medium,1
5,1050,Kurzhaar Dachshund Normal / Mischling,small,3
5,1050,Kurzhaar Dachshund Zwerg,small,11
5,1050,Labrador Retriever,large,27
5,1050,Labrador Retriever / Beagle,large,1
5,1050,Labrador Retriever / Berner Sennenhund,large,1
5,1050,Labrador Retriever / English Springer Spaniel,large,1
5,1050,Labrador Retriever / Golden Retriever,large,1
5,1050,Labrador Retriever / Greyhound,large,1
5,1050,Labrador Retriever / Jack Russell Terrier,large,1
5,1050,Labrador Retriever / Kurzhaar Dachshund Normal,large,1
5,1050,Labrador Retriever / Labrador Retriever,large,1
5,1050,Labrador Retriever / Mischling,large,6
5,1050,Labrador Retriever / Podenco Ibicenco Kurzhaar,large,1
5,1050,Labrador Retriever / Pudel,large,1
5,1050,Labrador Retriever / Shiba,large,1
5,1050,Labrador Retriever / Staffordshire Bullterrier,large,1
5,1050,Labrador Retriever / Weimaraner Kurzhaar,large,1
5,1050,Labrador Retriever / Österreichischer Pinscher,large,1
5,1050,Lagotto romagnolo,medium,11
5,1050,Lagotto romagnolo / English Cocker Spaniel einfärbig,medium,1
5,1050,Langhaar Dachshund Kaninchen,small,1
5,1050,Magyar Vizsla Drahthaar,medium,2
5,1050,Magyar Vizsla Kurzhaar,medium,1
5,1050,Magyar Vizsla Kurzhaar / Labrador Retriever,large,1
5,1050,Malteser,small,39
5,1050,Malteser / Chihuahua Kurzhaar,small,1
5,1050,Malteser / Kleinpudel Apricot,medium,1
5,1050,Malteser / Kleinpudel Rot,medium,1
5,1050,Malteser / Kleinpudel Weiss,medium,1
5,1050,Malteser / Mischling,small,6
5,1050,Malteser / Pudel,medium,3
5,1050,Malteser / West Highland White Terrier,small,1
5,1050,Malteser / Zwergpudel Apricot,medium,1
5,1050,Malteser / Zwergpudel Braun,medium,1
5,1050,Malteser / Zwergspitz (Pomeranian),medium,1
5,1050,Mastiff,large,1
5,1050,Miniatur Bull Terrier,medium,3
5,1050,Mittelspitz Braun/Schwarz,medium,1
5,1050,Mittelspitz Neufarben,medium,1
5,1050,Mittelspitz Neufarben / Chihuahua Langhaar,medium,1
5,1050,Mops (Carlin),small,9
5,1050,Mops (Carlin) / Beagle,medium,1
5,1050,Mops (Carlin) / Chihuahua Kurzhaar,small,1
5,1050,Mops (Carlin) / Mischling,small,1
5,1050,Mudi,medium,1
5,1050,Neufundländer / Nova Scotia Duck Tolling Retriever,large,1
5,1050,Norfolk Terrier / Jack Russell Terrier,medium,1
5,1050,Old English Sheepdog (Bobtail) / Mischling,large,2
5,1050,Papillon,small,2
5,1050,Parson Russell Terrier,medium,4
5,1050,Parson Russell Terrier / Mischling,medium,3
5,1050,Parson Russell Terrier / Podengo Portugues Kurzhaar Pequeno,medium,1
5,1050,Pekingese,small,9
5,1050,Pekingese / Dackel,small,1
5,1050,Pekingese / Langhaar Dachshund Normal,small,1
5,1050,Pekingese / Langhaar Dachshund Zwerg,small,1
5,1050,Pekingese / Malteser,small,1
5,1050,Pekingese / Mischling,small,4
5,1050,Pekingese / Zwergpudel Apricot,medium,1
5,1050,Phalene,small,1
5,1050,Phalene / Langhaar Dachshund Kaninchen,small,1
5,1050,Pinscher / Bulldog,medium,1
5,1050,Pinscher / Chihuahua Kurzhaar,medium,1
5,1050,Pinscher / Deutsch Drahthaar,medium,1
5,1050,Pinscher / Mischling,medium,1
5,1050,Pit Bull Terrier,large,1
5,1050,Podenco Canario,medium,1
5,1050,Podengo Portugues Kurzhaar Medio / Podenco Ibicenco Kurzhaar,medium,1
5,1050,Prager Rattler,small,2
5,1050,Pudel,medium,2
5,1050,Pudel / English Cocker Spaniel mehrfärbig,medium,1
5,1050,Pudel / Mischling,medium,2
5,1050,Pudelpointer,medium,1
5,1050,Puli andersfarbig,medium,2
5,1050,Puli andersfarbig / Mischling,medium,2
5,1050,Pumi / Pumi,medium,1
5,1050,Rafeiro do Alentejo / Cao da Serra da Estrela (Pelo Curto),large,1
5,1050,Rauhhaar Dachshund Kaninchen,small,1
5,1050,Rauhhaar Dachshund Zwerg,small,6
5,1050,Rauhhaar Dachshund Zwerg / Jack Russell Terrier,medium,1
5,1050,Rhodesian Ridgeback,large,1
5,1050,Rottweiler,large,2
5,1050,Russisch-Europäischer Laika,medium,1
5,1050,Russkiy Toy Kurzhaar,small,1
5,1050,Saluki / Greyhound,large,1
5,1050,Samojede,large,2
5,1050,Schipperke / Australian Kelpie,medium,1
5,1050,Schipperke / Mischling,small,1
5,1050,Schnauzer pfeffersalz / Hovawart,large,1
5,1050,Schnauzer pfeffersalz / Magyar Vizsla Drahthaar,medium,1
5,1050,Schnauzer schwarz / Mischling,medium,1
5,1050,Scottish Terrier,medium,2
5,1050,Shar Pei,medium,3
5,1050,Shetland Sheepdog,medium,1
5,1050,Shetland Sheepdog / Mischling,medium,1
5,1050,Shiba,medium,10
5,1050,Shiba / Podengo Portugues Kurzhaar Pequeno,medium,1
5,1050,Shih Tzu,small,4
5,1050,Shih Tzu / Mischling,small,1
5,1050,Siberian Husky,large,4
5,1050,Siberian Husky / Mischling,large,2
5,1050,Spitz,medium,2
5,1050,Spitz / Mischling,medium,3
5,1050,Srpski Gonic / Mischling,medium,1
5,1050,Steirische Rauhaarbracke,medium,1
5,1050,Südrussischer Ovtcharka / Flat-Coated Retriever,large,1
5,1050,Taiwan Dog / Mischling,medium,1
5,1050,Terrier Brasileiro,medium,1
5,1050,Terrier Brasileiro / Golden Retriever,large,1
5,1050,Terrier Brasileiro / Mischling,medium,1
5,1050,Thai Ridgeback Dog / Pharaoh Hound,large,1
5,1050,Thai Ridgeback Dog / Shiba,medium,1
5,1050,Tibetan Terrier / Mischling,medium,1
5,1050,Tornjak,large,1
5,1050,Toypudel Apricot,medium,4
5,1050,Toypudel Falb,medium,1
5,1050,Toypudel Rot,medium,1
5,1050,Toypudel Schwarz / Mischling,medium,1
5,1050,Unbekannt,unknown,16
5,1050,Unbekannt / Mischling,unknown,79
5,1050,Volpino Italiano,small,1
5,1050,Welsh Corgi Pembroke,medium,5
5,1050,Welsh Corgi Pembroke / Mischling,medium,1
5,1050,Welsh Corgi Pembroke / Zwergpinscher,medium,1
5,1050,Welsh Terrier / Rauhhaar Dachshund Normal,medium,1
5,1050,West Highland White Terrier,small,5
5,1050,West Highland White Terrier / Chihuahua Kurzhaar,small,1
5,1050,West Highland White Terrier / English Foxhound,large,1
5,1050,West Highland White Terrier / Mischling,small,1
5,1050,Whippet,medium,5
5,1050,Whippet / Jack Russell Terrier,medium,1
5,1050,Windhund,large,2
5,1050,Wolfspitz,large,1
5,1050,Yorkshire Terrier,small,22
5,1050,Yorkshire Terrier / Airedale Terrier,medium,1
5,1050,Yorkshire Terrier / Bichon frise,small,1
5,1050,Yorkshire Terrier / Border Terrier,medium,1
5,1050,Yorkshire Terrier / Malteser,small,1
5,1050,Yorkshire Terrier / Mischling,small,2
5,1050,Yorkshire Terrier / Pudelpointer,medium,1
5,1050,Yorkshire Terrier / Rauhhaar Dachshund Normal,small,1
5,1050,Zwergpinscher,medium,11
5,1050,Zwergpinscher / Chihuahua Kurzhaar,medium,1
5,1050,Zwergpinscher / Mischling,medium,2
5,1050,Zwergpudel Apricot,medium,15
5,1050,Zwergpudel Apricot / Malteser,medium,2
5,1050,Zwergpudel Braun,medium,4
5,1050,Zwergpudel Falb,medium,2
5,1050,Zwergpudel Grau,medium,1
5,1050,Zwergpudel Rot,medium,1
5,1050,Zwergpudel Rot / Cavalier King Charles Spaniel,medium,1
5,1050,Zwergpudel Schwarz,medium,2
5,1050,Zwergpudel falb aus Mehrfarben,medium,1
5,1050,Zwergpudel schwarz aus Mehrfarben,medium,2
5,1050,Zwergschnauzer weiss,medium,1
5,1050,Zwergspitz (Pomeranian),medium,31
5,1050,Zwergspitz (Pomeranian) / Siberian Husky,large,2
5,1050,Österreichischer Pinscher,medium,1
5,1050,Österreichischer Pinscher / Pinscher,medium,1
6,1060,Akita,large,4
6,1060,Akita / Pit Bull Terrier,large,1
6,1060,American Bulldog,large,1
6,1060,American Cocker Spaniel / Zwergpudel Apricot,medium,1
6,1060,American Staffordshire Terrier,large,9
6,1060,American Staffordshire Terrier / Mischling,large,1
6,1060,Appenzeller Sennenhund,large,1
6,1060,Australian Shepherd,medium,8
6,1060,Australian Shepherd / Berner Sennenhund,large,1
6,1060,Australian Shepherd / Border Collie,medium,1
6,1060,Australian Shepherd / Mischling,medium,1
6,1060,Australian Terrier,medium,1
6,1060,Basenji,medium,1
6,1060,Bayrischer Gebirgsschweisshund,medium,1
6,1060,Beagle,medium,9
6,1060,Beagle / Alpenländische Dachsbracke,medium,1
6,1060,Beagle / Collie Kurzhaar (Smooth),medium,1
6,1060,Beagle / Mischling,medium,1
6,1060,Bearded Collie / Belgischer Schäferhund,large,1
6,1060,Belgischer Schäferhund,large,1
6,1060,Belgischer Schäferhund / Mischling,large,2
6,1060,Berger Blanc Suisse,large,3
6,1060,Berner Sennenhund,large,1
6,1060,Berner Sennenhund / Bracke,large,1
6,1060,Bichon frise,small,4
6,1060,Bichon frise / Malteser,small,1
6,1060,Bolonka Zwetna,small,2
6,1060,Bolonka Zwetna / Mischling,small,1
6,1060,Border Collie,medium,2
6,1060,Border Collie / Australian Shepherd,medium,1
6,1060,Border Collie / Mischling,medium,3
6,1060,Border Collie / Zwergspitz (Pomeranian),medium,1
6,1060,Border Terrier,medium,1
6,1060,Bosanski Ostrodlaki Gonic - Barac / Labrador Retriever,large,1
6,1060,Boston Terrier,medium,2
6,1060,Bracke / Mischling,medium,1
6,1060,Cairn Terrier,small,1
6,1060,Cao de Agua Portugues (Portug. Wasserhund),large,1
6,1060,Cavalier King Charles Spaniel,small,7
6,1060,Cavalier King Charles Spaniel / American Cocker Spaniel,medium,1
6,1060,Chihuahua Kurzhaar,small,14
6,1060,Chihuahua Kurzhaar / Bologneser,small,1
6,1060,Chihuahua Kurzhaar / Whippet,medium,1
6,1060,Chihuahua Langhaar,small,7
6,1060,Chihuahua Langhaar / Mischling,small,1
6,1060,Chinese Crested Dog hairless,small,1
6,1060,Ciobanesc Romanesc Mioritic / Mischling,large,1
6,1060,Collie Langhaar (Rough),medium,1
6,1060,Coton de Tulear,small,1
6,1060,Dackel,small,5
6,1060,Dackel / Mischling,small,10
6,1060,Dalmatiner,medium,2
6,1060,Dalmatiner / Labrador Retriever,large,1
6,1060,Dalmatiner / Mischling,medium,1
6,1060,Deutsch Drahthaar,medium,1
6,1060,Deutsch Drahthaar / Kuvasz,large,1
6,1060,Deutsch Kurzhaar,medium,5
6,1060,Deutsch Kurzhaar / English Pointer,medium,1
6,1060,Deutscher Boxer gelb,large,3
6,1060,Deutscher Boxer gestromt,large,1
6,1060,Deutscher Jagdterrier / Rauhhaar Dachshund Normal,medium,1
6,1060,Deutscher Pinscher,medium,1
6,1060,Deutscher Pinscher / Deutscher Schäferhund,large,1
6,1060,Deutscher Pinscher / Mischling,medium,2
6,1060,Deutscher Schäferhund,large,3
6,1060,Deutscher Schäferhund / Beagle,large,1
6,1060,Deutscher Schäferhund / Mischling,large,9
6,1060,Deutscher Schäferhund Langstockhaar / Mischling,large,1
6,1060,Dobermann schwarz-rot,large,1
6,1060,English Cocker Spaniel einfärbig,medium,5
6,1060,English Cocker Spaniel einfärbig / Grosspudel Weiss,large,1
6,1060,English Cocker Spaniel einfärbig / Zwergpudel Apricot,medium,1
6,1060,English Cocker Spaniel mehrfärbig,medium,4
6,1060,English Cocker Spaniel mehrfärbig / Golden Retriever,large,1
6,1060,English Cocker Spaniel mehrfärbig / Kleinpudel Schwarz,medium,1
6,1060,English Foxhound / Labrador Retriever,large,1
6,1060,English Setter / Bearded Collie,medium,1
6,1060,English Setter / Nova Scotia Duck Tolling Retriever,medium,1
6,1060,Eurasier,medium,3
6,1060,Flat-Coated Retriever,large,2
6,1060,Flat-Coated Retriever / Pyrenäen Berghund,large,1
6,1060,Fox Terrier glatthaar / Mischling,medium,1
6,1060,Französische Bulldogge,medium,13
6,1060,Französische Bulldogge / Mischling,medium,1
6,1060,Galgo Espanol,medium,1
6,1060,Golden Retriever,large,13
6,1060,Golden Retriever / Grosspudel falb aus Mehrfarben,large,1
6,1060,Golden Retriever / Klein- oder Mittelpudel,large,1
6,1060,Golden Retriever / Kleiner Münsterländer,large,1
6,1060,Golden Retriever / Labrador Retriever,large,1
6,1060,Golden Retriever / Langhaar Dachshund Normal,large,1
6,1060,Golden Retriever / Mischling,large,2
6,1060,Golden Retriever / Pudelpointer,large,1
6,1060,Greyhound,medium,3
6,1060,Griffon Korthals / Fox Terrier drahthaar,medium,1
6,1060,Griffon belge,small,1
6,1060,Griffon bruxellois,small,3
6,1060,Grosser Schweizer Sennenhund,large,1
6,1060,Grosspudel Apricot,large,2
6,1060,Grosspudel Braun / Nova Scotia Duck Tolling Retriever,large,1
6,1060,Grosspudel Schwarz / Australian Shepherd,large,1
6,1060,Havaneser,small,18
6,1060,Havaneser / Kleinpudel Braun,medium,1
6,1060,Hellinikos Ichnilatis / Jack Russell Terrier,medium,1
6,1060,Hellinikos Ichnilatis / Tornjak,large,1
6,1060,Hrvatski Ovcar / Parson Russell Terrier,medium,1
6,1060,Irish Red and White Setter,medium,1
6,1060,Irish Terrier / Labrador Retriever,large,1
6,1060,Irish Wolfhound / Labrador Retriever,large,1
6,1060,Irish Wolfhound / Riesenschnauzer pfeffer-salz,large,1
6,1060,Italienisches Windspiel,small,3
6,1060,Italienisches Windspiel / Mischling,small,1
6,1060,Italienisches Windspiel / Whippet,medium,1
6,1060,Jack Russell Terrier,medium,9
6,1060,Jack Russell Terrier / King Charles Spaniel,medium,1
6,1060,Jack Russell Terrier / Kurzhaar Dachshund Zwerg,medium,1
6,1060,Jack Russell Terrier / Manchester Terrier,medium,1
6,1060,Jack Russell Terrier / Mischling,medium,4
6,1060,Jagdterrier,medium,1
6,1060,Karelischer Bärenhund / Afghanischer Windhund,large,1
6,1060,King Charles Spaniel,small,2
6,1060,Klein- oder Mittelpudel,medium,1
6,1060,Klein- oder Mittelpudel / English Cocker Spaniel einfärbig,medium,1
6,1060,Kleiner Münsterländer,medium,3
6,1060,Kleinpudel Braun,medium,1
6,1060,Kleinpudel Schwarz,medium,1
6,1060,Kleinpudel Schwarz / Mischling,medium,1
6,1060,Kooikerhondje,medium,1
6,1060,Kromfohrländer / Mischling,medium,1
6,1060,Kurzhaar Dachshund Kaninchen,small,3
6,1060,Kurzhaar Dachshund Kaninchen / Deutscher Schäferhund,large,1
6,1060,Kurzhaar Dachshund Normal,small,6
6,1060,Kurzhaar Dachshund Normal / Mischling,small,1
6,1060,Kurzhaar Dachshund Zwerg,small,9
6,1060,Labradoodle / Mischling,medium,1
6,1060,Labrador Retriever,large,26
6,1060,Labrador Retriever / Afghanischer Windhund,large,1
6,1060,Labrador Retriever / Border Collie,large,4
6,1060,Labrador Retriever / Collie Langhaar (Rough),large,1
6,1060,Labrador Retriever / Dackel,large,1
6,1060,Labrador Retriever / Deutscher Schäferhund,large,1
6,1060,Labrador Retriever / Golden Retriever,large,1
6,1060,Labrador Retriever / Mischling,large,12
6,1060,Labrador Retriever / Pudelpointer,large,1
6,1060,Labrador Retriever / Zwergpudel falb aus Mehrfarben,large,1
6,1060,Labrador Retriever / Österreichischer Pinscher,large,1
6,1060,Lagotto romagnolo,medium,9
6,1060,Lagotto romagnolo / English Cocker Spaniel einfärbig,medium,1
6,1060,Lagotto romagnolo / Mischling,medium,1
6,1060,Landseer / Golden Retriever,large,1
6,1060,Langhaar Dachshund Kaninchen,small,1
6,1060,Langhaar Dachshund Zwerg,small,1
6,1060,Leonberger / Mischling,large,1
6,1060,Lhasa Apso,small,1
6,1060,Magyar Vizsla Drahthaar,medium,3
6,1060,Magyar Vizsla Drahthaar / Mischling,medium,1
6,1060,Magyar Vizsla Kurzhaar,medium,1
6,1060,Malinois,medium,3
6,1060,Malinois / Berger de Beauce (Beauceron),large,1
6,1060,Malteser,small,18
6,1060,Malteser / Eurasier,medium,1
6,1060,Malteser / Havaneser,small,1
6,1060,Malteser / Jack Russell Terrier,medium,1
6,1060,Malteser / Mischling,small,1
6,1060,Malteser / Toypudel Apricot,medium,1
6,1060,Malteser / Zwergpudel Apricot,medium,3
6,1060,Malteser / Zwergpudel Rot,medium,1
6,1060,Malteser / Zwergpudel Weiss,medium,1
6,1060,Malteser / Zwergpudel falb aus Mehrfarben,medium,1
6,1060,Miniatur Bull Terrier,medium,3
6,1060,Mittelspitz Weiss / Canaan Dog,medium,1
6,1060,Mops (Carlin),small,3
6,1060,Mops (Carlin) / Mischling,small,2
6,1060,Mudi / Mischling,medium,1
6,1060,Neufundländer,large,1
6,1060,Norfolk Terrier / Mischling,small,1
6,1060,Parson Russell Terrier,medium,3
6,1060,Pekingese,small,3
6,1060,Pekingese / Mischling,small,3
6,1060,Perro de agua Espanol,medium,1
6,1060,Pinscher / Mischling,medium,2
6,1060,Pit Bull Terrier,large,3
6,1060,Pit Bull Terrier / American Staffordshire Terrier,large,1
6,1060,Pit Bull Terrier / Bulldog,large,1
6,1060,Podenco Canario / Mischling,medium,1
6,1060,Podenco Ibicenco Kurzhaar,medium,1
6,1060,Podenco Ibicenco Kurzhaar / Mischling,medium,2
6,1060,Poitevin / Mischling,large,1
6,1060,Prager Rattler,small,2
6,1060,Pudel,medium,5
6,1060,Pudel / Mischling,medium,1
6,1060,Rauhhaar Dachshund Kaninchen,small,1
6,1060,Rauhhaar Dachshund Normal,small,3
6,1060,Rauhhaar Dachshund Normal / Jack Russell Terrier,medium,1
6,1060,Rauhhaar Dachshund Normal / Welsh Corgi Pembroke,medium,1
6,1060,Rauhhaar Dachshund Zwerg,small,3
6,1060,Rhodesian Ridgeback,large,1
6,1060,Rhodesian Ridgeback / Labrador Retriever,large,1
6,1060,Rhodesian Ridgeback / Mischling,large,1
6,1060,Rottweiler,large,2
6,1060,Russkiy Toy Kurzhaar,small,2
6,1060,Schnauzer schwarz / Labrador Retriever,large,1
6,1060,Schwarzer Terrier / Mischling,large,2
6,1060,Schwarzer Terrier / Schnauzer schwarz,large,1
6,1060,Shetland Sheepdog,medium,2
6,1060,Shiba,medium,5
6,1060,Shih Tzu,small,4
6,1060,Shih Tzu / Mischling,small,1
6,1060,Siberian Husky,large,3
6,1060,Siberian Husky / Collie Langhaar (Rough),large,1
6,1060,Siberian Husky / Samojede,large,1
6,1060,Spitz,medium,1
6,1060,Spitz / Mischling,medium,1
6,1060,Staffordshire Bullterrier / Mischling,medium,2
6,1060,Terrier Brasileiro,medium,1
6,1060,Tibetan Terrier,medium,1
6,1060,Toypudel Apricot,medium,4
6,1060,Toypudel Braun,medium,1
6,1060,Toypudel Rot / Malteser,medium,1
6,1060,Toypudel Schwarz,medium,2
6,1060,Unbekannt,unknown,7
6,1060,Unbekannt / Mischling,unknown,61
6,1060,Weimaraner Kurzhaar,large,1
6,1060,Weimaraner Kurzhaar / Deutsch Kurzhaar,large,1
6,1060,Welsh Corgi Pembroke,medium,2
6,1060,West Highland White Terrier,small,3
6,1060,West Highland White Terrier / Mischling,small,1
6,1060,Whippet,medium,3
6,1060,Whippet / Podenco Ibicenco Rauhhaar,medium,1
6,1060,Xoloitzcuintle Medio,medium,1
6,1060,Yorkshire Terrier,small,15
6,1060,Yorkshire Terrier / Irish Terrier,medium,1
6,1060,Yorkshire Terrier / Mischling,small,2
6,1060,Zwergpinscher,medium,2
6,1060,Zwergpinscher / Manchester Terrier,medium,1
6,1060,Zwergpinscher / Mischling,medium,1
6,1060,Zwergpudel Apricot,medium,15
6,1060,Zwergpudel Falb,medium,1
6,1060,Zwergpudel Schwarz,medium,5
6,1060,Zwergpudel Weiss,medium,1
6,1060,Zwergschnauzer pfeffer-salz,medium,3
6,1060,Zwergschnauzer schwarz,medium,1
6,1060,Zwergschnauzer schwarz-silber,medium,1
6,1060,Zwergspitz (Pomeranian),medium,10
6,1060,Zwergspitz (Pomeranian) / Jack Russell Terrier,medium,1
6,1060,Zwergspitz (Pomeranian) / Mischling,medium,2
6,1060,Zwergspitz (Pomeranian) / Mops (Carlin),medium,1
6,1060,Österreichischer Pinscher,medium,1
6,1060,Österreichischer Pinscher / Mischling,medium,2
7,1070,Airedale Terrier,medium,1
7,1070,Akita,large,1
7,1070,Alpenländische Dachsbracke / Mischling,medium,1
7,1070,American Cocker Spaniel / Kleiner Münsterländer,medium,1
7,1070,American Cocker Spaniel / Kleinpudel Apricot,medium,3
7,1070,American Staffordshire Terrier,large,2
7,1070,American Staffordshire Terrier / Mischling,large,1
7,1070,Appenzeller Sennenhund / Entlebucher Sennenhund,large,1
7,1070,Australian Shepherd,medium,9
7,1070,Australian Shepherd / Border Collie,medium,3
7,1070,Australian Shepherd / Entlebucher Sennenhund,medium,1
7,1070,Australian Shepherd / Labrador Retriever,large,1
7,1070,Australian Shepherd / Mischling,medium,1
7,1070,Australian Silky Terrier / Spitz,medium,1
7,1070,Australian Terrier / Rauhhaar Dachshund Kaninchen,medium,1
7,1070,Barbet,medium,1
7,1070,Barsoi,large,2
7,1070,Basenji,medium,1
7,1070,Basenji / Mischling,medium,1
7,1070,Basset Hound,medium,1
7,1070,Beagle,medium,10
7,1070,Beagle / Mischling,medium,4
7,1070,Beagle / Toypudel Braun,medium,1
7,1070,Belgischer Schäferhund / Mischling,large,4
7,1070,Berger Blanc Suisse,large,1
7,1070,Berger de Brie (Briard),large,1
7,1070,Berger de Picardie (Berger Picard),medium,1
7,1070,Berger de Picardie (Berger Picard) / Schnauzer pfeffersalz,medium,1
7,1070,Berner Sennenhund,large,2
7,1070,Bichon frise,small,2
7,1070,Bichon frise / Malteser,small,1
7,1070,Bichon frise / Pudelpointer,medium,1
7,1070,Bologneser,small,2
7,1070,Bologneser / Havaneser,small,1
7,1070,Bolonka Zwetna,small,4
7,1070,Border Collie,medium,3
7,1070,Border Collie / Labrador Retriever,large,1
7,1070,Border Collie / Mischling,medium,5
7,1070,Bracke,medium,1
7,1070,Bracke / Mischling,medium,1
7,1070,Bracke / Schiller Stövare,medium,1
7,1070,Brandlbracke,medium,1
7,1070,Brandlbracke / Golden Retriever,large,1
7,1070,Braque francais - Type Gascogne (Grande) / Mischling,large,1
7,1070,Braque francais - Type Pyrenees (Petite) / Pinscher,medium,1
7,1070,Bulldog,medium,2
7,1070,Canaan Dog,medium,1
7,1070,Cane Corso Italiano,large,2
7,1070,Cao de Agua Portugues (Portug. Wasserhund),large,4
7,1070,Cavalier King Charles Spaniel,small,7
7,1070,Cavalier King Charles Spaniel / Toypudel Braun,medium,1
7,1070,Cavalier King Charles Spaniel / Zwergpudel Apricot,medium,1
7,1070,Chihuahua Kurzhaar,small,5
7,1070,Chihuahua Kurzhaar / Mischling,small,2
7,1070,Chihuahua Kurzhaar / Pinscher,medium,1
7,1070,Chihuahua Langhaar,small,7
7,1070,Chihuahua Langhaar / Mischling,small,1
7,1070,Chinese Crested Dog hairless,small,1
7,1070,Chinese Crested Dog powderpuff,small,1
7,1070,Chow-Chow,large,1
7,1070,Clumber Spaniel / Mischling,medium,1
7,1070,Cockerpoo,medium,3
7,1070,Collie Langhaar (Rough),medium,1
7,1070,Collie Langhaar (Rough) / Afghanischer Windhund,large,1
7,1070,Coton de Tulear,small,1
7,1070,Dackel,small,7
7,1070,Dackel / Mischling,small,8
7,1070,Dalmatiner,medium,4
7,1070,Dalmatiner / Italienisches Windspiel,medium,1
7,1070,Deutsch Drahthaar,medium,1
7,1070,Deutsch Kurzhaar,medium,2
7,1070,Deutsch Kurzhaar / Mischling,medium,1
7,1070,Deutsch Kurzhaar / Zwergpinscher,medium,1
7,1070,Deutsche Bracke,medium,1
7,1070,Deutsche Dogge blau,large,1
7,1070,Deutsche Dogge schwarz,large,1
7,1070,Deutscher Boxer gelb,large,1
7,1070,Deutscher Jagdterrier / Irish Terrier,medium,1
7,1070,Deutscher Jagdterrier / Kurzhaar Dachshund Normal,medium,1
7,1070,Deutscher Jagdterrier / Zwergpinscher,medium,1
7,1070,Deutscher Pinscher / Mischling,medium,2
7,1070,Deutscher Schäferhund,large,4
7,1070,Deutscher Schäferhund / Labrador Retriever,large,1
7,1070,Deutscher Schäferhund / Mischling,large,6
7,1070,Deutscher Schäferhund Langstockhaar / Mischling,large,1
7,1070,Deutscher Spitz,medium,2
7,1070,Dobermann braun-rot,large,1
7,1070,English Cocker Spaniel einfärbig,medium,8
7,1070,English Cocker Spaniel einfärbig / Kleinpudel Apricot,medium,1
7,1070,English Cocker Spaniel einfärbig / Kleinpudel Braun,medium,1
7,1070,English Cocker Spaniel einfärbig / Kleinpudel Rot,medium,1
7,1070,English Cocker Spaniel einfärbig / Kleinpudel Schwarz,medium,1
7,1070,English Cocker Spaniel einfärbig / Kurzhaar Dachshund Normal,medium,1
7,1070,English Cocker Spaniel mehrfärbig,medium,2
7,1070,English Cocker Spaniel mehrfärbig / Kleinpudel Apricot,medium,1
7,1070,English Cocker Spaniel mehrfärbig / Mischling,medium,2
7,1070,English Setter,medium,1
7,1070,English Springer Spaniel,medium,1
7,1070,Entlebucher Sennenhund,medium,1
7,1070,Eurasier,medium,2
7,1070,Flat-Coated Retriever / Labrador Retriever,large,1
7,1070,Fox Terrier drahthaar,medium,4
7,1070,Fox Terrier drahthaar / Kromfohrländer,medium,1
7,1070,Fox Terrier drahthaar / Mischling,medium,1
7,1070,Fox Terrier glatthaar / Jack Russell Terrier,medium,1
7,1070,Fox Terrier glatthaar / Mischling,medium,2
7,1070,Französische Bulldogge,medium,11
7,1070,Französische Bulldogge / Miniatur Bull Terrier,medium,1
7,1070,Golden Retriever,large,15
7,1070,Golden Retriever / Galgo Espanol,large,1
7,1070,Golden Retriever / Grosspudel Apricot,large,1
7,1070,Golden Retriever / Kleinpudel Apricot,large,1
7,1070,Golden Retriever / Labradoodle,large,1
7,1070,Golden Retriever / Labrador Retriever,large,1
7,1070,Golden Retriever / Mischling,large,3
7,1070,Greyhound,medium,1
7,1070,Greyhound / Mischling,medium,1
7,1070,Grosser Schweizer Sennenhund,large,1
7,1070,Grosser Schweizer Sennenhund / Berner Sennenhund,large,1
7,1070,Grosspudel Apricot,large,4
7,1070,Grosspudel Apricot / Golden Retriever,large,2
7,1070,Grosspudel Rot / Labrador Retriever,large,1
7,1070,Grosspudel Weiss,large,1
7,1070,Grosspudel Weiss / Bichon frise,large,1
7,1070,Havaneser,small,8
7,1070,Havaneser / Bichon frise,small,2
7,1070,Havaneser / Coton de Tulear,small,1
7,1070,Havaneser / Kleinpudel Weiss,medium,1
7,1070,Havaneser / Löwchen,small,1
7,1070,Havaneser / Mischling,small,1
7,1070,Havaneser / Zwergpudel Schwarz,medium,1
7,1070,Hrvatski Ovcar / Istrianer Bracke Kurzhaar (Kratkodlaki Goni,medium,1
7,1070,Irish Red Setter,medium,1
7,1070,Irish Wolfhound,large,1
7,1070,Irish Wolfhound / Collie Langhaar (Rough),large,1
7,1070,Irish Wolfhound / Schnauzer pfeffersalz,large,1
7,1070,Italienisches Windspiel,small,1
7,1070,Jack Russell Terrier,medium,14
7,1070,Jack Russell Terrier / Basenji,medium,1
7,1070,Jack Russell Terrier / Canaan Dog,medium,1
7,1070,Jack Russell Terrier / Chihuahua Kurzhaar,medium,1
7,1070,Jack Russell Terrier / Dackel,medium,1
7,1070,Jack Russell Terrier / Langhaar Dachshund Normal,medium,1
7,1070,Jack Russell Terrier / Mischling,medium,9
7,1070,Jack Russell Terrier / Parson Russell Terrier,medium,1
7,1070,Kangal / Mischling,large,1
7,1070,King Charles Spaniel,small,1
7,1070,Klein- oder Mittelpudel,medium,1
7,1070,Klein- oder Mittelpudel / Malteser,medium,1
7,1070,Kleinpudel Apricot,medium,1
7,1070,Kleinpudel Braun / English Cocker Spaniel einfärbig,medium,1
7,1070,Kleinpudel Schwarz / Golden Retriever,large,1
7,1070,Kleinpudel Schwarz / Schnauzer schwarz,medium,1
7,1070,Kleinpudel schwarz aus Mehrfarben,medium,2
7,1070,Kleinspitz Neufarben,medium,1
7,1070,Kooikerhondje,medium,2
7,1070,Kromfohrländer,medium,1
7,1070,Kurzhaar Dachshund Kaninchen,small,1
7,1070,Kurzhaar Dachshund Kaninchen / Mischling,small,1
7,1070,Kurzhaar Dachshund Normal,small,3
7,1070,Kurzhaar Dachshund Normal / Fox Terrier glatthaar,medium,1
7,1070,Kurzhaar Dachshund Normal / Mischling,small,5
7,1070,Kurzhaar Dachshund Zwerg,small,2
7,1070,Labradoodle,medium,4
7,1070,Labrador Retriever,large,20
7,1070,Labrador Retriever / Belgischer Schäferhund,large,1
7,1070,Labrador Retriever / Border Collie,large,1
7,1070,Labrador Retriever / Bracke,large,1
7,1070,Labrador Retriever / Dalmatiner,large,1
7,1070,Labrador Retriever / Deutsch Kurzhaar,large,1
7,1070,Labrador Retriever / Dobermann schwarz-rot,large,1
7,1070,Labrador Retriever / Epagneul breton,large,1
7,1070,Labrador Retriever / Flat-Coated Retriever,large,1
7,1070,Labrador Retriever / Golden Retriever,large,2
7,1070,Labrador Retriever / Grosspudel Apricot,large,1
7,1070,Labrador Retriever / Mischling,large,12
7,1070,Labrador Retriever / Siberian Husky,large,1
7,1070,Lagotto romagnolo,medium,5
7,1070,Lakeland Terrier,medium,1
7,1070,Langhaar Dachshund Kaninchen,small,1
7,1070,Langhaar Dachshund Normal,small,1
7,1070,Langhaar Dachshund Zwerg,small,3
7,1070,Lhasa Apso,small,1
7,1070,Lurcher,medium,1
7,1070,Löwchen,small,2
7,1070,Magyar Vizsla Drahthaar,medium,1
7,1070,Magyar Vizsla Kurzhaar,medium,4
7,1070,Magyar Vizsla Kurzhaar / Golden Retriever,large,1
7,1070,Malinois / Azawakh,large,1
7,1070,Malteser,small,26
7,1070,Malteser / Bichon frise,small,1
7,1070,Malteser / Kleinpudel Apricot,medium,1
7,1070,Malteser / Kleinpudel Braun,medium,1
7,1070,Malteser / Mischling,small,3
7,1070,Malteser / Papillon,small,1
7,1070,Malteser / Pudel,medium,2
7,1070,Malteser / Pudelpointer,medium,1
7,1070,Malteser / Shih Tzu,small,1
7,1070,Malteser / Toypudel Braun,medium,1
7,1070,Malteser / Zwergpudel Braun,medium,1
7,1070,Mops (Carlin),small,12
7,1070,Mudi,medium,1
7,1070,Mudi / Mischling,medium,1
7,1070,Norfolk Terrier,small,1
7,1070,Norwich Terrier,small,1
7,1070,Nova Scotia Duck Tolling Retriever,medium,1
7,1070,Nova Scotia Duck Tolling Retriever / Mischling,medium,1
7,1070,Papillon,small,1
7,1070,Parson Russell Terrier,medium,2
7,1070,Parson Russell Terrier / Berner Laufhund,large,1
7,1070,Parson Russell Terrier / Mischling,medium,1
7,1070,Pekingese,small,2
7,1070,Pekingese / Chihuahua Kurzhaar,small,1
7,1070,Pekingese / Mischling,small,5
7,1070,Pekingese / Zwergspitz (Pomeranian),medium,1
7,1070,Perro de agua Espanol,medium,1
7,1070,Petit Basset griffon vendeen,medium,2
7,1070,Pinscher,medium,2
7,1070,Pinscher / Jack Russell Terrier,medium,1
7,1070,Pinscher / Mischling,medium,2
7,1070,Pit Bull Terrier,large,2
7,1070,Podenco Ibicenco Kurzhaar,medium,1
7,1070,Posavski Gonic / Mischling,medium,1
7,1070,Pudel,medium,4
7,1070,Pudel / Havaneser,medium,1
7,1070,Pudelpointer / Mischling,medium,1
7,1070,Rat Terrier,small,1
7,1070,Rauhhaar Dachshund Normal,small,2
7,1070,Rauhhaar Dachshund Normal / Terrier Brasileiro,medium,1
7,1070,Rauhhaar Dachshund Zwerg,small,6
7,1070,Rauhhaar Dachshund Zwerg / Langhaar Dachshund Kaninchen,small,1
7,1070,Rauhhaar Dachshund Zwerg / Mischling,small,1
7,1070,Rauhhaar Dachshund Zwerg / Zwergschnauzer pfeffer-salz,medium,1
7,1070,Russkiy Toy Kurzhaar,small,1
7,1070,Samojede,large,4
7,1070,Schnauzer pfeffersalz,medium,3
7,1070,Schnauzer schwarz / Mischling,medium,1
7,1070,Shetland Sheepdog,medium,2
7,1070,Shetland Sheepdog / Spitz,medium,1
7,1070,Shiba,medium,3
7,1070,Shiba / Shar Pei,medium,1
7,1070,Shiba / Zwergspitz (Pomeranian),medium,1
7,1070,Shih Tzu,small,5
7,1070,Shih Tzu / Pudelpointer,medium,1
7,1070,Siberian Husky,large,3
7,1070,Skye Terrier,small,2
7,1070,Sloughi,large,1
7,1070,Spitz,medium,2
7,1070,Spitz / Border Collie,medium,1
7,1070,Spitz / Mischling,medium,2
7,1070,Staffordshire Bullterrier,medium,2
7,1070,Staffordshire Bullterrier / Border Collie,medium,1
7,1070,Terrier Brasileiro,medium,2
7,1070,Tibetan Terrier,medium,1
7,1070,Tibetan Terrier / Mischling,medium,2
7,1070,Tornjak / Mischling,large,1
7,1070,Toypudel Apricot,medium,6
7,1070,Toypudel Falb,medium,1
7,1070,Tschechoslowakischer Wolfhund,large,1
7,1070,Unbekannt,unknown,7
7,1070,Unbekannt / Mischling,unknown,54
7,1070,Västgötaspets / Jack Russell Terrier,medium,1
7,1070,Weimaraner Kurzhaar,large,2
7,1070,Weimaraner Kurzhaar / Labrador Retriever,large,1
7,1070,Welsh Corgi Pembroke,medium,3
7,1070,West Highland White Terrier,small,3
7,1070,Whippet,medium,1
7,1070,Windhund,large,1
7,1070,Wolfspitz,large,1
7,1070,Yorkshire Terrier,small,9
7,1070,Yorkshire Terrier / Mischling,small,4
7,1070,Zwergpinscher,medium,3
7,1070,Zwergpinscher / Mischling,medium,1
7,1070,Zwergpudel Apricot,medium,23
7,1070,Zwergpudel Rot,medium,1
7,1070,Zwergpudel Schwarz,medium,3
7,1070,Zwergpudel schwarz aus Mehrfarben / Yorkshire Terrier,medium,1
7,1070,Zwergschnauzer pfeffer-salz,medium,3
7,1070,Zwergschnauzer pfeffer-salz / Jack Russell Terrier,medium,1
7,1070,Zwergschnauzer schwarz,medium,1
7,1070,Zwergspitz (Pomeranian),medium,11
7,1070,Zwergspitz (Pomeranian) / Japanischer Spitz,medium,1
7,1070,Zwergspitz (Pomeranian) / Mischling,medium,1
7,1070,Österreichischer Pinscher,medium,1
7,1070,Österreichischer Pinscher / Kurzhaar Dachshund Kaninchen,medium,1
7,1070,Österreichischer Pinscher / Mischling,medium,1
8,1080,Akita,large,2
8,1080,American Cocker Spaniel,medium,1
8,1080,American Cocker Spaniel / Kleinpudel Apricot,medium,2
8,1080,American Cocker Spaniel / Zwergpudel Apricot,medium,1
8,1080,American Staffordshire Terrier,large,5
8,1080,American Staffordshire Terrier / Labrador Retriever,large,1
8,1080,American Staffordshire Terrier / Mischling,large,1
8,1080,Appenzeller Sennenhund,large,1
8,1080,Aussiedoodle,medium,1
8,1080,Australian Shepherd,medium,1
8,1080,Basset Hound / Mischling,medium,1
8,1080,Basset fauve de Bretagne,medium,1
8,1080,Beagle,medium,9
8,1080,Beagle / American Foxhound,large,1
8,1080,Beagle / Collie Langhaar (Rough),medium,1
8,1080,Beagle / Mischling,medium,2
8,1080,Beagle Harrier / Sloughi,large,1
8,1080,Bearded Collie / Mischling,medium,1
8,1080,Bedlington Terrier / Pudelpointer,medium,1
8,1080,Belgischer Schäferhund / Deutscher Schäferhund,large,1
8,1080,Belgischer Schäferhund / Jack Russell Terrier,large,1
8,1080,Belgischer Schäferhund / Mischling,large,1
8,1080,Belgischer Schäferhund / Podengo Portugues Kurzhaar Medio,large,1
8,1080,Berger Blanc Suisse,large,3
8,1080,Berger de Picardie (Berger Picard) / Mischling,medium,1
8,1080,Berner Sennenhund,large,2
8,1080,Berner Sennenhund / Mischling,large,1
8,1080,Bichon frise,small,1
8,1080,Bichon frise / Mischling,small,1
8,1080,Biewer Terrier,small,1
8,1080,Bologneser,small,1
8,1080,Bolonka Zwetna,small,2
8,1080,Bolonka Zwetna / Mischling,small,1
8,1080,Border Collie,medium,6
8,1080,Border Collie / Mischling,medium,2
8,1080,Border Terrier,medium,2
8,1080,Border Terrier / Mischling,medium,1
8,1080,Braque francais - Type Pyrenees (Petite) / Kleiner Münsterlä,medium,1
8,1080,Bulldog,medium,3
8,1080,Cane Corso Italiano,large,1
8,1080,Cane Corso Italiano / Bulldog,large,1
8,1080,Cao de Agua Portugues (Portug. Wasserhund),large,5
8,1080,Cavalier King Charles Spaniel,small,8
8,1080,Cavalier King Charles Spaniel / Pudel,medium,1
8,1080,Chihuahua Kurzhaar,small,9
8,1080,Chihuahua Kurzhaar / Langhaar Dachshund Kaninchen,small,1
8,1080,Chihuahua Kurzhaar / Mischling,small,3
8,1080,Chihuahua Langhaar,small,3
8,1080,Chihuahua Langhaar / Papillon,small,1
8,1080,Chihuahua Langhaar / Zwergspitz (Pomeranian),medium,1
8,1080,Chinese Crested Dog hairless,small,2
8,1080,Chow-Chow,large,1
8,1080,Cockerpoo,medium,1
8,1080,Collie Langhaar (Rough),medium,2
8,1080,Dackel,small,3
8,1080,Dackel / Jack Russell Terrier,medium,1
8,1080,Dackel / Mischling,small,5
8,1080,Dalmatiner,medium,3
8,1080,Dalmatiner / Magyar Vizsla Kurzhaar,medium,1
8,1080,Deutsche Bracke / Deutscher Wachtelhund,medium,1
8,1080,Deutscher Boxer gelb,large,2
8,1080,Deutscher Jagdterrier / Dackel,medium,1
8,1080,Deutscher Jagdterrier / Mischling,medium,3
8,1080,Deutscher Pinscher / Mischling,medium,1
8,1080,Deutscher Schäferhund,large,2
8,1080,Deutscher Schäferhund / Border Collie,large,1
8,1080,Deutscher Schäferhund / Deutsch Kurzhaar,large,1
8,1080,Deutscher Schäferhund / Kurzhaar Dachshund Kaninchen,large,1
8,1080,Deutscher Schäferhund / Mischling,large,2
8,1080,Deutscher Schäferhund Langstockhaar,large,1
8,1080,Deutscher Schäferhund Langstockhaar / Westsibirischer Laika,large,1
8,1080,Dobermann braun-rot,large,1
8,1080,Dogo Argentino,large,2
8,1080,Elo,medium,1
8,1080,English Cocker Spaniel einfärbig,medium,3
8,1080,English Cocker Spaniel einfärbig / Grosspudel Apricot,large,1
8,1080,English Cocker Spaniel mehrfärbig,medium,4
8,1080,English Cocker Spaniel mehrfärbig / Mischling,medium,1
8,1080,English Pointer / Magyar Vizsla Kurzhaar,medium,1
8,1080,English Pointer / Mischling,medium,1
8,1080,English Setter,medium,1
8,1080,English Springer Spaniel,medium,1
8,1080,Entlebucher Sennenhund,medium,3
8,1080,Field Spaniel,medium,1
8,1080,Flat-Coated Retriever,large,1
8,1080,Fox Terrier drahthaar,medium,1
8,1080,Französische Bulldogge,medium,11
8,1080,Galgo Espanol,medium,4
8,1080,Golden Retriever,large,7
8,1080,Golden Retriever / Grosspudel Apricot,large,1
8,1080,Golden Retriever / Irish Red Setter,large,1
8,1080,Golden Retriever / Labrador Retriever,large,1
8,1080,Golden Retriever / Pudelpointer,large,1
8,1080,Gordon Setter,medium,1
8,1080,Grand gascon saintongeois,large,1
8,1080,Greyhound,medium,1
8,1080,Griffon Korthals,small,1
8,1080,Grosspudel Apricot,large,2
8,1080,Grosspudel Braun / Labrador Retriever,large,1
8,1080,Havaneser,small,12
8,1080,Hellinikos Ichnilatis / Mischling,medium,1
8,1080,Hovawart / Rhodesian Ridgeback,large,1
8,1080,Irish Red Setter,medium,1
8,1080,Italienisches Windspiel,small,2
8,1080,Italienisches Windspiel / Bearded Collie,medium,1
8,1080,Italienisches Windspiel / Mischling,small,1
8,1080,Jack Russell Terrier,medium,8
8,1080,Jack Russell Terrier / Beagle,medium,1
8,1080,Jack Russell Terrier / Irish Terrier,medium,1
8,1080,Jack Russell Terrier / Mischling,medium,2
8,1080,King Charles Spaniel / Mischling,small,1
8,1080,Klein- oder Mittelpudel,medium,1
8,1080,Klein- oder Mittelpudel / Cavalier King Charles Spaniel,medium,1
8,1080,Kleinpudel Apricot / Malteser,medium,1
8,1080,Kleinpudel Braun / Malteser,medium,1
8,1080,Kleinpudel Falb,medium,1
8,1080,Kleinpudel Schwarz,medium,1
8,1080,Komondor / Mischling,large,1
8,1080,Kooikerhondje,medium,1
8,1080,Kurzhaar Dachshund Kaninchen,small,2
8,1080,Kurzhaar Dachshund Kaninchen / Jack Russell Terrier,medium,1
8,1080,Kurzhaar Dachshund Normal,small,2
8,1080,Kurzhaar Dachshund Normal / Beagle,medium,1
8,1080,Kurzhaar Dachshund Normal / Deerhound,large,1
8,1080,Kurzhaar Dachshund Normal / Mischling,small,1
8,1080,Kurzhaar Dachshund Zwerg,small,9
8,1080,Kurzhaar Dachshund Zwerg / Australian Terrier,medium,1
8,1080,Kurzhaar Dachshund Zwerg / Mischling,small,1
8,1080,Labradoodle / Mischling,medium,1
8,1080,Labrador Retriever,large,32
8,1080,Labrador Retriever / Drever,large,1
8,1080,Labrador Retriever / Flat-Coated Retriever,large,1
8,1080,Labrador Retriever / Mischling,large,9
8,1080,Labrador Retriever / Mudi,large,1
8,1080,Labrador Retriever / Pudel,large,1
8,1080,Labrador Retriever / Terrier Brasileiro,large,1
8,1080,Lagotto romagnolo,medium,7
8,1080,Lagotto romagnolo / English Cocker Spaniel einfärbig,medium,1
8,1080,Lagotto romagnolo / Labrador Retriever,large,1
8,1080,Lakeland Terrier,medium,1
8,1080,Langhaar Dachshund Kaninchen,small,4
8,1080,Langhaar Dachshund Normal / Alpenländische Dachsbracke,medium,1
8,1080,Langhaar Dachshund Normal / Mischling,small,1
8,1080,Leonberger,large,1
8,1080,Magyar Vizsla Drahthaar,medium,2
8,1080,Magyar Vizsla Kurzhaar,medium,3
8,1080,Malteser,small,5
8,1080,Malteser / Mischling,small,3
8,1080,Malteser / Zwergpudel Apricot,medium,2
8,1080,Malteser / Zwergpudel Weiss,medium,1
8,1080,Mittelspitz Weiss,medium,1
8,1080,Mops (Carlin),small,4
8,1080,Norsk Buhund,medium,1
8,1080,Nova Scotia Duck Tolling Retriever,medium,1
8,1080,Olde English Bulldogge,large,2
8,1080,Papillon,small,3
8,1080,Papillon / Mischling,small,1
8,1080,Parson Russell Terrier,medium,6
8,1080,Parson Russell Terrier / Border Collie,medium,1
8,1080,Parson Russell Terrier / Papillon,medium,2
8,1080,Perro de agua Espanol,medium,1
8,1080,Pinscher / Mischling,medium,1
8,1080,Pinscher / Österreichischer Pinscher,medium,1
8,1080,Pit Bull Terrier,large,1
8,1080,Podenco Canario,medium,3
8,1080,Podenco Canario / Whippet,medium,1
8,1080,Podenco Ibicenco Kurzhaar,medium,1
8,1080,Podengo Portugues Kurzhaar Medio,medium,1
8,1080,Podengo Portugues Rauhhaar Medio / Parson Russell Terrier,medium,1
8,1080,Pudel,medium,5
8,1080,Pudel / Mischling,medium,1
8,1080,Rauhhaar Dachshund Normal / Mischling,small,1
8,1080,Rauhhaar Dachshund Zwerg,small,5
8,1080,Rhodesian Ridgeback,large,1
8,1080,Riesenschnauzer pfeffer-salz,large,1
8,1080,Riesenschnauzer pfeffer-salz / Mischling,large,1
8,1080,Russisch-Europäischer Laika / Berger Blanc Suisse,large,1
8,1080,Samojede,large,1
8,1080,Samojede / Deutscher Schäferhund,large,1
8,1080,Schnauzer pfeffersalz,medium,1
8,1080,Schnauzer pfeffersalz / Mischling,medium,1
8,1080,Shar Pei,medium,1
8,1080,Shetland Sheepdog,medium,1
8,1080,Shiba,medium,2
8,1080,Shih Tzu,small,7
8,1080,Siberian Husky,large,2
8,1080,Siberian Husky / Labrador Retriever,large,1
8,1080,Silken Windsprite,medium,1
8,1080,Spinone Italiano,large,1
8,1080,Spinone Italiano / Mischling,large,1
8,1080,Spitz,medium,2
8,1080,St. Bernhardshund Kurzhaar,large,1
8,1080,Staffordshire Bullterrier,medium,4
8,1080,Terrier Brasileiro / Mischling,medium,1
8,1080,Tibetan Spaniel,small,1
8,1080,Tibetan Terrier / Mischling,medium,1
8,1080,Toypudel Apricot,medium,1
8,1080,Toypudel Apricot / Malteser,medium,1
8,1080,Toypudel Grau,medium,1
8,1080,Toypudel Rot,medium,1
8,1080,Toypudel Schwarz,medium,1
8,1080,Toypudel Weiss,medium,2
8,1080,Unbekannt,unknown,11
8,1080,Unbekannt / Mischling,unknown,44
8,1080,Welsh Corgi Cardigan / Deutscher Schäferhund,large,2
8,1080,Welsh Corgi Pembroke,medium,5
8,1080,Welsh Corgi Pembroke / Mischling,medium,1
8,1080,Welsh Springer Spaniel / American Cocker Spaniel,medium,1
8,1080,West Highland White Terrier,small,1
8,1080,Whippet,medium,6
8,1080,Yorkshire Terrier,small,12
8,1080,Yorkshire Terrier / Mischling,small,1
8,1080,Zwergpinscher,medium,3
8,1080,Zwergpinscher / Mischling,medium,1
8,1080,Zwergpudel Apricot,medium,11
8,1080,Zwergpudel Apricot / Malteser,medium,1
8,1080,Zwergpudel Braun,medium,2
8,1080,Zwergpudel Schwarz,medium,1
8,1080,Zwergpudel Weiss,medium,1
8,1080,Zwergpudel falb aus Mehrfarben,medium,1
8,1080,Zwergschnauzer pfeffer-salz,medium,2
8,1080,Zwergschnauzer schwarz-silber,medium,1
8,1080,Zwergspitz (Pomeranian),medium,8
8,1080,Österreichischer Pinscher,medium,1
9,1090,Affenpinscher / Zwergschnauzer pfeffer-salz,medium,1
9,1090,Aidi / Sloughi,large,1
9,1090,Akita,large,3
9,1090,Akita / Siberian Husky,large,1
9,1090,Alaskan Malamute,large,2
9,1090,Alpenländische Dachsbracke,medium,2
9,1090,Alpenländische Dachsbracke / Mischling,medium,1
9,1090,American Bully,large,1
9,1090,American Bully / Mischling,large,1
9,1090,American Cocker Spaniel,medium,1
9,1090,American Cocker Spaniel / Grosspudel Rot,large,1
9,1090,American Cocker Spaniel / Kleinpudel Weiss,medium,1
9,1090,American Staffordshire Terrier,large,7
9,1090,American Staffordshire Terrier / Labrador Retriever,large,1
9,1090,American Staffordshire Terrier / Mischling,large,3
9,1090,Appenzeller Gebirgsschweisshund / Mischling,large,1
9,1090,Appenzeller Sennenhund,large,1
9,1090,Appenzeller Sennenhund / Labrador Retriever,large,1
9,1090,Ariegeois / Segugio Italiano a pelo forte,large,1
9,1090,Australian Cattledog,medium,1
9,1090,Australian Shepherd,medium,12
9,1090,Australian Shepherd / Berner Sennenhund,large,1
9,1090,Australian Shepherd / Border Collie,medium,2
9,1090,Australian Shepherd / Deutscher Schäferhund,large,2
9,1090,Australian Shepherd / Mischling,medium,3
9,1090,Australian Shepherd / Podengo Portugues Kurzhaar Medio,medium,1
9,1090,Barbet,medium,1
9,1090,Barsoi,large,1
9,1090,Bayrischer Gebirgsschweisshund / Australian Shepherd,medium,1
9,1090,Beagle,medium,13
9,1090,Beagle / Collie Kurzhaar (Smooth),medium,1
9,1090,Beagle / Golden Retriever,large,1
9,1090,Beagle / Harrier,medium,1
9,1090,Beagle / Labrador Retriever,large,1
9,1090,Beagle / Mischling,medium,4
9,1090,Bearded Collie,medium,2
9,1090,Belgischer Schäferhund,large,1
9,1090,Belgischer Schäferhund / Mischling,large,3
9,1090,Berger Blanc Suisse,large,2
9,1090,Berner Sennenhund,large,3
9,1090,Berner Sennenhund / Mischling,large,1
9,1090,Bichon frise,small,4
9,1090,Bichon frise / Mischling,small,2
9,1090,Bichon frise / Zwergspitz (Pomeranian),medium,1
9,1090,Bologneser,small,1
9,1090,Bolonka Zwetna,small,1
9,1090,Border Collie,medium,14
9,1090,Border Collie / Airedale Terrier,medium,1
9,1090,Border Collie / Australian Shepherd,medium,1
9,1090,Border Collie / Berner Sennenhund,large,1
9,1090,Border Collie / Collie Kurzhaar (Smooth),medium,1
9,1090,Border Collie / Deutscher Schäferhund,large,1
9,1090,Border Collie / Flat-Coated Retriever,large,1
9,1090,Border Collie / Jack Russell Terrier,medium,1
9,1090,Border Collie / Labrador Retriever,large,2
9,1090,Border Collie / Mischling,medium,4
9,1090,Border Collie / Schnauzer schwarz,medium,1
9,1090,Border Collie / Welsh Corgi Cardigan,medium,1
9,1090,Border Collie / Welsh Corgi Pembroke,medium,1
9,1090,Border Collie / Österreichischer Pinscher,medium,1
9,1090,Border Terrier,medium,1
9,1090,Border Terrier / Italienisches Windspiel,medium,1
9,1090,Border Terrier / Zwergpinscher,medium,1
9,1090,Boston Terrier,medium,3
9,1090,Bracco Italiano / Mischling,large,1
9,1090,Bracke,medium,1
9,1090,Bull Terrier (Standard),medium,1
9,1090,Bulldog,medium,1
9,1090,Bulldog / Mischling,medium,1
9,1090,Cairn Terrier,small,1
9,1090,Cairn Terrier / Mischling,small,3
9,1090,Canaan Dog / Mischling,medium,3
9,1090,Cavalier King Charles Spaniel,small,10
9,1090,Cavalier King Charles Spaniel / Pudel,medium,2
9,1090,Cavalier King Charles Spaniel / Zwergpudel Apricot,medium,1
9,1090,Chihuahua Kurzhaar,small,21
9,1090,Chihuahua Kurzhaar / Mischling,small,2
9,1090,Chihuahua Kurzhaar / Shih Tzu,small,1
9,1090,Chihuahua Langhaar,small,14
9,1090,Chihuahua Langhaar / Deutscher Spitz,medium,1
9,1090,Chihuahua Langhaar / Mischling,small,5
9,1090,Chihuahua Langhaar / Mops (Carlin),small,1
9,1090,Chinese Crested Dog hairless,small,1
9,1090,Chinese Crested Dog powderpuff,small,4
9,1090,Chinook / Chin,large,1
9,1090,Chow-Chow,large,4
9,1090,Ciobanesc Romanesc Mioritic,large,1
9,1090,Cockerpoo,medium,1
9,1090,Collie Kurzhaar (Smooth) / Golden Retriever,large,1
9,1090,Collie Langhaar (Rough),medium,2
9,1090,Collie Langhaar (Rough) / Australian Shepherd,medium,1
9,1090,Collie Langhaar (Rough) / Mischling,medium,3
9,1090,Coton de Tulear,small,3
9,1090,Dackel,small,5
9,1090,Dackel / Gordon Setter,medium,1
9,1090,Dackel / Mischling,small,5
9,1090,Dalmatiner,medium,6
9,1090,Dalmatiner / Mischling,medium,2
9,1090,Deerhound / Greyhound,large,1
9,1090,Deutsch Drahthaar,medium,2
9,1090,Deutsch Drahthaar / Border Collie,medium,1
9,1090,Deutsch Kurzhaar,medium,5
9,1090,Deutsch Kurzhaar / Magyar Vizsla Drahthaar,medium,1
9,1090,Deutsch Kurzhaar / Mischling,medium,1
9,1090,Deutsch Kurzhaar / Whippet,medium,1
9,1090,Deutsche Dogge blau,large,2
9,1090,Deutscher Boxer gelb,large,4
9,1090,Deutscher Jagdterrier,medium,1
9,1090,Deutscher Jagdterrier / Mischling,medium,1
9,1090,Deutscher Pinscher,medium,2
9,1090,Deutscher Pinscher / Deutscher Schäferhund,large,1
9,1090,Deutscher Pinscher / Mischling,medium,2
9,1090,Deutscher Schäferhund,large,4
9,1090,Deutscher Schäferhund / Beagle,large,1
9,1090,Deutscher Schäferhund / Border Collie,large,1
9,1090,Deutscher Schäferhund / Brandlbracke,large,1
9,1090,Deutscher Schäferhund / Chow-Chow,large,1
9,1090,Deutscher Schäferhund / Collie Langhaar (Rough),large,1
9,1090,Deutscher Schäferhund / Jack Russell Terrier,large,1
9,1090,Deutscher Schäferhund / Kleiner Münsterländer,large,1
9,1090,Deutscher Schäferhund / Mischling,large,2
9,1090,Deutscher Schäferhund / Rauhhaar Dachshund Normal,large,1
9,1090,Deutscher Schäferhund / Tschechoslowakischer Wolfhund,large,1
9,1090,Deutscher Schäferhund Langstockhaar,large,1
9,1090,Deutscher Spitz,medium,1
9,1090,Deutscher Spitz / Golden Retriever,large,1
9,1090,Dobermann braun-rot,large,1
9,1090,Elo,medium,1
9,1090,English Cocker Spaniel einfärbig,medium,7
9,1090,English Cocker Spaniel einfärbig / Kleinpudel Rot,medium,1
9,1090,English Cocker Spaniel einfärbig / Zwergpudel Apricot,medium,2
9,1090,English Cocker Spaniel mehrfärbig,medium,6
9,1090,English Cocker Spaniel mehrfärbig / Kleinpudel Apricot,medium,1
9,1090,English Cocker Spaniel mehrfärbig / Pudel,medium,1
9,1090,English Cocker Spaniel mehrfärbig / Pudelpointer,medium,1
9,1090,English Pointer,medium,1
9,1090,English Setter,medium,2
9,1090,English Setter / Mischling,medium,2
9,1090,English Springer Spaniel,medium,2
9,1090,Entlebucher Sennenhund,medium,1
9,1090,Epagneul breton,medium,1
9,1090,Eurasier,medium,2
9,1090,Flat-Coated Retriever,large,1
9,1090,Fox Terrier glatthaar / Border Terrier,medium,1
9,1090,Französische Bulldogge,medium,18
9,1090,Französische Bulldogge / Deutscher Boxer gelb,large,1
9,1090,Galgo Espanol,medium,1
9,1090,Galgo Espanol / Mischling,medium,1
9,1090,Golden Retriever,large,21
9,1090,Golden Retriever / Deutscher Schäferhund,large,1
9,1090,Golden Retriever / English Setter,large,1
9,1090,Golden Retriever / Labrador Retriever,large,1
9,1090,Golden Retriever / Mischling,large,3
9,1090,Golden Retriever / Pudelpointer,large,1
9,1090,Golden Retriever / Siberian Husky,large,1
9,1090,Golden Retriever / Zwergpudel Apricot,large,1
9,1090,Gordon Setter,medium,1
9,1090,Greyhound,medium,5
9,1090,Greyhound / Italienisches Windspiel,medium,1
9,1090,Grosser Schweizer Sennenhund,large,2
9,1090,Grosspudel Apricot,large,2
9,1090,Grosspudel Apricot / Golden Retriever,large,2
9,1090,Grosspudel Schwarz,large,2
9,1090,Grosspudel Weiss / English Cocker Spaniel einfärbig,large,1
9,1090,Havaneser,small,23
9,1090,Havaneser / Kleinpudel Schwarz,medium,1
9,1090,Havaneser / Mischling,small,1
9,1090,Havaneser / Pudel,medium,2
9,1090,Holländischer Schäferhund Kurzhaar / Mischling,large,2
9,1090,Irish Terrier,medium,1
9,1090,Istrianer Bracke Kurzhaar (Kratkodlaki Gonic),medium,1
9,1090,Istrianer Bracke Kurzhaar (Kratkodlaki Gonic) / Beagle,medium,1
9,1090,Istrianer Bracke Rauhhaar (Ostrodlaki Gonic) / Mischling,medium,1
9,1090,Italienisches Windspiel,small,4
9,1090,Italienisches Windspiel / Whippet,medium,1
9,1090,Jack Russell Terrier,medium,18
9,1090,Jack Russell Terrier / Beagle,medium,1
9,1090,Jack Russell Terrier / Dackel,medium,1
9,1090,Jack Russell Terrier / Deutscher Pinscher,medium,1
9,1090,Jack Russell Terrier / Fox Terrier drahthaar,medium,1
9,1090,Jack Russell Terrier / Mischling,medium,6
9,1090,Jack Russell Terrier / Podenco Canario,medium,1
9,1090,Jack Russell Terrier / Spitz,medium,1
9,1090,Jack Russell Terrier / Yorkshire Terrier,medium,1
9,1090,Japanischer Spitz,medium,2
9,1090,Kerry Blue Terrier,medium,1
9,1090,Klein- oder Mittelpudel,medium,3
9,1090,Klein- oder Mittelpudel / Mischling,medium,2
9,1090,Kleinpudel Apricot,medium,1
9,1090,Kleinpudel Apricot / English Cocker Spaniel einfärbig,medium,1
9,1090,Kleinpudel Braun / English Cocker Spaniel einfärbig,medium,1
9,1090,Kleinpudel Falb,medium,1
9,1090,Kleinpudel Rot,medium,1
9,1090,Kleinpudel Schwarz,medium,1
9,1090,Kleinpudel Schwarz / Lagotto romagnolo,medium,1
9,1090,Kleinpudel Schwarz / Malteser,medium,1
9,1090,Kleinpudel Weiss,medium,1
9,1090,Kleinspitz Weiss / Golden Retriever,large,1
9,1090,Kooikerhondje,medium,2
9,1090,Korea Jindo Dog,medium,1
9,1090,Kurzhaar Dachshund Kaninchen,small,2
9,1090,Kurzhaar Dachshund Kaninchen / Belgischer Schäferhund,large,1
9,1090,Kurzhaar Dachshund Kaninchen / Mischling,small,1
9,1090,Kurzhaar Dachshund Normal,small,4
9,1090,Kurzhaar Dachshund Normal / Labrador Retriever,large,1
9,1090,Kurzhaar Dachshund Normal / Mischling,small,1
9,1090,Kurzhaar Dachshund Normal / Rauhhaar Dachshund Normal,small,2
9,1090,Kurzhaar Dachshund Zwerg,small,14
9,1090,Labradoodle,medium,2
9,1090,Labrador Retriever,large,39
9,1090,Labrador Retriever / Beagle,large,2
9,1090,Labrador Retriever / Border Collie,large,2
9,1090,Labrador Retriever / Cao de Agua Portugues (Portug. Wasserhu,large,1
9,1090,Labrador Retriever / Golden Retriever,large,1
9,1090,Labrador Retriever / Grosspudel Apricot,large,1
9,1090,Labrador Retriever / Magyar Vizsla Drahthaar,large,1
9,1090,Labrador Retriever / Mischling,large,12
9,1090,Labrador Retriever / Neufundländer,large,1
9,1090,Labrador Retriever / Pudel,large,1
9,1090,Labrador Retriever / Pudelpointer,large,1
9,1090,Labrador Retriever / Slovensky Kopov,large,1
9,1090,Labrador Retriever / Staffordshire Bullterrier,large,1
9,1090,Lagotto romagnolo,medium,9
9,1090,Lakeland Terrier,medium,2
9,1090,Landseer,large,2
9,1090,Landseer / Ciobanesc Romanesc de Bucovina,large,1
9,1090,Langhaar Dachshund Kaninchen,small,4
9,1090,Langhaar Dachshund Normal,small,2
9,1090,Langhaar Dachshund Zwerg,small,4
9,1090,Lhasa Apso,small,5
9,1090,Magyar Vizsla Drahthaar,medium,9
9,1090,Magyar Vizsla Drahthaar / Labrador Retriever,large,1
9,1090,Magyar Vizsla Kurzhaar,medium,3
9,1090,Malinois,medium,1
9,1090,Malteser,small,19
9,1090,Malteser / Kleinpudel Apricot,medium,2
9,1090,Malteser / Kleinpudel Braun,medium,1
9,1090,Malteser / Mischling,small,2
9,1090,Malteser / Pudel,medium,4
9,1090,Malteser / Toypudel Braun,medium,2
9,1090,Malteser / Zwergpudel Braun,medium,2
9,1090,Malteser / Zwergpudel Weiss,medium,2
9,1090,Mehrfarben Zwergpudel schwarz weiss / Malteser,medium,1
9,1090,Miniatur Bull Terrier,medium,1
9,1090,Mittelspitz Weiss,medium,1
9,1090,Mops (Carlin),small,7
9,1090,Mops (Carlin) / Chihuahua Kurzhaar,small,1
9,1090,Mops (Carlin) / Deutscher Pinscher,medium,1
9,1090,Mops (Carlin) / Mischling,small,1
9,1090,Mudi,medium,1
9,1090,Mudi / Collie Kurzhaar (Smooth),medium,1
9,1090,Norfolk Terrier,small,1
9,1090,Norfolk Terrier / Golden Retriever,large,1
9,1090,Nova Scotia Duck Tolling Retriever,medium,1
9,1090,Olde English Bulldogge,large,2
9,1090,Papillon,small,3
9,1090,Papillon / Mischling,small,1
9,1090,Parson Russell Terrier,medium,2
9,1090,Parson Russell Terrier / English Setter,medium,1
9,1090,Parson Russell Terrier / Mischling,medium,2
9,1090,Pekingese,small,3
9,1090,Pekingese / Dackel,small,1
9,1090,Pekingese / Deutscher Schäferhund Langstockhaar,large,1
9,1090,Pekingese / Mischling,small,2
9,1090,Phalene,small,1
9,1090,Pinscher,medium,2
9,1090,Pinscher / Beagle,medium,1
9,1090,Pinscher / Kleiner Münsterländer,medium,1
9,1090,Pinscher / Mischling,medium,2
9,1090,Pit Bull Terrier,large,1
9,1090,Pit Bull Terrier / Bulldog,large,1
9,1090,Pit Bull Terrier / Mischling,large,1
9,1090,Podenco Ibicenco Kurzhaar / Mischling,medium,1
9,1090,Podengo Portugues Kurzhaar Medio,medium,1
9,1090,Polski Owczarek Nizinny / Mischling,medium,1
9,1090,Posavski Gonic / Mischling,medium,1
9,1090,Pudel,medium,3
9,1090,Pudel / Havaneser,medium,1
9,1090,Pudel / Mischling,medium,1
9,1090,Pudelpointer,medium,2
9,1090,Puli andersfarbig / Mischling,medium,1
9,1090,Rauhhaar Dachshund Kaninchen,small,2
9,1090,Rauhhaar Dachshund Kaninchen / Yorkshire Terrier,small,1
9,1090,Rauhhaar Dachshund Normal,small,5
9,1090,Rauhhaar Dachshund Zwerg,small,9
9,1090,Rauhhaar Dachshund Zwerg / Deutscher Pinscher,medium,1
9,1090,Rauhhaar Dachshund Zwerg / Mischling,small,2
9,1090,Rhodesian Ridgeback,large,3
9,1090,Rottweiler,large,1
9,1090,Russkiy Toy Kurzhaar,small,1
9,1090,Samojede,large,3
9,1090,Schnauzer pfeffersalz / Cavalier King Charles Spaniel,medium,1
9,1090,Schnauzer pfeffersalz / Klein- oder Mittelpudel,medium,1
9,1090,Schnauzer pfeffersalz / Scottish Terrier,medium,1
9,1090,Schnauzer schwarz,medium,1
9,1090,Schnauzer schwarz / Mischling,medium,2
9,1090,Schwarzer Terrier,large,1
9,1090,Scottish Terrier,medium,2
9,1090,Scottish Terrier / Mischling,medium,1
9,1090,Segugio Italiano a pelo raso,medium,1
9,1090,Shar Pei,medium,2
9,1090,Shar Pei / Deutscher Schäferhund,large,1
9,1090,Shetland Sheepdog,medium,6
9,1090,Shiba,medium,10
9,1090,Shiba / Mischling,medium,1
9,1090,Shih Tzu,small,8
9,1090,Shih Tzu / Havaneser,small,1
9,1090,Shih Tzu / Mudi,medium,1
9,1090,Shikoku / Mischling,medium,1
9,1090,Siberian Husky,large,4
9,1090,Siberian Husky / Mischling,large,2
9,1090,Silken Windsprite,medium,2
9,1090,Spitz,medium,6
9,1090,Spitz / Mischling,medium,1
9,1090,Spitz / Yorkshire Terrier,medium,1
9,1090,Staffordshire Bullterrier,medium,1
9,1090,Staffordshire Bullterrier / Shar Pei,medium,1
9,1090,Tibetan Spaniel / Papillon,small,1
9,1090,Tibetan Terrier,medium,2
9,1090,Tibetan Terrier / Havaneser,medium,1
9,1090,Tibetan Terrier / Mischling,medium,1
9,1090,Tiroler Bracke / Weimaraner Kurzhaar,large,1
9,1090,Toypudel Braun,medium,3
9,1090,Toypudel Falb,medium,1
9,1090,Toypudel Grau,medium,1
9,1090,Toypudel Rot,medium,3
9,1090,Toypudel Schwarz,medium,2
9,1090,Tschechoslowakischer Wolfhund,large,1
9,1090,Unbekannt,unknown,28
9,1090,Unbekannt / Mischling,unknown,86
9,1090,Weimaraner Kurzhaar,large,2
9,1090,Weimaraner Langhaar,large,2
9,1090,Welsh Corgi Cardigan,medium,2
9,1090,Welsh Corgi Cardigan / Border Collie,medium,1
9,1090,Welsh Corgi Cardigan / Parson Russell Terrier,medium,1
9,1090,Welsh Corgi Pembroke,medium,7
9,1090,Welsh Terrier,medium,2
9,1090,West Highland White Terrier,small,3
9,1090,West Highland White Terrier / Malteser,small,1
9,1090,Whippet,medium,8
9,1090,Whippet / Mischling,medium,2
9,1090,Whippet / Mudi,medium,1
9,1090,Whippet / Schwarzer Terrier,large,1
9,1090,Wolfspitz / Samojede,large,1
9,1090,Yorkshire Terrier,small,10
9,1090,Yorkshire Terrier / Deutsch Drahthaar,medium,1
9,1090,Yorkshire Terrier / Malteser,small,1
9,1090,Yorkshire Terrier / Mischling,small,4
9,1090,Zwergpinscher,medium,8
9,1090,Zwergpinscher / Deutsche Bracke,medium,1
9,1090,Zwergpinscher / Mischling,medium,1
9,1090,Zwergpudel Apricot,medium,15
9,1090,Zwergpudel Apricot / Malteser,medium,1
9,1090,Zwergpudel Braun,medium,3
9,1090,Zwergpudel Falb,medium,3
9,1090,Zwergpudel Falb / Toypudel Braun,medium,1
9,1090,Zwergpudel Rot,medium,1
9,1090,Zwergpudel Schwarz,medium,2
9,1090,Zwergpudel Schwarz / Bolonka Zwetna,medium,1
9,1090,Zwergpudel falb aus Mehrfarben,medium,1
9,1090,Zwergpudel schwarz aus Mehrfarben / Havaneser,medium,1
9,1090,Zwergschnauzer pfeffer-salz,medium,3
9,1090,Zwergschnauzer schwarz-silber,medium,2
9,1090,Zwergspitz (Pomeranian),medium,20
9,1090,Zwergspitz (Pomeranian) / Chihuahua Langhaar,medium,1
9,1090,Zwergspitz (Pomeranian) / Deutsch Kurzhaar,medium,1
9,1090,Zwergspitz (Pomeranian) / Yorkshire Terrier,medium,1
9,1090,Österreichischer Pinscher,medium,1
10,1100,Affenpinscher,medium,1
10,1100,Airedale Terrier / American Staffordshire Terrier,large,1
10,1100,Akita,large,17
10,1100,Akita / Mischling,large,1
10,1100,Akita / Siberian Husky,large,1
10,1100,Akita / Zwergpinscher,large,1
10,1100,Alaskan Malamute,large,3
10,1100,Alpenländische Dachsbracke / Mischling,medium,1
10,1100,American Akita,large,8
10,1100,American Bulldog,large,4
10,1100,American Bully,large,7
10,1100,American Bully / Mischling,large,1
10,1100,American Cocker Spaniel,medium,2
10,1100,American Cocker Spaniel / Golden Retriever,large,1
10,1100,American Cocker Spaniel / Malteser,medium,1
10,1100,American Shepherd,medium,1
10,1100,American Shepherd / Mischling,medium,1
10,1100,American Staffordshire Terrier,large,147
10,1100,American Staffordshire Terrier / Beagle,large,2
10,1100,American Staffordshire Terrier / Bull Terrier (Standard),large,1
10,1100,American Staffordshire Terrier / Mischling,large,18
10,1100,American Staffordshire Terrier / Pit Bull Terrier,large,6
10,1100,American Water Spaniel / Mischling,medium,1
10,1100,Appenzeller Sennenhund,large,5
10,1100,Appenzeller Sennenhund / Deutscher Schäferhund,large,1
10,1100,Appenzeller Sennenhund / Mischling,large,2
10,1100,Australian Cattledog,medium,1
10,1100,Australian Cattledog / English Setter,medium,1
10,1100,Australian Kelpie / Basenji,medium,1
10,1100,Australian Kelpie / Berger de Beauce (Beauceron),large,1
10,1100,Australian Kelpie / Berner Sennenhund,large,1
10,1100,Australian Kelpie / Mischling,medium,1
10,1100,Australian Shepherd,medium,59
10,1100,Australian Shepherd / Border Collie,medium,3
10,1100,Australian Shepherd / Hovawart,large,1
10,1100,Australian Shepherd / Mischling,medium,2
10,1100,Australian Shepherd / Samojede,large,1
10,1100,Australian Shepherd / Siberian Husky,large,3
10,1100,Barbet,medium,3
10,1100,Barsoi / Magyar Agar,large,1
10,1100,Basenji,medium,1
10,1100,Basenji / Bullmastiff,large,1
10,1100,Basenji / Labrador Retriever,large,1
10,1100,Basenji / Mischling,medium,1
10,1100,Basenji / Shiba,medium,1
10,1100,Basset Hound,medium,2
10,1100,Basset artesien normand / Mischling,medium,1
10,1100,Basset fauve de Bretagne,medium,1
10,1100,Bayrischer Gebirgsschweisshund,medium,2
10,1100,Bayrischer Gebirgsschweisshund / Mischling,medium,1
10,1100,Beagle,medium,37
10,1100,Beagle / Belgischer Schäferhund,large,1
10,1100,Beagle / Deutscher Pinscher,medium,1
10,1100,Beagle / Deutscher Schäferhund,large,1
10,1100,Beagle / Harrier,medium,1
10,1100,Beagle / Jack Russell Terrier,medium,2
10,1100,Beagle / Labrador Retriever,large,3
10,1100,Beagle / Mischling,medium,18
10,1100,Beagle / Slovensky Kopov,medium,1
10,1100,Beagle / Welsh Springer Spaniel,medium,1
10,1100,Bearded Collie,medium,6
10,1100,Bearded Collie / Dackel,medium,1
10,1100,Bearded Collie / Mischling,medium,1
10,1100,Bearded Collie / Whippet,medium,1
10,1100,Belgischer Schäferhund,large,8
10,1100,Belgischer Schäferhund / Berger de Beauce (Beauceron),large,1
10,1100,Belgischer Schäferhund / Collie Kurzhaar (Smooth),large,1
10,1100,Belgischer Schäferhund / Jack Russell Terrier,large,1
10,1100,Belgischer Schäferhund / Mischling,large,12
10,1100,Belgischer Schäferhund / Mudi,large,1
10,1100,Belgischer Schäferhund / Siberian Husky,large,1
10,1100,Berger Blanc Suisse,large,5
10,1100,Berger Blanc Suisse / Border Collie,large,1
10,1100,Berger Blanc Suisse / Mischling,large,1
10,1100,Berger de Beauce (Beauceron) / Jack Russell Terrier,large,1
10,1100,Berger de Brie (Briard),large,2
10,1100,Berger de Picardie (Berger Picard) / Mischling,medium,1
10,1100,Berger des Pyrenees a face rase,medium,1
10,1100,Berner Laufhund / Mischling,large,1
10,1100,Berner Sennenhund,large,17
10,1100,Berner Sennenhund / Belgischer Schäferhund,large,1
10,1100,Berner Sennenhund / Berner Niederlaufhund,large,1
10,1100,Berner Sennenhund / Deutscher Schäferhund,large,1
10,1100,Berner Sennenhund / Labrador Retriever,large,2
10,1100,Berner Sennenhund / Mischling,large,1
10,1100,Berner Sennenhund / Rottweiler,large,1
10,1100,Bichon frise,small,33
10,1100,Bichon frise / Havaneser,small,3
10,1100,Bichon frise / Jack Russell Terrier,medium,1
10,1100,Bichon frise / Klein- oder Mittelpudel,medium,1
10,1100,Bichon frise / Malteser,small,5
10,1100,Bichon frise / Mischling,small,3
10,1100,Bichon frise / Toypudel Braun,medium,1
10,1100,Bichon/Yorkie / Mischling,small,2
10,1100,Biewer Terrier,small,3
10,1100,Biewer Terrier / Yorkshire Terrier,small,3
10,1100,Black and Tan Coonhound,large,1
10,1100,Black and Tan Coonhound / Mischling,large,1
10,1100,Bologneser,small,4
10,1100,Bologneser / Toypudel Rot,medium,1
10,1100,Bolonka Zwetna,small,10
10,1100,Bolonka Zwetna / Toypudel Schwarz,medium,1
10,1100,Border Collie,medium,64
10,1100,Border Collie / Australian Cattledog,medium,1
10,1100,Border Collie / Australian Shepherd,medium,4
10,1100,Border Collie / Beagle,medium,1
10,1100,Border Collie / Dackel,medium,1
10,1100,Border Collie / Deutsch Kurzhaar,medium,1
10,1100,Border Collie / Deutsch Langhaar,medium,1
10,1100,Border Collie / English Cocker Spaniel einfärbig,medium,1
10,1100,Border Collie / Golden Retriever,large,1
10,1100,Border Collie / Jack Russell Terrier,medium,1
10,1100,Border Collie / Labrador Retriever,large,4
10,1100,Border Collie / Mischling,medium,16
10,1100,Border Collie / Mudi,medium,2
10,1100,Border Collie / Pinscher,medium,1
10,1100,Border Collie / Siberian Husky,large,1
10,1100,Border Collie / Spitz,medium,1
10,1100,Border Terrier,medium,2
10,1100,Border Terrier / Cairn Terrier,medium,1
10,1100,Border Terrier / Magyar Vizsla Drahthaar,medium,1
10,1100,Border Terrier / Mischling,medium,3
10,1100,Border Terrier / Terrier Brasileiro,medium,1
10,1100,Border Terrier / Yorkshire Terrier,medium,1
10,1100,Bosanski Ostrodlaki Gonic - Barac,medium,1
10,1100,Bosanski Ostrodlaki Gonic - Barac / Mischling,medium,1
10,1100,Boston Terrier,medium,14
10,1100,Bracke,medium,1
10,1100,Bracke / Alpenländische Dachsbracke,medium,1
10,1100,Bracke / Labrador Retriever,large,1
10,1100,Bracke / Mischling,medium,3
10,1100,Brandlbracke / Brandlbracke,medium,1
10,1100,Brandlbracke / Deutsch Langhaar,medium,1
10,1100,Brandlbracke / Hellinikos Ichnilatis,medium,1
10,1100,Brandlbracke / Mischling,medium,1
10,1100,Broholmer,large,1
10,1100,Bull Terrier (Standard),medium,9
10,1100,Bull Terrier (Standard) / Mischling,medium,1
10,1100,Bulldog,medium,18
10,1100,Bulldog / American Bulldog,large,1
10,1100,Bulldog / Mischling,medium,2
10,1100,Bulldog / Pit Bull Terrier,large,1
10,1100,Ca de Bestiar (Mallorca Schäferhund) / Border Terrier,medium,1
10,1100,Cairn Terrier,small,1
10,1100,Cairn Terrier / Cairn Terrier,small,1
10,1100,Cairn Terrier / Jack Russell Terrier,medium,1
10,1100,Cairn Terrier / Mischling,small,2
10,1100,Cane Corso Italiano,large,21
10,1100,Cane Corso Italiano / Mischling,large,4
10,1100,Cao de Agua Portugues (Portug. Wasserhund),large,9
10,1100,Cao de Castro Laboreiro / Mischling,large,1
10,1100,Cavalier King Charles Spaniel,small,27
10,1100,Cavalier King Charles Spaniel / Australian Shepherd,medium,1
10,1100,Cavalier King Charles Spaniel / Mischling,small,2
10,1100,Cavalier King Charles Spaniel / Toypudel Apricot,medium,1
10,1100,Cavalier King Charles Spaniel / Zwergpudel Apricot,medium,2
10,1100,Chihuahua Kurzhaar,small,276
10,1100,Chihuahua Kurzhaar / Belgischer Schäferhund,large,1
10,1100,Chihuahua Kurzhaar / Golden Retriever,large,1
10,1100,Chihuahua Kurzhaar / Havaneser,small,1
10,1100,Chihuahua Kurzhaar / Jack Russell Terrier,medium,1
10,1100,Chihuahua Kurzhaar / Kurzhaar Dachshund Normal,small,1
10,1100,Chihuahua Kurzhaar / Kurzhaar Dachshund Zwerg,small,1
10,1100,Chihuahua Kurzhaar / Malteser,small,2
10,1100,Chihuahua Kurzhaar / Mischling,small,36
10,1100,Chihuahua Kurzhaar / Pekingese,small,3
10,1100,Chihuahua Kurzhaar / Rauhhaar Dachshund Normal,small,1
10,1100,Chihuahua Kurzhaar / Rauhhaar Dachshund Zwerg,small,1
10,1100,Chihuahua Kurzhaar / Russkiy Toy Kurzhaar,small,1
10,1100,Chihuahua Kurzhaar / Spitz,medium,3
10,1100,Chihuahua Kurzhaar / Yorkshire Terrier,small,4
10,1100,Chihuahua Kurzhaar / Zwergpinscher,medium,1
10,1100,Chihuahua Kurzhaar / Zwergspitz (Pomeranian),medium,3
10,1100,Chihuahua Kurzhaar / Österreichischer Pinscher,medium,1
10,1100,Chihuahua Langhaar,small,139
10,1100,Chihuahua Langhaar / Chihuahua Kurzhaar,small,1
10,1100,Chihuahua Langhaar / Deutscher Pinscher,medium,1
10,1100,Chihuahua Langhaar / Kurzhaar Dachshund Zwerg,small,1
10,1100,Chihuahua Langhaar / Malteser,small,1
10,1100,Chihuahua Langhaar / Mischling,small,11
10,1100,Chihuahua Langhaar / Pekingese,small,2
10,1100,Chihuahua Langhaar / Pinscher,medium,1
10,1100,Chihuahua Langhaar / Spitz,medium,1
10,1100,Chihuahua Langhaar / Yorkshire Terrier,small,1
10,1100,Chihuahua Langhaar / Zwergspitz (Pomeranian),medium,1
10,1100,Chinese Crested Dog hairless,small,12
10,1100,Chinese Crested Dog hairless / Border Collie,medium,2
10,1100,Chinese Crested Dog powderpuff,small,9
10,1100,Chow-Chow,large,11
10,1100,Chow-Chow / Französische Bulldogge,large,1
10,1100,Chow-Chow / Mischling,large,1
10,1100,Ciobanesc Romanesc Mioritic / Mischling,large,1
10,1100,Coban Köpegi (Anatolischer Hirtenhund),large,1
10,1100,Coban Köpegi (Anatolischer Hirtenhund) / Beagle,large,1
10,1100,Coban Köpegi (Anatolischer Hirtenhund) / Labrador Retriever,large,1
10,1100,Coban Köpegi (Anatolischer Hirtenhund) / Mischling,large,1
10,1100,Collie Langhaar (Rough),medium,18
10,1100,Collie Langhaar (Rough) / Border Collie,medium,2
10,1100,Collie Langhaar (Rough) / Französische Bulldogge,medium,1
10,1100,Collie Langhaar (Rough) / Mischling,medium,1
10,1100,Collie Langhaar (Rough) / Mittelspitz Braun/Schwarz,medium,1
10,1100,Collie Langhaar (Rough) / Saluki,large,1
10,1100,Coton de Tulear,small,3
10,1100,Coton de Tulear / Mischling,small,1
10,1100,Dackel,small,32
10,1100,Dackel / Beagle,medium,1
10,1100,Dackel / Deutscher Pinscher,medium,1
10,1100,Dackel / Jack Russell Terrier,medium,1
10,1100,Dackel / Labrador Retriever,large,1
10,1100,Dackel / Mischling,small,57
10,1100,Dackel / Yorkshire Terrier,small,3
10,1100,Dalmatiner,medium,9
10,1100,Dalmatiner / Jack Russell Terrier,medium,1
10,1100,Dalmatiner / Mischling,medium,1
10,1100,Dansk-Svensk Gardshund,medium,1
10,1100,Deerhound / Mischling,large,3
10,1100,Deutsch Drahthaar,medium,1
10,1100,Deutsch Drahthaar / Border Terrier,medium,1
10,1100,Deutsch Drahthaar / Yorkshire Terrier,medium,1
10,1100,Deutsch Kurzhaar,medium,2
10,1100,Deutsch Kurzhaar / Brandlbracke,medium,1
10,1100,Deutsch Kurzhaar / Flat-Coated Retriever,large,1
10,1100,Deutsch Kurzhaar / Golden Retriever,large,1
10,1100,Deutsch Kurzhaar / Labrador Retriever,large,1
10,1100,Deutsch Kurzhaar / Mischling,medium,5
10,1100,Deutsch Langhaar,medium,1
10,1100,Deutsch Langhaar / Flat-Coated Retriever,large,1
10,1100,Deutsche Bracke / Beagle,medium,1
10,1100,Deutsche Bracke / Mischling,medium,1
10,1100,Deutsche Dogge gefleckt,large,1
10,1100,Deutsche Dogge gefleckt / Mischling,large,1
10,1100,Deutsche Dogge schwarz / Siberian Husky,large,1
10,1100,Deutscher Boxer gelb,large,13
10,1100,Deutscher Boxer gelb / English Cocker Spaniel einfärbig,large,1
10,1100,Deutscher Boxer gelb / Labrador Retriever,large,1
10,1100,Deutscher Boxer gelb / Mischling,large,2
10,1100,Deutscher Boxer gestromt,large,5
10,1100,Deutscher Boxer gestromt / Zwergspitz (Pomeranian),large,1
10,1100,Deutscher Jagdterrier,medium,3
10,1100,Deutscher Jagdterrier / Australian Shepherd,medium,1
10,1100,Deutscher Jagdterrier / Mischling,medium,1
10,1100,Deutscher Jagdterrier / Zwergpinscher,medium,1
10,1100,Deutscher Pinscher,medium,8
10,1100,Deutscher Pinscher / Beagle,medium,1
10,1100,Deutscher Pinscher / Jack Russell Terrier,medium,1
10,1100,Deutscher Pinscher / Kurzhaar Dachshund Kaninchen,medium,1
10,1100,Deutscher Pinscher / Mischling,medium,9
10,1100,Deutscher Schäferhund,large,56
10,1100,Deutscher Schäferhund / Appenzeller Sennenhund,large,1
10,1100,Deutscher Schäferhund / Australian Shepherd,large,1
10,1100,Deutscher Schäferhund / Belgischer Schäferhund,large,2
10,1100,Deutscher Schäferhund / Berner Sennenhund,large,1
10,1100,Deutscher Schäferhund / Border Collie,large,2
10,1100,Deutscher Schäferhund / Collie Kurzhaar (Smooth),large,1
10,1100,Deutscher Schäferhund / Collie Langhaar (Rough),large,2
10,1100,Deutscher Schäferhund / Deutsche Dogge schwarz,large,1
10,1100,Deutscher Schäferhund / Kurzhaar Dachshund Normal,large,1
10,1100,Deutscher Schäferhund / Labrador Retriever,large,6
10,1100,Deutscher Schäferhund / Magyar Vizsla Drahthaar,large,1
10,1100,Deutscher Schäferhund / Magyar Vizsla Kurzhaar,large,1
10,1100,Deutscher Schäferhund / Mischling,large,45
10,1100,Deutscher Schäferhund / Pudel,large,1
10,1100,Deutscher Schäferhund / Siberian Husky,large,5
10,1100,Deutscher Schäferhund / Tschechoslowakischer Wolfhund,large,1
10,1100,Deutscher Schäferhund Langstockhaar,large,8
10,1100,Deutscher Schäferhund Langstockhaar / Mischling,large,1
10,1100,Deutscher Spitz,medium,16
10,1100,Deutscher Spitz / Deutscher Schäferhund,large,1
10,1100,Deutscher Spitz / Italienisches Windspiel,medium,1
10,1100,Deutscher Spitz / Labrador Retriever,large,1
10,1100,Deutscher Spitz / Mischling,medium,1
10,1100,Dobermann braun-rot,large,6
10,1100,Dobermann braun-rot / Boston Terrier,large,1
10,1100,Dobermann schwarz-rot,large,5
10,1100,Dogo Argentino,large,7
10,1100,Dogo Canario,large,1
10,1100,Elo,medium,2
10,1100,English Cocker Spaniel einfärbig,medium,26
10,1100,English Cocker Spaniel einfärbig / Lagotto romagnolo,medium,3
10,1100,English Cocker Spaniel einfärbig / Mischling,medium,2
10,1100,English Cocker Spaniel einfärbig / Mittelspitz Braun/Schwarz,medium,1
10,1100,English Cocker Spaniel einfärbig / Pudel,medium,1
10,1100,English Cocker Spaniel einfärbig / Pumi,medium,1
10,1100,English Cocker Spaniel einfärbig / Zwergpudel Apricot,medium,1
10,1100,English Cocker Spaniel mehrfärbig,medium,16
10,1100,English Cocker Spaniel mehrfärbig / Labrador Retriever,large,1
10,1100,English Cocker Spaniel mehrfärbig / Mischling,medium,4
10,1100,English Cocker Spaniel mehrfärbig / Zwergpudel Apricot,medium,1
10,1100,English Pointer / English Setter,medium,1
10,1100,English Pointer / Mischling,medium,3
10,1100,English Setter,medium,1
10,1100,English Springer Spaniel,medium,2
10,1100,English Springer Spaniel / Deutsch Kurzhaar,medium,1
10,1100,Entlebucher Sennenhund,medium,1
10,1100,Epagneul breton,medium,3
10,1100,Epagneul breton / Beagle,medium,1
10,1100,Epagneul breton / Mischling,medium,1
10,1100,Eurasier,medium,5
10,1100,Eurasier / Australian Shepherd,medium,1
10,1100,Eurasier / Chow-Chow,large,1
10,1100,Eurasier / Labrador Retriever,large,1
10,1100,Finnen-Spitz / Labrador Retriever,large,1
10,1100,Finnischer Lapphund (Suomen Lapinkoira),medium,2
10,1100,Flat-Coated Retriever,large,8
10,1100,Flat-Coated Retriever / Bearded Collie,large,1
10,1100,Flat-Coated Retriever / Golden Retriever,large,1
10,1100,Flat-Coated Retriever / Labrador Retriever,large,1
10,1100,Flat-Coated Retriever / Schwarzer Terrier,large,1
10,1100,Fox Terrier drahthaar,medium,4
10,1100,Fox Terrier drahthaar / Mischling,medium,4
10,1100,Fox Terrier drahthaar / Zwergpinscher,medium,1
10,1100,Fox Terrier glatthaar,medium,1
10,1100,Fox Terrier glatthaar / Australian Cattledog,medium,1
10,1100,Fox Terrier glatthaar / Dalmatiner,medium,1
10,1100,Fox Terrier glatthaar / Deutsch Drahthaar,medium,1
10,1100,Fox Terrier glatthaar / Mischling,medium,7
10,1100,Francais blanc et noir,large,1
10,1100,Französische Bulldogge,medium,155
10,1100,Französische Bulldogge / Border Collie,medium,1
10,1100,Französische Bulldogge / Bulldog,medium,1
10,1100,Französische Bulldogge / Mischling,medium,5
10,1100,Französische Bulldogge / Mops (Carlin),medium,1
10,1100,Französische Bulldogge / Pinscher,medium,1
10,1100,Galgo Espanol,medium,2
10,1100,Galgo Espanol / Mischling,medium,2
10,1100,Golden Retriever,large,96
10,1100,Golden Retriever / Australian Shepherd,large,1
10,1100,Golden Retriever / Berner Sennenhund,large,1
10,1100,Golden Retriever / Deutscher Schäferhund Langstockhaar,large,1
10,1100,Golden Retriever / Grosspudel Apricot,large,1
10,1100,Golden Retriever / Jack Russell Terrier,large,1
10,1100,Golden Retriever / Klein- oder Mittelpudel,large,1
10,1100,Golden Retriever / Kleinpudel Rot,large,1
10,1100,Golden Retriever / Kuvasz,large,1
10,1100,Golden Retriever / Labrador Retriever,large,4
10,1100,Golden Retriever / Mischling,large,17
10,1100,Golden Retriever / Pudel,large,2
10,1100,Golden Retriever / Rottweiler,large,1
10,1100,Golden Retriever / Tornjak,large,1
10,1100,Gonczy Polski,medium,1
10,1100,Gordon Setter,medium,1
10,1100,Gordon Setter / Labrador Retriever,large,1
10,1100,Greyhound,medium,2
10,1100,Greyhound / Irish Terrier,medium,1
10,1100,Griffon Korthals / Mischling,small,1
10,1100,Griffon belge,small,2
10,1100,Griffon belge / Mischling,small,1
10,1100,Griffon bruxellois,small,1
10,1100,Grosser Münsterländer / Mischling,large,1
10,1100,Grosser Schweizer Sennenhund,large,4
10,1100,Grosser Schweizer Sennenhund / Appenzeller Sennenhund,large,1
10,1100,Grosspudel Apricot,large,5
10,1100,Grosspudel Apricot / Labrador Retriever,large,1
10,1100,Grosspudel Braun,large,1
10,1100,Grosspudel Rot / Golden Retriever,large,1
10,1100,Grosspudel Schwarz,large,4
10,1100,Grosspudel Weiss,large,2
10,1100,Grosspudel falb aus Mehrfarben / English Cocker Spaniel mehr,large,1
10,1100,Grosspudel schwarz aus Mehrfarben,large,1
10,1100,Grossspitz Braun/Schwarz,large,2
10,1100,Grönlandshund,large,1
10,1100,Havaneser,small,74
10,1100,Havaneser / Bichon frise,small,1
10,1100,Havaneser / Dackel,small,1
10,1100,Havaneser / Malteser,small,4
10,1100,Havaneser / Mischling,small,22
10,1100,Havaneser / Pudel,medium,4
10,1100,Havaneser / Yorkshire Terrier,small,1
10,1100,Havaneser / Zwergpudel Weiss,medium,1
10,1100,Hellinikos Ichnilatis / Mischling,medium,1
10,1100,Holländischer Schäferhund Kurzhaar,large,2
10,1100,Holländischer Schäferhund Kurzhaar / Labrador Retriever,large,1
10,1100,Holländischer Schäferhund Kurzhaar / Mischling,large,2
10,1100,Hovawart,large,4
10,1100,Hovawart / Labrador Retriever,large,1
10,1100,Hovawart / Mischling,large,1
10,1100,Hrvatski Ovcar,medium,1
10,1100,Hrvatski Ovcar / Kurzhaar Dachshund Normal,medium,1
10,1100,Hrvatski Ovcar / Mischling,medium,2
10,1100,Irish Red Setter,medium,3
10,1100,Irish Red Setter / Grosspudel Apricot,large,1
10,1100,Irish Red and White Setter,medium,1
10,1100,Irish Terrier,medium,1
10,1100,Irish Wolfhound / Mischling,large,1
10,1100,Islandhund,medium,5
10,1100,Islandhund / Border Collie,medium,1
10,1100,Istrianer Bracke Rauhhaar (Ostrodlaki Gonic) / Mischling,medium,1
10,1100,Italienisches Windspiel,small,4
10,1100,Jack Russell Terrier,medium,48
10,1100,Jack Russell Terrier / Beagle,medium,1
10,1100,Jack Russell Terrier / Chihuahua Kurzhaar,medium,5
10,1100,Jack Russell Terrier / Dackel,medium,1
10,1100,Jack Russell Terrier / Dalmatiner,medium,1
10,1100,Jack Russell Terrier / Deutscher Pinscher,medium,1
10,1100,Jack Russell Terrier / Deutscher Spitz,medium,1
10,1100,Jack Russell Terrier / Fox Terrier glatthaar,medium,1
10,1100,Jack Russell Terrier / Golden Retriever,large,1
10,1100,Jack Russell Terrier / Italienisches Windspiel,medium,1
10,1100,Jack Russell Terrier / Kurzhaar Dachshund Normal,medium,1
10,1100,Jack Russell Terrier / Labrador Retriever,large,1
10,1100,Jack Russell Terrier / Langhaar Dachshund Zwerg,medium,1
10,1100,Jack Russell Terrier / Malteser,medium,1
10,1100,Jack Russell Terrier / Mischling,medium,34
10,1100,Jack Russell Terrier / Pinscher,medium,1
10,1100,Jack Russell Terrier / Rauhhaar Dachshund Normal,medium,1
10,1100,Jack Russell Terrier / Rauhhaar Dachshund Zwerg,medium,1
10,1100,Jack Russell Terrier / Shih Tzu,medium,1
10,1100,Jack Russell Terrier / Welsh Corgi Cardigan,medium,1
10,1100,Jack Russell Terrier / Welsh Springer Spaniel,medium,1
10,1100,Jack Russell Terrier / Österreichischer Pinscher,medium,1
10,1100,Jagdterrier,medium,1
10,1100,Jagdterrier / Mischling,medium,2
10,1100,Japanischer Spitz,medium,2
10,1100,Japanischer Terrier / Mischling,small,1
10,1100,Kangal,large,3
10,1100,Kangal / Cane Corso Italiano,large,1
10,1100,Karelischer Bärenhund / Russisch-Europäischer Laika,large,1
10,1100,Kaukasischer Ovtcharka,large,2
10,1100,King Charles Spaniel,small,3
10,1100,Klein- oder Mittelpudel,medium,5
10,1100,Klein- oder Mittelpudel / English Cocker Spaniel einfärbig,medium,1
10,1100,Klein- oder Mittelpudel / Mischling,medium,1
10,1100,Kleiner Münsterländer,medium,5
10,1100,Kleiner Münsterländer / Australian Shepherd,medium,1
10,1100,Kleinpudel Apricot,medium,4
10,1100,Kleinpudel Apricot / American Cocker Spaniel,medium,1
10,1100,Kleinpudel Apricot / Golden Retriever,large,1
10,1100,Kleinpudel Apricot / Malteser,medium,2
10,1100,Kleinpudel Braun,medium,1
10,1100,Kleinpudel Falb,medium,1
10,1100,Kleinpudel Falb / Puli weiss,medium,1
10,1100,Kleinpudel Schwarz / Mischling,medium,1
10,1100,Kleinpudel Weiss,medium,2
10,1100,Kleinspitz Braun/Schwarz,medium,4
10,1100,Kleinspitz Braun/Schwarz / Pinscher,medium,1
10,1100,Kleinspitz Neufarben,medium,1
10,1100,Kleinspitz Neufarben / Chihuahua Langhaar,medium,1
10,1100,Kleinspitz Weiss,medium,4
10,1100,Komondor,large,2
10,1100,Kooikerhondje,medium,5
10,1100,Krazski Ovcar / Mischling,large,1
10,1100,Kromfohrländer / Japanischer Terrier,medium,1
10,1100,Kurzhaar Dachshund Kaninchen,small,6
10,1100,Kurzhaar Dachshund Kaninchen / Mischling,small,2
10,1100,Kurzhaar Dachshund Kaninchen / Spitz,medium,1
10,1100,Kurzhaar Dachshund Kaninchen / Tiroler Bracke,medium,1
10,1100,Kurzhaar Dachshund Normal,small,22
10,1100,Kurzhaar Dachshund Normal / Cavalier King Charles Spaniel,small,1
10,1100,Kurzhaar Dachshund Normal / Deutscher Schäferhund,large,1
10,1100,Kurzhaar Dachshund Normal / Labrador Retriever,large,1
10,1100,Kurzhaar Dachshund Normal / Mischling,small,3
10,1100,Kurzhaar Dachshund Normal / Mops (Carlin),small,1
10,1100,Kurzhaar Dachshund Zwerg,small,20
10,1100,Kurzhaar Dachshund Zwerg / Chihuahua Kurzhaar,small,1
10,1100,Kurzhaar Dachshund Zwerg / Jack Russell Terrier,medium,1
10,1100,Kurzhaar Dachshund Zwerg / Mischling,small,1
10,1100,Kuvasz / Mischling,large,1
10,1100,Labradoodle,medium,6
10,1100,Labradoodle / Mischling,medium,1
10,1100,Labrador Retriever,large,150
10,1100,Labrador Retriever / Australian Shepherd,large,2
10,1100,Labrador Retriever / Beagle,large,1
10,1100,Labrador Retriever / Beagle Harrier,large,1
10,1100,Labrador Retriever / Berger Blanc Suisse,large,1
10,1100,Labrador Retriever / Berner Sennenhund,large,2
10,1100,Labrador Retriever / Border Collie,large,3
10,1100,Labrador Retriever / Brandlbracke,large,1
10,1100,Labrador Retriever / Cavalier King Charles Spaniel,large,1
10,1100,Labrador Retriever / Dackel,large,1
10,1100,Labrador Retriever / Deutscher Schäferhund,large,5
10,1100,Labrador Retriever / Golden Retriever,large,5
10,1100,Labrador Retriever / Gordon Setter,large,1
10,1100,Labrador Retriever / Grosspudel Apricot,large,1
10,1100,Labrador Retriever / Grosspudel Schwarz,large,1
10,1100,Labrador Retriever / Grosspudel falb aus Mehrfarben,large,1
10,1100,Labrador Retriever / Hokkaido,large,1
10,1100,Labrador Retriever / Kleinpudel Schwarz,large,1
10,1100,Labrador Retriever / Kleinspitz Weiss,large,1
10,1100,Labrador Retriever / Kurzhaar Dachshund Normal,large,1
10,1100,Labrador Retriever / Labrador Retriever,large,1
10,1100,Labrador Retriever / Magyar Vizsla Drahthaar,large,1
10,1100,Labrador Retriever / Mischling,large,97
10,1100,Labrador Retriever / Posavski Gonic,large,1
10,1100,Labrador Retriever / Pudelpointer,large,3
10,1100,Labrador Retriever / Rauhhaar Dachshund Normal,large,1
10,1100,Labrador Retriever / Samojede,large,1
10,1100,Labrador Retriever / Whippet,large,1
10,1100,Lagotto romagnolo,medium,18
10,1100,Lagotto romagnolo / English Cocker Spaniel einfärbig,medium,1
10,1100,Lagotto romagnolo / English Cocker Spaniel mehrfärbig,medium,1
10,1100,Lagotto romagnolo / Mischling,medium,1
10,1100,Landseer,large,2
10,1100,Landseer / Berner Sennenhund,large,1
10,1100,Langhaar Dachshund Kaninchen,small,4
10,1100,Langhaar Dachshund Normal / Border Collie,medium,1
10,1100,Langhaar Dachshund Normal / Golden Retriever,large,1
10,1100,Langhaar Dachshund Normal / Hovawart,large,1
10,1100,Langhaar Dachshund Normal / Mischling,small,1
10,1100,Langhaar Dachshund Zwerg,small,3
10,1100,Leonberger,large,1
10,1100,Leonberger / Mischling,large,2
10,1100,Lhasa Apso,small,1
10,1100,Lhasa Apso / Mischling,small,1
10,1100,Löwchen / Mischling,small,1
10,1100,Löwchen / Zwergpudel Weiss,medium,1
10,1100,Magyar Agar,large,2
10,1100,Magyar Vizsla Drahthaar,medium,18
10,1100,Magyar Vizsla Drahthaar / Mischling,medium,5
10,1100,Magyar Vizsla Kurzhaar,medium,5
10,1100,Magyar Vizsla Kurzhaar / American Cocker Spaniel,medium,1
10,1100,Magyar Vizsla Kurzhaar / Labrador Retriever,large,2
10,1100,Malinois,medium,12
10,1100,Malinois / Labrador Retriever,large,1
10,1100,Malinois / Mischling,medium,4
10,1100,Malteser,small,245
10,1100,Malteser / Bichon frise,small,4
10,1100,Malteser / Chihuahua Kurzhaar,small,2
10,1100,Malteser / Fox Terrier drahthaar,medium,1
10,1100,Malteser / Grand Basset griffon vendeen,medium,1
10,1100,Malteser / Havaneser,small,1
10,1100,Malteser / Kleinpudel Apricot,medium,4
10,1100,Malteser / Kleinpudel Braun,medium,1
10,1100,Malteser / Kurzhaar Dachshund Normal,small,1
10,1100,Malteser / Mehrfarben Toypudel schwarz weiss,medium,1
10,1100,Malteser / Mischling,small,22
10,1100,Malteser / Pekingese,small,2
10,1100,Malteser / Pudel,medium,8
10,1100,Malteser / Pudelpointer,medium,3
10,1100,Malteser / Schnauzer schwarz,medium,1
10,1100,Malteser / Shih Tzu,small,3
10,1100,Malteser / Toypudel Apricot,medium,2
10,1100,Malteser / Toypudel Braun,medium,4
10,1100,Malteser / West Highland White Terrier,small,1
10,1100,Malteser / Yorkshire Terrier,small,6
10,1100,Malteser / Zwergpudel Apricot,medium,4
10,1100,Malteser / Zwergpudel Braun,medium,1
10,1100,Malteser / Zwergpudel Weiss,medium,3
10,1100,Manchester Terrier / Deutscher Jagdterrier,medium,1
10,1100,Maremmano - Abruzzese / Mischling,large,1
10,1100,Mastiff / Mischling,large,1
10,1100,Mastin espanol / Beagle,large,1
10,1100,Mehrfarben Zwergpudel schwarz loh / Bologneser,medium,1
10,1100,Mehrfarben Zwergpudel schwarz weiss / Malteser,medium,1
10,1100,Miniatur Bull Terrier,medium,3
10,1100,Miniatur Bull Terrier / Mischling,medium,1
10,1100,Mittelspitz Braun/Schwarz,medium,4
10,1100,Mittelspitz Braun/Schwarz / Langhaar Dachshund Normal,medium,1
10,1100,Mittelspitz Braun/Schwarz / Mischling,medium,1
10,1100,Mittelspitz Neufarben / Pekingese,medium,1
10,1100,Mittelspitz Weiss,medium,2
10,1100,Mittelspitz Weiss / Mischling,medium,1
10,1100,Mops (Carlin),small,59
10,1100,Mops (Carlin) / Chihuahua Kurzhaar,small,4
10,1100,Mops (Carlin) / Mischling,small,1
10,1100,Mops (Carlin) / Staffordshire Bullterrier,medium,1
10,1100,Mudi,medium,3
10,1100,Mudi / Border Collie,medium,1
10,1100,Mudi / Hovawart,large,1
10,1100,Mudi / Klein- oder Mittelpudel,medium,1
10,1100,Mudi / Labrador Retriever,large,1
10,1100,Mudi / Mischling,medium,3
10,1100,Neufundländer,large,2
10,1100,Neufundländer / Labrador Retriever,large,1
10,1100,Norfolk Terrier,small,1
10,1100,Norfolk Terrier / Jack Russell Terrier,medium,1
10,1100,Norfolk Terrier / Mischling,small,1
10,1100,Norwich Terrier,small,2
10,1100,Norwich Terrier / Norfolk Terrier,small,1
10,1100,Nova Scotia Duck Tolling Retriever,medium,5
10,1100,Old English Sheepdog (Bobtail),large,2
10,1100,Old English Sheepdog (Bobtail) / Grosspudel Apricot,large,1
10,1100,Old English Sheepdog (Bobtail) / Mischling,large,1
10,1100,Olde English Bulldogge,large,8
10,1100,Papillon,small,13
10,1100,Papillon / Chihuahua Kurzhaar,small,1
10,1100,Papillon / Fox Terrier drahthaar,medium,1
10,1100,Papillon / Kleinspitz Braun/Schwarz,medium,1
10,1100,Papillon / Langhaar Dachshund Normal,small,1
10,1100,Parson Russell Terrier,medium,18
10,1100,Parson Russell Terrier / Australian Shepherd,medium,2
10,1100,Parson Russell Terrier / Jack Russell Terrier,medium,1
10,1100,Parson Russell Terrier / Mischling,medium,7
10,1100,Parson Russell Terrier / Rauhhaar Dachshund Zwerg,medium,1
10,1100,Pekingese,small,29
10,1100,Pekingese / American Cocker Spaniel,medium,1
10,1100,Pekingese / Chihuahua Kurzhaar,small,2
10,1100,Pekingese / Malteser,small,1
10,1100,Pekingese / Mischling,small,10
10,1100,Pekingese / Tibetan Spaniel,small,1
10,1100,Pekingese / Zwergspitz (Pomeranian),medium,1
10,1100,Perdigueiro de Burgos,medium,1
10,1100,Perro dogo mallorquin,large,1
10,1100,Perro sin pelo del Peru (Grande),large,2
10,1100,Petit Basset griffon vendeen,medium,1
10,1100,Petit Basset griffon vendeen / Mischling,medium,1
10,1100,Petit brabancon,small,4
10,1100,Phalene,small,1
10,1100,Pharaoh Hound,large,1
10,1100,Pinscher,medium,2
10,1100,Pinscher / Belgischer Schäferhund,large,1
10,1100,Pinscher / Chihuahua Kurzhaar,medium,1
10,1100,Pinscher / Deutscher Jagdterrier,medium,1
10,1100,Pinscher / Französische Bulldogge,medium,1
10,1100,Pinscher / Malinois,medium,1
10,1100,Pinscher / Mischling,medium,13
10,1100,Pinscher / Pinscher,medium,1
10,1100,Pinscher / Shiba,medium,1
10,1100,Pit Bull Terrier,large,14
10,1100,Pit Bull Terrier / American Staffordshire Terrier,large,2
10,1100,Pit Bull Terrier / Mischling,large,4
10,1100,Podenco Canario,medium,2
10,1100,Podenco Canario / Galgo Espanol,medium,1
10,1100,Podenco Canario / Mischling,medium,1
10,1100,Podenco Canario / Siberian Husky,large,1
10,1100,Podenco Ibicenco Kurzhaar / Berner Sennenhund,large,1
10,1100,Podenco Ibicenco Kurzhaar / Chihuahua Kurzhaar,medium,1
10,1100,Podengo Portugues Kurzhaar Pequeno,small,1
10,1100,Podengo Portugues Rauhhaar Medio / Podenco Ibicenco Rauhhaar,medium,1
10,1100,Polski Owczarek Nizinny / Mischling,medium,1
10,1100,Polski Owczarek Nizinny / Old English Sheepdog (Bobtail),large,1
10,1100,Posavski Gonic,medium,1
10,1100,Posavski Gonic / Mischling,medium,2
10,1100,Prager Rattler,small,4
10,1100,Pudel,medium,35
10,1100,Pudel / Malteser,medium,1
10,1100,Pudel / Mischling,medium,8
10,1100,Pudelpointer,medium,1
10,1100,Puli andersfarbig,medium,3
10,1100,Puli andersfarbig / Deutscher Jagdterrier,medium,1
10,1100,Puli andersfarbig / Havaneser,medium,1
10,1100,Puli andersfarbig / Mischling,medium,3
10,1100,Puli weiss / Labrador Retriever,large,1
10,1100,Pumi,medium,2
10,1100,Pumi / Mischling,medium,3
10,1100,Pumi / Schwarzer Terrier,large,1
10,1100,Pyrenäen Berghund,large,1
10,1100,Rauhhaar Dachshund Kaninchen,small,4
10,1100,Rauhhaar Dachshund Normal,small,7
10,1100,Rauhhaar Dachshund Normal / Deutscher Schäferhund,large,1
10,1100,Rauhhaar Dachshund Normal / English Cocker Spaniel einfärbig,medium,2
10,1100,Rauhhaar Dachshund Normal / Mischling,small,2
10,1100,Rauhhaar Dachshund Normal / Terrier Brasileiro,medium,1
10,1100,Rauhhaar Dachshund Zwerg,small,18
10,1100,Rauhhaar Dachshund Zwerg / Jack Russell Terrier,medium,1
10,1100,Rauhhaar Dachshund Zwerg / Mischling,small,6
10,1100,Rauhhaar Dachshund Zwerg / Norfolk Terrier,small,1
10,1100,Rhodesian Ridgeback,large,6
10,1100,Rhodesian Ridgeback / Mischling,large,2
10,1100,Riesenschnauzer pfeffer-salz,large,2
10,1100,Riesenschnauzer pfeffer-salz / Mischling,large,1
10,1100,Rottweiler,large,19
10,1100,Rottweiler / American Staffordshire Terrier,large,1
10,1100,Rottweiler / Mischling,large,2
10,1100,Russisch-Europäischer Laika,medium,2
10,1100,Russkiy Toy Langhaar,small,1
10,1100,Saluki,large,1
10,1100,Saluki / Mischling,large,1
10,1100,Samojede,large,15
10,1100,Schapendoes,medium,2
10,1100,Schipperke,small,2
10,1100,Schnauzer pfeffersalz,medium,2
10,1100,Schnauzer pfeffersalz / Berger de Brie (Briard),large,1
10,1100,Schnauzer pfeffersalz / Golden Retriever,large,1
10,1100,Schnauzer pfeffersalz / Mischling,medium,6
10,1100,Schnauzer pfeffersalz / Puli andersfarbig,medium,1
10,1100,Schnauzer pfeffersalz / Schwarzer Terrier,large,1
10,1100,Schnauzer schwarz,medium,2
10,1100,Schnauzer schwarz / Mischling,medium,1
10,1100,Schnauzer schwarz / Mudi,medium,1
10,1100,Schnauzer schwarz / Terrier Brasileiro,medium,1
10,1100,Schwarzer Terrier,large,1
10,1100,Schwarzer Terrier / Mischling,large,2
10,1100,Scottish Terrier / Mischling,medium,1
10,1100,Shar Pei,medium,9
10,1100,Shar Pei / Mischling,medium,3
10,1100,Shetland Sheepdog,medium,15
10,1100,Shetland Sheepdog / Mischling,medium,1
10,1100,Shiba,medium,33
10,1100,Shiba / Akita,large,1
10,1100,Shiba / Belgischer Schäferhund,large,1
10,1100,Shiba / Mischling,medium,1
10,1100,Shiba / Zwergspitz (Pomeranian),medium,1
10,1100,Shih Tzu,small,54
10,1100,Shih Tzu / Havaneser,small,1
10,1100,Shih Tzu / Mischling,small,7
10,1100,Shih Tzu / Zwergspitz (Pomeranian),medium,1
10,1100,Siberian Husky,large,36
10,1100,Siberian Husky / Akita,large,1
10,1100,Siberian Husky / Australian Kelpie,large,1
10,1100,Siberian Husky / Australian Shepherd,large,1
10,1100,Siberian Husky / Deutsch Kurzhaar,large,1
10,1100,Siberian Husky / Deutscher Schäferhund,large,2
10,1100,Siberian Husky / Golden Retriever,large,1
10,1100,Siberian Husky / Grönlandshund,large,1
10,1100,Siberian Husky / Irish Wolfhound,large,1
10,1100,Siberian Husky / Malinois,large,1
10,1100,Siberian Husky / Malteser,large,1
10,1100,Siberian Husky / Mischling,large,4
10,1100,Siberian Husky / Westsibirischer Laika,large,1
10,1100,Silken Windsprite,medium,2
10,1100,Silken Windsprite / Labrador Retriever,large,1
10,1100,Skye Terrier / Mischling,small,1
10,1100,Sloughi,large,1
10,1100,Slovensky Cuvac / Border Collie,medium,1
10,1100,Spinone Italiano,large,1
10,1100,Spitz,medium,26
10,1100,Spitz / Border Collie,medium,1
10,1100,Spitz / Malteser,medium,1
10,1100,Spitz / Mischling,medium,14
10,1100,Srpski Gonic / Mischling,medium,1
10,1100,Staffordshire Bullterrier,medium,13
10,1100,Staffordshire Bullterrier / Mischling,medium,2
10,1100,Terrier Brasileiro,medium,3
10,1100,Terrier Brasileiro / Mischling,medium,2
10,1100,Terrier Brasileiro / Mops (Carlin),medium,1
10,1100,Terrier Brasileiro / Schwarzer Terrier,large,1
10,1100,Tervueren,large,2
10,1100,Thai Ridgeback Dog,medium,1
10,1100,Thai Ridgeback Dog / Mischling,medium,1
10,1100,Tibetan Spaniel,small,1
10,1100,Tibetan Terrier,medium,7
10,1100,Tibetan Terrier / Affenpinscher,medium,1
10,1100,Tibetan Terrier / Berger de Brie (Briard),large,1
10,1100,Tibetan Terrier / Mischling,medium,1
10,1100,Tiroler Bracke,medium,1
10,1100,Tiroler Bracke / Mischling,medium,1
10,1100,Tornjak / Border Collie,large,1
10,1100,Tornjak / Mischling,large,2
10,1100,Toypudel Apricot,medium,9
10,1100,Toypudel Apricot / Malteser,medium,1
10,1100,Toypudel Braun,medium,1
10,1100,Toypudel Falb,medium,1
10,1100,Toypudel Rot,medium,4
10,1100,Toypudel Schwarz,medium,1
10,1100,Toypudel Weiss / Zwergschnauzer weiss,medium,1
10,1100,Tschechoslowakischer Wolfhund,large,2
10,1100,Unbekannt,unknown,129
10,1100,Unbekannt / Mischling,unknown,470
10,1100,Weimaraner Kurzhaar,large,6
10,1100,Welsh Corgi Cardigan,medium,3
10,1100,Welsh Corgi Cardigan / Deutscher Spitz,medium,1
10,1100,Welsh Corgi Cardigan / Kurzhaar Dachshund Kaninchen,medium,1
10,1100,Welsh Corgi Cardigan / Langhaar Dachshund Normal,medium,1
10,1100,Welsh Corgi Cardigan / Mischling,medium,2
10,1100,Welsh Corgi Cardigan / Pinscher,medium,1
10,1100,Welsh Corgi Pembroke,medium,8
10,1100,Welsh Corgi Pembroke / Kurzhaar Dachshund Normal,medium,1
10,1100,Welsh Corgi Pembroke / Mischling,medium,2
10,1100,Welsh Corgi Pembroke / Saarlooswolfhond,large,1
10,1100,Welsh Corgi Pembroke / Zwergpinscher,medium,1
10,1100,Welsh Corgi Pembroke / Zwergspitz (Pomeranian),medium,1
10,1100,Welsh Terrier,medium,2
10,1100,West Highland White Terrier,small,13
10,1100,West Highland White Terrier / Malteser,small,2
10,1100,West Highland White Terrier / Mischling,small,1
10,1100,Whippet,medium,16
10,1100,Whippet / Greyhound,medium,1
10,1100,Whippet / Jack Russell Terrier,medium,1
10,1100,Whippet / Labrador Retriever,large,1
10,1100,Whippet / Mischling,medium,2
10,1100,Whippet / Österreichischer Pinscher,medium,1
10,1100,Wolfspitz,large,5
10,1100,Wolfspitz / Australian Shepherd,large,1
10,1100,Xoloitzcuintle Grande,large,1
10,1100,Yorkshire Terrier,small,114
10,1100,Yorkshire Terrier / Biewer Terrier,small,3
10,1100,Yorkshire Terrier / Chihuahua Kurzhaar,small,3
10,1100,Yorkshire Terrier / Chihuahua Langhaar,small,2
10,1100,Yorkshire Terrier / Deutsch Kurzhaar,medium,1
10,1100,Yorkshire Terrier / Havaneser,small,1
10,1100,Yorkshire Terrier / Malteser,small,2
10,1100,Yorkshire Terrier / Mischling,small,16
10,1100,Yorkshire Terrier / Pinscher,medium,1
10,1100,Yorkshire Terrier / Pudel,medium,1
10,1100,Yorkshire Terrier / Schnauzer pfeffersalz,medium,1
10,1100,Yorkshire Terrier / Toypudel Braun,medium,1
10,1100,Yorkshire Terrier / Zwergpinscher,medium,1
10,1100,Zwergpinscher,medium,37
10,1100,Zwergpinscher / Chihuahua Kurzhaar,medium,2
10,1100,Zwergpinscher / Deutscher Schäferhund,large,1
10,1100,Zwergpinscher / Fox Terrier glatthaar,medium,1
10,1100,Zwergpinscher / Mischling,medium,11
10,1100,Zwergpinscher / Podengo Portugues Kurzhaar Pequeno,medium,1
10,1100,Zwergpinscher / Spitz,medium,1
10,1100,Zwergpudel Apricot,medium,31
10,1100,Zwergpudel Apricot / Havaneser,medium,1
10,1100,Zwergpudel Apricot / Malteser,medium,2
10,1100,Zwergpudel Apricot / Mischling,medium,1
10,1100,Zwergpudel Apricot / Zwergschnauzer pfeffer-salz,medium,1
10,1100,Zwergpudel Apricot / Zwergschnauzer weiss,medium,1
10,1100,Zwergpudel Braun,medium,12
10,1100,Zwergpudel Braun / Malteser,medium,1
10,1100,Zwergpudel Braun / Mischling,medium,1
10,1100,Zwergpudel Grau,medium,1
10,1100,Zwergpudel Rot,medium,1
10,1100,Zwergpudel Schwarz,medium,7
10,1100,Zwergpudel Weiss,medium,5
10,1100,Zwergpudel falb aus Mehrfarben,medium,2
10,1100,Zwergpudel schwarz aus Mehrfarben,medium,3
10,1100,Zwergschnauzer pfeffer-salz,medium,8
10,1100,Zwergschnauzer pfeffer-salz / Yorkshire Terrier,medium,1
10,1100,Zwergschnauzer schwarz,medium,3
10,1100,Zwergschnauzer schwarz / Airedale Terrier,medium,1
10,1100,Zwergschnauzer schwarz-silber,medium,1
10,1100,Zwergschnauzer schwarz-silber / Pinscher,medium,1
10,1100,Zwergspitz (Pomeranian),medium,147
10,1100,Zwergspitz (Pomeranian) / Chihuahua Kurzhaar,medium,4
10,1100,Zwergspitz (Pomeranian) / Deutscher Spitz,medium,1
10,1100,Zwergspitz (Pomeranian) / Mischling,medium,6
10,1100,Zwergspitz (Pomeranian) / Shih Tzu,medium,2
10,1100,Zwergspitz (Pomeranian) / Spitz,medium,1
10,1100,Zwergspitz (Pomeranian) / Wolfspitz,large,1
10,1100,Österreichischer Pinscher,medium,10
10,1100,Österreichischer Pinscher / Chihuahua Kurzhaar,medium,1
10,1100,Österreichischer Pinscher / Mischling,medium,4
10,1100,Österreichischer Pinscher / Zwergspitz (Pomeranian),medium,1
11,1110,Affenpinscher / Kleinspitz Braun/Schwarz,medium,1
11,1110,Affenpinscher / Mischling,medium,1
11,1110,Afghanischer Windhund,large,1
11,1110,Afghanischer Windhund / Mischling,large,1
11,1110,Airedale Terrier,medium,4
11,1110,Akita,large,6
11,1110,Akita / Siberian Husky,large,1
11,1110,Alaskan Malamute,large,1
11,1110,Alaskan Malamute / Deutscher Schäferhund,large,1
11,1110,American Akita,large,4
11,1110,American Bulldog,large,2
11,1110,American Bully,large,4
11,1110,American Cocker Spaniel,medium,4
11,1110,American Cocker Spaniel / Golden Retriever,large,1
11,1110,American Cocker Spaniel / Grosspudel Weiss,large,1
11,1110,American Cocker Spaniel / Toypudel Braun,medium,1
11,1110,American Hairless Terrier,small,2
11,1110,American Pocket Bully,medium,1
11,1110,American Shepherd / Golden Retriever,large,1
11,1110,American Staffordshire Terrier,large,96
11,1110,American Staffordshire Terrier / Mischling,large,15
11,1110,American Staffordshire Terrier / Pit Bull Terrier,large,2
11,1110,American Water Spaniel / Deutsch Langhaar,medium,1
11,1110,American Water Spaniel / Mischling,medium,1
11,1110,Australian Cattledog,medium,1
11,1110,Australian Cattledog / Mischling,medium,1
11,1110,Australian Kelpie,medium,1
11,1110,Australian Shepherd,medium,38
11,1110,Australian Shepherd / Border Collie,medium,1
11,1110,Australian Shepherd / Collie Langhaar (Rough),medium,1
11,1110,Australian Shepherd / Galgo Espanol,medium,1
11,1110,Australian Shepherd / Grosspudel Schwarz,large,1
11,1110,Australian Shepherd / Holländischer Schäferhund Langhaar,large,1
11,1110,Australian Shepherd / Mischling,medium,1
11,1110,Australian Shepherd / Siberian Husky,large,1
11,1110,Australian Shepherd / Zwergspitz (Pomeranian),medium,1
11,1110,Australian Silky Terrier,small,1
11,1110,Australian Terrier / Deutscher Schäferhund,large,1
11,1110,Basenji,medium,1
11,1110,Basset Hound,medium,2
11,1110,Basset Hound / Mischling,medium,1
11,1110,Basset bleu de Gascogne,medium,1
11,1110,Basset fauve de Bretagne,medium,1
11,1110,Beagle,medium,27
11,1110,Beagle / Appenzeller Sennenhund,large,1
11,1110,Beagle / Basset Hound,medium,1
11,1110,Beagle / Bracke,medium,1
11,1110,Beagle / Dackel,medium,1
11,1110,Beagle / English Springer Spaniel,medium,1
11,1110,Beagle / Golden Retriever,large,1
11,1110,Beagle / Jack Russell Terrier,medium,1
11,1110,Beagle / Kromfohrländer,medium,1
11,1110,Beagle / Labrador Retriever,large,1
11,1110,Beagle / Magyar Vizsla Kurzhaar,medium,1
11,1110,Beagle / Mischling,medium,4
11,1110,Beagle / Pinscher,medium,1
11,1110,Bearded Collie / Mischling,medium,1
11,1110,Bearded Collie / Old English Sheepdog (Bobtail),large,1
11,1110,Belgischer Schäferhund,large,5
11,1110,Belgischer Schäferhund / Border Collie,large,1
11,1110,Belgischer Schäferhund / Dalmatiner,large,1
11,1110,Belgischer Schäferhund / Golden Retriever,large,1
11,1110,Belgischer Schäferhund / Labrador Retriever,large,2
11,1110,Belgischer Schäferhund / Mischling,large,9
11,1110,Berger Blanc Suisse,large,6
11,1110,Berger de Beauce (Beauceron),large,1
11,1110,Berger de Brie (Briard) / Mischling,large,2
11,1110,Berger des Pyrenees a face rase,medium,1
11,1110,Berner Sennenhund,large,14
11,1110,Berner Sennenhund / American Cocker Spaniel,large,1
11,1110,Berner Sennenhund / Labrador Retriever,large,1
11,1110,Berner Sennenhund / Mischling,large,3
11,1110,Bichon frise,small,19
11,1110,Bichon frise / Havaneser,small,2
11,1110,Bichon frise / Malteser,small,3
11,1110,Bichon frise / Mischling,small,3
11,1110,Bichon frise / Mops (Carlin),small,1
11,1110,Bichon frise / Pudelpointer,medium,1
11,1110,Bologneser,small,3
11,1110,Bologneser / English Cocker Spaniel einfärbig,medium,1
11,1110,Border Collie,medium,41
11,1110,Border Collie / Australian Shepherd,medium,1
11,1110,Border Collie / Beagle,medium,1
11,1110,Border Collie / Border Terrier,medium,1
11,1110,Border Collie / Deutscher Schäferhund,large,1
11,1110,Border Collie / Flat-Coated Retriever,large,1
11,1110,Border Collie / Golden Retriever,large,2
11,1110,Border Collie / Kleiner Münsterländer,medium,1
11,1110,Border Collie / Mischling,medium,12
11,1110,Border Collie / Siberian Husky,large,1
11,1110,Border Terrier,medium,1
11,1110,Border Terrier / Französische Bulldogge,medium,1
11,1110,Border Terrier / Mischling,medium,2
11,1110,Boston Terrier,medium,5
11,1110,Boston Terrier / Mischling,medium,1
11,1110,Bracco Italiano / Tiroler Bracke,large,1
11,1110,Bracke,medium,1
11,1110,Bracke / Mischling,medium,2
11,1110,Bracke / Schwyzer Laufhund,medium,1
11,1110,Brandlbracke / Mischling,medium,1
11,1110,Braque Saint-Germain / Braque du Bourbonnais,large,1
11,1110,Braque du Bourbonnais / Mischling,large,1
11,1110,Bull Terrier (Standard),medium,5
11,1110,Bull Terrier (Standard) / Mischling,medium,1
11,1110,Bulldog,medium,17
11,1110,Bulldog / Mischling,medium,2
11,1110,Bullmastiff,large,1
11,1110,Cairn Terrier / Mischling,small,2
11,1110,Cane Corso Italiano,large,15
11,1110,Cane Corso Italiano / Dogo Canario,large,1
11,1110,Cane Corso Italiano / Rhodesian Ridgeback,large,2
11,1110,Cao de Agua Portugues (Portug. Wasserhund),large,5
11,1110,Cao de Castro Laboreiro / Belgischer Schäferhund,large,1
11,1110,Cavalier King Charles Spaniel,small,9
11,1110,Cavalier King Charles Spaniel / Havaneser,small,1
11,1110,Cavalier King Charles Spaniel / Mischling,small,1
11,1110,Cavalier King Charles Spaniel / Pudel,medium,1
11,1110,Cesky Terrier,medium,1
11,1110,Chihuahua Kurzhaar,small,215
11,1110,Chihuahua Kurzhaar / Beagle,medium,1
11,1110,Chihuahua Kurzhaar / Deutscher Pinscher,medium,2
11,1110,Chihuahua Kurzhaar / Französische Bulldogge,medium,1
11,1110,Chihuahua Kurzhaar / Kleinspitz Braun/Schwarz,medium,1
11,1110,Chihuahua Kurzhaar / Malteser,small,1
11,1110,Chihuahua Kurzhaar / Mischling,small,26
11,1110,Chihuahua Kurzhaar / Mittelspitz Braun/Schwarz,medium,1
11,1110,Chihuahua Kurzhaar / Mops (Carlin),small,4
11,1110,Chihuahua Kurzhaar / Papillon,small,1
11,1110,Chihuahua Kurzhaar / Pinscher,medium,1
11,1110,Chihuahua Kurzhaar / Shih Tzu,small,1
11,1110,Chihuahua Kurzhaar / Welsh Corgi Pembroke,medium,1
11,1110,Chihuahua Kurzhaar / Zwergpinscher,medium,1
11,1110,Chihuahua Langhaar,small,93
11,1110,Chihuahua Langhaar / Malteser,small,3
11,1110,Chihuahua Langhaar / Mischling,small,5
11,1110,Chihuahua Langhaar / Papillon,small,1
11,1110,Chihuahua Langhaar / Pekingese,small,1
11,1110,Chihuahua Langhaar / Rauhhaar Dachshund Zwerg,small,1
11,1110,Chihuahua Langhaar / Spitz,medium,1
11,1110,Chihuahua Langhaar / Yorkshire Terrier,small,1
11,1110,Chihuahua Langhaar / Zwergspitz (Pomeranian),medium,5
11,1110,Chinese Crested Dog hairless,small,3
11,1110,Chinese Crested Dog hairless / Chinese Crested Dog powderpuf,small,2
11,1110,Chinese Crested Dog powderpuff,small,7
11,1110,Chinese Crested Dog powderpuff / Havaneser,small,1
11,1110,Chinese Crested Dog powderpuff / Schnauzer schwarz,medium,1
11,1110,Chow-Chow,large,15
11,1110,Chow-Chow / Labrador Retriever,large,1
11,1110,Chow-Chow / Mischling,large,2
11,1110,Coban Köpegi (Anatolischer Hirtenhund),large,1
11,1110,Coban Köpegi (Anatolischer Hirtenhund) / Border Collie,large,1
11,1110,Coban Köpegi (Anatolischer Hirtenhund) / Mischling,large,1
11,1110,Cockerpoo,medium,1
11,1110,Collie Kurzhaar (Smooth) / Golden Retriever,large,1
11,1110,Collie Kurzhaar (Smooth) / Mischling,medium,2
11,1110,Collie Kurzhaar (Smooth) / Pinscher,medium,1
11,1110,Collie Langhaar (Rough),medium,7
11,1110,Collie Langhaar (Rough) / Australian Shepherd,medium,1
11,1110,Coton de Tulear,small,1
11,1110,Dackel,small,19
11,1110,Dackel / Beagle,medium,1
11,1110,Dackel / Deutscher Schäferhund,large,1
11,1110,Dackel / English Cocker Spaniel mehrfärbig,medium,1
11,1110,Dackel / Golden Retriever,large,1
11,1110,Dackel / Mischling,small,29
11,1110,Dackel / Mops (Carlin),small,1
11,1110,Dalmatiner,medium,5
11,1110,Dalmatiner / Mischling,medium,1
11,1110,Dandie Dinmont Terrier / Zwergpudel Grau,medium,1
11,1110,Deutsch Drahthaar,medium,1
11,1110,Deutsch Drahthaar / Bichon frise,medium,1
11,1110,Deutsch Drahthaar / Mischling,medium,2
11,1110,Deutsch Kurzhaar,medium,7
11,1110,Deutsch Kurzhaar / Deutscher Schäferhund,large,1
11,1110,Deutsch Kurzhaar / Mischling,medium,3
11,1110,Deutsch Langhaar / Mischling,medium,1
11,1110,Deutsche Dogge blau,large,5
11,1110,Deutsche Dogge gefleckt,large,1
11,1110,Deutsche Dogge gelb,large,1
11,1110,Deutsche Dogge schwarz,large,1
11,1110,Deutscher Boxer gelb,large,3
11,1110,Deutscher Boxer gelb / Mischling,large,1
11,1110,Deutscher Boxer gestromt,large,1
11,1110,Deutscher Boxer gestromt / Labrador Retriever,large,1
11,1110,Deutscher Jagdterrier,medium,2
11,1110,Deutscher Jagdterrier / Mischling,medium,3
11,1110,Deutscher Pinscher,medium,8
11,1110,Deutscher Pinscher / Mischling,medium,6
11,1110,Deutscher Pinscher / Schnauzer pfeffersalz,medium,1
11,1110,Deutscher Schäferhund,large,44
11,1110,Deutscher Schäferhund / Afghanischer Windhund,large,1
11,1110,Deutscher Schäferhund / Alaskan Malamute,large,1
11,1110,Deutscher Schäferhund / Australian Cattledog,large,1
11,1110,Deutscher Schäferhund / Belgischer Schäferhund,large,2
11,1110,Deutscher Schäferhund / Ciobanesc Romanesc Carpatin,large,1
11,1110,Deutscher Schäferhund / Collie Kurzhaar (Smooth),large,1
11,1110,Deutscher Schäferhund / Deutscher Pinscher,large,1
11,1110,Deutscher Schäferhund / Deutscher Spitz,large,1
11,1110,Deutscher Schäferhund / Galgo Espanol,large,1
11,1110,Deutscher Schäferhund / Golden Retriever,large,1
11,1110,Deutscher Schäferhund / Kaukasischer Ovtcharka,large,1
11,1110,Deutscher Schäferhund / Kurzhaar Dachshund Normal,large,1
11,1110,Deutscher Schäferhund / Labrador Retriever,large,3
11,1110,Deutscher Schäferhund / Mischling,large,38
11,1110,Deutscher Schäferhund / Schnauzer pfeffersalz,large,1
11,1110,Deutscher Schäferhund / Tschechoslowakischer Wolfhund,large,1
11,1110,Deutscher Schäferhund / Welsh Corgi Cardigan,large,1
11,1110,Deutscher Schäferhund Langstockhaar,large,10
11,1110,Deutscher Schäferhund Langstockhaar / Mischling,large,2
11,1110,Deutscher Spitz,medium,12
11,1110,Deutscher Spitz / Mischling,medium,1
11,1110,Dobermann braun-rot,large,9
11,1110,Dobermann braun-rot / Fox Terrier drahthaar,large,1
11,1110,Dobermann schwarz-rot,large,1
11,1110,Dog de Bordeaux (Bordeauxdogge),large,1
11,1110,Dogo Argentino,large,4
11,1110,Dogo Canario,large,3
11,1110,Drever / Mischling,medium,1
11,1110,Elo,medium,3
11,1110,English Cocker Spaniel einfärbig,medium,10
11,1110,English Cocker Spaniel einfärbig / Dackel,medium,1
11,1110,English Cocker Spaniel einfärbig / Golden Retriever,large,2
11,1110,English Cocker Spaniel einfärbig / Grosspudel Weiss,large,1
11,1110,English Cocker Spaniel einfärbig / Lagotto romagnolo,medium,1
11,1110,English Cocker Spaniel einfärbig / Magyar Vizsla Drahthaar,medium,1
11,1110,English Cocker Spaniel einfärbig / Mischling,medium,4
11,1110,English Cocker Spaniel mehrfärbig,medium,13
11,1110,English Cocker Spaniel mehrfärbig / Labradoodle,medium,1
11,1110,English Cocker Spaniel mehrfärbig / Mischling,medium,2
11,1110,English Pointer,medium,1
11,1110,English Pointer / Dalmatiner,medium,1
11,1110,English Pointer / Mischling,medium,1
11,1110,English Springer Spaniel,medium,3
11,1110,Entlebucher Sennenhund,medium,1
11,1110,Entlebucher Sennenhund / Berner Sennenhund,large,1
11,1110,Epagneul breton,medium,2
11,1110,Epagneul breton / English Springer Spaniel,medium,1
11,1110,Eurasier,medium,1
11,1110,Eurasier / Deutscher Spitz,medium,1
11,1110,Eurasier / Labrador Retriever,large,1
11,1110,Finnischer Lapphund (Suomen Lapinkoira),medium,1
11,1110,Flat-Coated Retriever,large,3
11,1110,Flat-Coated Retriever / Mischling,large,1
11,1110,Fox Terrier drahthaar,medium,3
11,1110,Fox Terrier drahthaar / Greyhound,medium,1
11,1110,Fox Terrier drahthaar / Mischling,medium,2
11,1110,Fox Terrier glatthaar,medium,2
11,1110,Fox Terrier glatthaar / Mischling,medium,1
11,1110,Französische Bulldogge,medium,115
11,1110,Französische Bulldogge / Boston Terrier,medium,1
11,1110,Französische Bulldogge / Chihuahua Langhaar,medium,1
11,1110,Französische Bulldogge / Mischling,medium,5
11,1110,Französische Bulldogge / Schnauzer pfeffersalz,medium,1
11,1110,Französische Bulldogge / Yorkshire Terrier,medium,1
11,1110,Galgo Espanol,medium,2
11,1110,Golden Retriever,large,65
11,1110,Golden Retriever / Collie Langhaar (Rough),large,1
11,1110,Golden Retriever / Grosspudel Braun,large,1
11,1110,Golden Retriever / Grosspudel Schwarz,large,1
11,1110,Golden Retriever / Kleinpudel Apricot,large,1
11,1110,Golden Retriever / Kleinpudel Rot,large,1
11,1110,Golden Retriever / Labradoodle,large,1
11,1110,Golden Retriever / Labrador Retriever,large,3
11,1110,Golden Retriever / Maremmano - Abruzzese,large,1
11,1110,Golden Retriever / Mischling,large,11
11,1110,Golden Retriever / Pudel,large,1
11,1110,Golden Retriever / Saluki,large,1
11,1110,Golden Retriever / Siberian Husky,large,1
11,1110,Golden Retriever / Weimaraner Kurzhaar,large,1
11,1110,Gordon Setter,medium,3
11,1110,Gos d'Atura Catala,medium,1
11,1110,Greyhound / Galgo Espanol,medium,1
11,1110,Griffon belge / Mischling,small,1
11,1110,Griffon nivernais,small,1
11,1110,Groenendael,large,3
11,1110,Grosser Schweizer Sennenhund,large,1
11,1110,Grosspudel Schwarz,large,1
11,1110,Grosspudel Schwarz / Labrador Retriever,large,1
11,1110,Grosspudel Weiss / Golden Retriever,large,1
11,1110,Harzer Fuchs,medium,1
11,1110,Havaneser,small,66
11,1110,Havaneser / Bichon frise,small,1
11,1110,Havaneser / Dackel,small,1
11,1110,Havaneser / Klein- oder Mittelpudel,medium,1
11,1110,Havaneser / Kleinpudel Braun,medium,1
11,1110,Havaneser / Malteser,small,4
11,1110,Havaneser / Mischling,small,18
11,1110,Havaneser / Toypudel Rot,medium,2
11,1110,Havaneser / Zwergpudel Apricot,medium,1
11,1110,Hellinikos Ichnilatis / Deutsche Bracke,medium,1
11,1110,Holländischer Schäferhund Kurzhaar / Labrador Retriever,large,1
11,1110,Hovawart,large,2
11,1110,Hovawart / Mischling,large,2
11,1110,Hrvatski Ovcar / Mischling,medium,1
11,1110,Irish Soft Coated Wheaten Terrier / Grosspudel Apricot,large,1
11,1110,Irish Terrier,medium,1
11,1110,Irish Terrier / Mischling,medium,2
11,1110,Irish Terrier / Schnauzer pfeffersalz,medium,1
11,1110,Irish Wolfhound,large,2
11,1110,Irish Wolfhound / Mischling,large,1
11,1110,Italienisches Windspiel,small,1
11,1110,Jack Russell Terrier,medium,40
11,1110,Jack Russell Terrier / Chihuahua Kurzhaar,medium,1
11,1110,Jack Russell Terrier / Chihuahua Langhaar,medium,1
11,1110,Jack Russell Terrier / Deutsch Kurzhaar,medium,1
11,1110,Jack Russell Terrier / Golden Retriever,large,1
11,1110,Jack Russell Terrier / Jack Russell Terrier,medium,1
11,1110,Jack Russell Terrier / Mischling,medium,33
11,1110,Jack Russell Terrier / Parson Russell Terrier,medium,1
11,1110,Jack Russell Terrier / Pekingese,medium,1
11,1110,Jack Russell Terrier / Pinscher,medium,1
11,1110,Jack Russell Terrier / Welsh Corgi Pembroke,medium,2
11,1110,Jack Russell Terrier / Whippet,medium,1
11,1110,Jagdterrier / Mischling,medium,2
11,1110,Japanischer Spitz / Mischling,medium,1
11,1110,Kaukasischer Ovtcharka / Mischling,large,1
11,1110,King Charles Spaniel,small,3
11,1110,Klein- oder Mittelpudel,medium,1
11,1110,Klein- oder Mittelpudel / Deutscher Schäferhund,large,1
11,1110,Klein- oder Mittelpudel / Golden Retriever,large,1
11,1110,Klein- oder Mittelpudel / Mischling,medium,1
11,1110,Klein- oder Mittelpudel / Schnauzer pfeffersalz,medium,1
11,1110,Kleiner Münsterländer,medium,3
11,1110,Kleiner Münsterländer / English Setter,medium,1
11,1110,Kleinpudel Apricot,medium,2
11,1110,Kleinpudel Apricot / Golden Retriever,large,1
11,1110,Kleinpudel Apricot / Malteser,medium,1
11,1110,Kleinpudel Braun,medium,2
11,1110,Kleinpudel Braun / Malteser,medium,1
11,1110,Kleinpudel Rot,medium,2
11,1110,Kleinpudel Schwarz,medium,3
11,1110,Kleinpudel Weiss,medium,2
11,1110,Kleinpudel Weiss / Mischling,medium,1
11,1110,Kleinspitz Braun/Schwarz,medium,2
11,1110,Kleinspitz Braun/Schwarz / Mischling,medium,1
11,1110,Kleinspitz Neufarben,medium,1
11,1110,Kleinspitz Neufarben / Mischling,medium,1
11,1110,Kleinspitz Weiss,medium,3
11,1110,Kleinspitz Weiss / Chihuahua Langhaar,medium,1
11,1110,Kooikerhondje,medium,3
11,1110,Kromfohrländer,medium,1
11,1110,Kurzhaar Dachshund Kaninchen,small,2
11,1110,Kurzhaar Dachshund Kaninchen / Labrador Retriever,large,1
11,1110,Kurzhaar Dachshund Kaninchen / Mischling,small,1
11,1110,Kurzhaar Dachshund Normal,small,8
11,1110,Kurzhaar Dachshund Normal / Beagle,medium,1
11,1110,Kurzhaar Dachshund Normal / Dalmatiner,medium,1
11,1110,Kurzhaar Dachshund Normal / Jack Russell Terrier,medium,1
11,1110,Kurzhaar Dachshund Normal / Labrador Retriever,large,1
11,1110,Kurzhaar Dachshund Normal / Mischling,small,4
11,1110,Kurzhaar Dachshund Zwerg,small,14
11,1110,Labradoodle,medium,1
11,1110,Labrador Retriever,large,121
11,1110,Labrador Retriever / Australian Shepherd,large,1
11,1110,Labrador Retriever / Berner Sennenhund,large,1
11,1110,Labrador Retriever / Border Collie,large,1
11,1110,Labrador Retriever / Bracke,large,1
11,1110,Labrador Retriever / Dalmatiner,large,2
11,1110,Labrador Retriever / Deutscher Schäferhund,large,2
11,1110,Labrador Retriever / English Cocker Spaniel mehrfärbig,large,1
11,1110,Labrador Retriever / Golden Retriever,large,2
11,1110,Labrador Retriever / Jack Russell Terrier,large,3
11,1110,Labrador Retriever / Kleinpudel Braun,large,1
11,1110,Labrador Retriever / Kurzhaar Dachshund Kaninchen,large,1
11,1110,Labrador Retriever / Kurzhaar Dachshund Normal,large,1
11,1110,Labrador Retriever / Labrador Retriever,large,1
11,1110,Labrador Retriever / Mischling,large,47
11,1110,Labrador Retriever / Pudelpointer,large,2
11,1110,Labrador Retriever / Rhodesian Ridgeback,large,1
11,1110,Labrador Retriever / Siberian Husky,large,1
11,1110,Labrador Retriever / Spitz,large,1
11,1110,Labrador Retriever / St. Bernhardshund Kurzhaar,large,1
11,1110,Labrador Retriever / Welsh Corgi Cardigan,large,1
11,1110,Labrador Retriever / Welsh Springer Spaniel,large,1
11,1110,Labrador Retriever / Zwergpinscher,large,1
11,1110,Lagotto romagnolo,medium,9
11,1110,Landseer,large,1
11,1110,Langhaar Dachshund Kaninchen,small,2
11,1110,Langhaar Dachshund Kaninchen / Mischling,small,1
11,1110,Langhaar Dachshund Normal,small,3
11,1110,Langhaar Dachshund Normal / Langhaar Dachshund Zwerg,small,1
11,1110,Langhaar Dachshund Normal / Mischling,small,1
11,1110,Langhaar Dachshund Normal / Nova Scotia Duck Tolling Retriev,medium,1
11,1110,Langhaar Dachshund Zwerg,small,1
11,1110,Leonberger / Mischling,large,1
11,1110,Lhasa Apso,small,2
11,1110,Magyar Agar,large,1
11,1110,Magyar Vizsla Drahthaar,medium,5
11,1110,Magyar Vizsla Drahthaar / Mischling,medium,1
11,1110,Magyar Vizsla Kurzhaar,medium,6
11,1110,Magyar Vizsla Kurzhaar / Mischling,medium,1
11,1110,Malinois,medium,8
11,1110,Malinois / Belgischer Schäferhund,large,1
11,1110,Malinois / Cane Corso Italiano,large,1
11,1110,Malinois / Italienisches Windspiel,medium,1
11,1110,Malinois / Mischling,medium,1
11,1110,Malteser,small,150
11,1110,Malteser / Bichon frise,small,2
11,1110,Malteser / Chihuahua Kurzhaar,small,2
11,1110,Malteser / Havaneser,small,1
11,1110,Malteser / Kleinpudel Apricot,medium,1
11,1110,Malteser / Kleinpudel Braun,medium,1
11,1110,Malteser / Kleinpudel Weiss,medium,2
11,1110,Malteser / Kleinpudel schwarz aus Mehrfarben,medium,1
11,1110,Malteser / Mischling,small,8
11,1110,Malteser / Pekingese,small,2
11,1110,Malteser / Pudel,medium,2
11,1110,Malteser / Pudelpointer,medium,1
11,1110,Malteser / Shih Tzu,small,1
11,1110,Malteser / Toypudel Apricot,medium,2
11,1110,Malteser / Toypudel Braun,medium,1
11,1110,Malteser / Toypudel Schwarz,medium,1
11,1110,Malteser / West Highland White Terrier,small,1
11,1110,Malteser / Yorkshire Terrier,small,2
11,1110,Malteser / Zwergpudel Apricot,medium,3
11,1110,Malteser / Zwergpudel Braun,medium,1
11,1110,Malteser / Zwergpudel Weiss,medium,1
11,1110,Malteser / Zwergspitz (Pomeranian),medium,2
11,1110,Manchester Terrier / Mischling,medium,1
11,1110,Mastiff,large,1
11,1110,Mehrfarbenpudel schwarz-loh,medium,1
11,1110,Miniatur Bull Terrier,medium,3
11,1110,Miniatur Bull Terrier / Bull Terrier (Standard),medium,1
11,1110,Mittelspitz Braun/Schwarz,medium,2
11,1110,Mittelspitz Braun/Schwarz / Mischling,medium,2
11,1110,Mittelspitz Neufarben,medium,1
11,1110,Mittelspitz Weiss / Dalmatiner,medium,1
11,1110,Mops (Carlin),small,41
11,1110,Mops (Carlin) / Beagle,medium,1
11,1110,Mops (Carlin) / Chihuahua Kurzhaar,small,1
11,1110,Mops (Carlin) / Chihuahua Langhaar,small,2
11,1110,Mops (Carlin) / Mischling,small,6
11,1110,Mudi,medium,2
11,1110,Mudi / Labrador Retriever,large,2
11,1110,Mudi / Mischling,medium,1
11,1110,Mudi / Tornjak,large,1
11,1110,Neufundländer,large,2
11,1110,Neufundländer / Mischling,large,1
11,1110,Norfolk Terrier,small,1
11,1110,Nova Scotia Duck Tolling Retriever / Mischling,medium,1
11,1110,Old English Sheepdog (Bobtail),large,4
11,1110,Olde English Bulldogge,large,10
11,1110,Otterhound / Mischling,large,1
11,1110,Papillon,small,12
11,1110,Papillon / Mischling,small,1
11,1110,Parson Russell Terrier,medium,9
11,1110,Parson Russell Terrier / Border Collie,medium,1
11,1110,Parson Russell Terrier / Kromfohrländer,medium,1
11,1110,Parson Russell Terrier / Mischling,medium,1
11,1110,Pekingese,small,15
11,1110,Pekingese / Dackel,small,1
11,1110,Pekingese / Mischling,small,6
11,1110,Pekingese / Mudi,medium,1
11,1110,Pekingese / Spitz,medium,1
11,1110,Perro de agua Espanol,medium,2
11,1110,Perro sin pelo del Peru (Grande),large,1
11,1110,Petit brabancon,small,2
11,1110,Pinscher,medium,5
11,1110,Pinscher / Deutscher Jagdterrier,medium,2
11,1110,Pinscher / Jack Russell Terrier,medium,1
11,1110,Pinscher / Kurzhaar Dachshund Zwerg,medium,1
11,1110,Pinscher / Malteser,medium,1
11,1110,Pinscher / Mischling,medium,5
11,1110,Pinscher / Pinscher,medium,1
11,1110,Pit Bull Terrier,large,18
11,1110,Pit Bull Terrier / Bullmastiff,large,1
11,1110,Pit Bull Terrier / Mischling,large,1
11,1110,Podenco Canario / Langhaar Dachshund Normal,medium,1
11,1110,Podenco Canario / Mischling,medium,2
11,1110,Prager Rattler,small,2
11,1110,Pudel,medium,10
11,1110,Pudel / Jack Russell Terrier,medium,1
11,1110,Pudel / Malteser,medium,1
11,1110,Pudel / Mischling,medium,3
11,1110,Pudelpointer,medium,3
11,1110,Pudelpointer / King Charles Spaniel,medium,1
11,1110,Puli andersfarbig,medium,1
11,1110,Puli andersfarbig / Mischling,medium,1
11,1110,Puli andersfarbig / Tibetan Terrier,medium,1
11,1110,Pumi,medium,2
11,1110,Pyrenäen Berghund,large,1
11,1110,Rauhhaar Dachshund Normal,small,2
11,1110,Rauhhaar Dachshund Normal / Mischling,small,2
11,1110,Rauhhaar Dachshund Zwerg,small,7
11,1110,Rauhhaar Dachshund Zwerg / Braque d'Auvergne,large,1
11,1110,Rauhhaar Dachshund Zwerg / Mischling,small,3
11,1110,Rhodesian Ridgeback,large,2
11,1110,Rhodesian Ridgeback / Dog de Bordeaux (Bordeauxdogge),large,1
11,1110,Rhodesian Ridgeback / Mischling,large,5
11,1110,Riesenschnauzer pfeffer-salz,large,3
11,1110,Riesenschnauzer pfeffer-salz / Mischling,large,2
11,1110,Riesenschnauzer schwarz,large,1
11,1110,Rottweiler,large,14
11,1110,Rottweiler / Mischling,large,1
11,1110,Russkiy Toy Kurzhaar,small,3
11,1110,Saarlooswolfhond / Siberian Husky,large,1
11,1110,Saluki,large,2
11,1110,Saluki / Border Collie,large,1
11,1110,Saluki / Mischling,large,1
11,1110,Samojede,large,13
11,1110,Sarplaninac / Mischling,large,1
11,1110,Schnauzer pfeffersalz,medium,6
11,1110,Schnauzer pfeffersalz / Mischling,medium,4
11,1110,Schnauzer schwarz,medium,1
11,1110,Schnauzer schwarz / Mischling,medium,4
11,1110,Schwarzer Terrier / Mischling,large,1
11,1110,Schwarzer Terrier / Schnauzer schwarz,large,1
11,1110,Schwyzer Laufhund,medium,1
11,1110,Scottish Terrier / Cairn Terrier,medium,1
11,1110,Shar Pei,medium,5
11,1110,Shar Pei / Mischling,medium,6
11,1110,Shetland Sheepdog,medium,13
11,1110,Shetland Sheepdog / Mischling,medium,1
11,1110,Shiba,medium,20
11,1110,Shiba / Deutscher Schäferhund,large,1
11,1110,Shiba / Mischling,medium,1
11,1110,Shih Tzu,small,27
11,1110,Shih Tzu / Malteser,small,1
11,1110,Shih Tzu / Mischling,small,3
11,1110,Siberian Husky,large,27
11,1110,Siberian Husky / Australian Shepherd,large,1
11,1110,Siberian Husky / Chow-Chow,large,1
11,1110,Siberian Husky / Deutscher Schäferhund,large,1
11,1110,Siberian Husky / Labrador Retriever,large,1
11,1110,Siberian Husky / Mischling,large,4
11,1110,Silken Windsprite,medium,1
11,1110,Spitz,medium,16
11,1110,Spitz / Chihuahua Langhaar,medium,1
11,1110,Spitz / Collie Langhaar (Rough),medium,1
11,1110,Spitz / Japanischer Spitz,medium,1
11,1110,Spitz / Mischling,medium,10
11,1110,Srpski Gonic / Mischling,medium,1
11,1110,Stabyhoun,medium,1
11,1110,Staffordshire Bullterrier,medium,10
11,1110,Staffordshire Bullterrier / Mischling,medium,1
11,1110,Staffordshire Bullterrier / Pit Bull Terrier,large,1
11,1110,Terrier Brasileiro,medium,1
11,1110,Terrier Brasileiro / Airedale Terrier,medium,1
11,1110,Terrier Brasileiro / Mischling,medium,2
11,1110,Tervueren,large,3
11,1110,Tervueren / Shetland Sheepdog,large,1
11,1110,Tibetan Spaniel,small,1
11,1110,Tibetan Terrier,medium,4
11,1110,Tibetan Terrier / Mischling,medium,1
11,1110,Tiroler Bracke / Labrador Retriever,large,1
11,1110,Tornjak / Mischling,large,3
11,1110,Toypudel Apricot,medium,6
11,1110,Toypudel Apricot / Havaneser,medium,1
11,1110,Toypudel Apricot / Malteser,medium,1
11,1110,Toypudel Apricot / Mischling,medium,1
11,1110,Toypudel Braun,medium,3
11,1110,Toypudel Braun / Malteser,medium,1
11,1110,Toypudel Rot,medium,1
11,1110,Toypudel Schwarz,medium,1
11,1110,Toypudel Weiss,medium,1
11,1110,Toypudel falb aus Mehrfarben,medium,1
11,1110,Tschechoslowakischer Wolfhund,large,1
11,1110,Unbekannt,unknown,96
11,1110,Unbekannt / Mischling,unknown,328
11,1110,Weimaraner Kurzhaar,large,6
11,1110,Welsh Corgi Cardigan,medium,2
11,1110,Welsh Corgi Cardigan / Kooikerhondje,medium,1
11,1110,Welsh Corgi Cardigan / Mischling,medium,1
11,1110,Welsh Corgi Pembroke,medium,5
11,1110,Welsh Corgi Pembroke / Deutscher Spitz,medium,1
11,1110,Welsh Corgi Pembroke / Labrador Retriever,large,2
11,1110,Welsh Corgi Pembroke / Mischling,medium,7
11,1110,Welsh Springer Spaniel,medium,1
11,1110,Welsh Terrier / Mischling,medium,1
11,1110,West Highland White Terrier,small,3
11,1110,West Highland White Terrier / Mischling,small,1
11,1110,Whippet,medium,5
11,1110,Whippet / Belgischer Schäferhund,large,1
11,1110,Whippet / Mischling,medium,1
11,1110,Whippet / Perro sin pelo del Peru (Grande),large,1
11,1110,Windhund / Mischling,large,1
11,1110,Wolfspitz,large,2
11,1110,Wolfspitz / Australian Shepherd,large,1
11,1110,Yorkshire Terrier,small,98
11,1110,Yorkshire Terrier / Chihuahua Kurzhaar,small,2
11,1110,Yorkshire Terrier / Malteser,small,1
11,1110,Yorkshire Terrier / Mischling,small,11
11,1110,Yorkshire Terrier / Schnauzer pfeffersalz,medium,1
11,1110,Yorkshire Terrier / Tibetan Terrier,medium,1
11,1110,Yorkshire Terrier / Yorkshire Terrier,small,1
11,1110,Zwergpinscher,medium,20
11,1110,Zwergpinscher / Belgischer Schäferhund,large,1
11,1110,Zwergpinscher / Deutscher Pinscher,medium,1
11,1110,Zwergpinscher / Mischling,medium,3
11,1110,Zwergpinscher / Terrier Brasileiro,medium,1
11,1110,Zwergpudel Apricot,medium,22
11,1110,Zwergpudel Apricot / Bichon frise,medium,1
11,1110,Zwergpudel Apricot / English Cocker Spaniel einfärbig,medium,1
11,1110,Zwergpudel Apricot / Malteser,medium,2
11,1110,Zwergpudel Apricot / Mischling,medium,1
11,1110,Zwergpudel Apricot / Toypudel Apricot,medium,1
11,1110,Zwergpudel Braun,medium,3
11,1110,Zwergpudel Braun / American Cocker Spaniel,medium,1
11,1110,Zwergpudel Grau / Havaneser,medium,1
11,1110,Zwergpudel Rot,medium,3
11,1110,Zwergpudel Weiss,medium,2
11,1110,Zwergpudel falb aus Mehrfarben / Mischling,medium,1
11,1110,Zwergpudel schwarz aus Mehrfarben,medium,2
11,1110,Zwergschnauzer pfeffer-salz,medium,4
11,1110,Zwergschnauzer pfeffer-salz / Fox Terrier drahthaar,medium,1
11,1110,Zwergschnauzer pfeffer-salz / Mischling,medium,1
11,1110,Zwergschnauzer schwarz / Mischling,medium,2
11,1110,Zwergschnauzer schwarz-silber,medium,1
11,1110,Zwergschnauzer weiss / Zwergpudel Apricot,medium,1
11,1110,Zwergspitz (Pomeranian),medium,88
11,1110,Zwergspitz (Pomeranian) / Chihuahua Kurzhaar,medium,1
11,1110,Zwergspitz (Pomeranian) / Deutscher Spitz,medium,1
11,1110,Zwergspitz (Pomeranian) / Golden Retriever,large,1
11,1110,Zwergspitz (Pomeranian) / Mischling,medium,8
11,1110,Zwergspitz (Pomeranian) / Shih Tzu,medium,1
11,1110,Zwergspitz (Pomeranian) / Siberian Husky,large,1
11,1110,Österreichischer Pinscher,medium,4
11,1110,Österreichischer Pinscher / Kurzhaar Dachshund Kaninchen,medium,1
11,1110,Österreichischer Pinscher / Labrador Retriever,large,1
11,1110,Österreichischer Pinscher / Mischling,medium,4
12,1120,Affenpinscher / Mischling,medium,1
12,1120,Afghanischer Windhund,large,1
12,1120,Afghanischer Windhund / Berner Laufhund,large,1
12,1120,Afghanischer Windhund / Mischling,large,1
12,1120,Airedale Terrier,medium,2
12,1120,Akita,large,7
12,1120,Akita / Deutscher Schäferhund,large,1
12,1120,Alaskan Malamute,large,3
12,1120,Alpenländische Dachsbracke / Mischling,medium,1
12,1120,American Bully,large,1
12,1120,American Bully / Mischling,large,1
12,1120,American Cocker Spaniel,medium,3
12,1120,American Cocker Spaniel / Kleinpudel Braun,medium,1
12,1120,American Cocker Spaniel / Zwergpudel Apricot,medium,2
12,1120,American Foxhound / Deutscher Schäferhund,large,1
12,1120,American Shepherd,medium,1
12,1120,American Shepherd / Labrador Retriever,large,1
12,1120,American Staffordshire Terrier,large,66
12,1120,American Staffordshire Terrier / Australian Shepherd,large,1
12,1120,American Staffordshire Terrier / Deutscher Schäferhund,large,1
12,1120,American Staffordshire Terrier / Labrador Retriever,large,2
12,1120,American Staffordshire Terrier / Mischling,large,10
12,1120,American Staffordshire Terrier / Pit Bull Terrier,large,2
12,1120,American Staffordshire Terrier / Rottweiler,large,1
12,1120,Appenzeller Sennenhund / Bayrischer Gebirgsschweisshund,large,2
12,1120,Appenzeller Sennenhund / Mischling,large,2
12,1120,Aussiedoodle,medium,1
12,1120,Australian Cattledog,medium,1
12,1120,Australian Cattledog / Border Collie,medium,1
12,1120,Australian Cattledog / Labrador Retriever,large,1
12,1120,Australian Cattledog / Mischling,medium,1
12,1120,Australian Shepherd,medium,16
12,1120,Australian Shepherd / Australian Shepherd,medium,1
12,1120,Australian Shepherd / Bearded Collie,medium,1
12,1120,Australian Shepherd / Bulldog,medium,1
12,1120,Australian Shepherd / Deutscher Schäferhund Langstockhaar,large,1
12,1120,Australian Shepherd / Jack Russell Terrier,medium,1
12,1120,Australian Shepherd / Kuvasz,large,1
12,1120,Australian Shepherd / Mischling,medium,2
12,1120,Australian Terrier / Beagle,medium,1
12,1120,Australian Terrier / Jack Russell Terrier,medium,1
12,1120,Australian Terrier / Norfolk Terrier,medium,1
12,1120,Barbet,medium,1
12,1120,Basenji / Border Collie,medium,1
12,1120,Basset Hound,medium,2
12,1120,Basset Hound / Terrier Brasileiro,medium,1
12,1120,Bayrischer Gebirgsschweisshund,medium,3
12,1120,Bayrischer Gebirgsschweisshund / Deutscher Schäferhund,large,1
12,1120,Beagle,medium,15
12,1120,Beagle / Collie Kurzhaar (Smooth),medium,1
12,1120,Beagle / Deutscher Boxer gelb,large,1
12,1120,Beagle / Fox Terrier glatthaar,medium,1
12,1120,Beagle / Greyhound,medium,1
12,1120,Beagle / Italienisches Windspiel,medium,1
12,1120,Beagle / Jack Russell Terrier,medium,1
12,1120,Beagle / Labrador Retriever,large,1
12,1120,Beagle / Mischling,medium,13
12,1120,Beagle / Terrier Brasileiro,medium,1
12,1120,Bedlington Terrier,medium,1
12,1120,Belgischer Schäferhund,large,6
12,1120,Belgischer Schäferhund / Kaukasischer Ovtcharka,large,1
12,1120,Belgischer Schäferhund / Labrador Retriever,large,1
12,1120,Belgischer Schäferhund / Mischling,large,8
12,1120,Belgischer Schäferhund / Zwergspitz (Pomeranian),large,1
12,1120,Berger Blanc Suisse,large,5
12,1120,Berger de Beauce (Beauceron),large,1
12,1120,Berger de Brie (Briard),large,2
12,1120,Berger de Brie (Briard) / Mischling,large,1
12,1120,Berger de Picardie (Berger Picard),medium,1
12,1120,Berger des Pyrenees a poil long / Mischling,medium,1
12,1120,Berner Sennenhund,large,3
12,1120,Berner Sennenhund / Australian Shepherd,large,1
12,1120,Berner Sennenhund / Cane Corso Italiano,large,1
12,1120,Bichon frise,small,14
12,1120,Bichon frise / Bologneser,small,1
12,1120,Bichon frise / Havaneser,small,2
12,1120,Bichon frise / Malteser,small,2
12,1120,Bichon frise / Mischling,small,2
12,1120,Bichon/Yorkie,small,1
12,1120,Biewer Terrier / Yorkshire Terrier,small,1
12,1120,Black and Tan Coonhound / Mischling,large,1
12,1120,Bologneser,small,4
12,1120,Bolonka Zwetna,small,4
12,1120,Border Collie,medium,31
12,1120,Border Collie / Australian Shepherd,medium,1
12,1120,Border Collie / Cane Corso Italiano,large,1
12,1120,Border Collie / Chihuahua Kurzhaar,medium,1
12,1120,Border Collie / Deutsch Kurzhaar,medium,2
12,1120,Border Collie / Golden Retriever,large,3
12,1120,Border Collie / Kurzhaar Dachshund Normal,medium,1
12,1120,Border Collie / Labrador Retriever,large,4
12,1120,Border Collie / Mischling,medium,8
12,1120,Border Collie / Whippet,medium,1
12,1120,Border Collie / Österreichischer Pinscher,medium,1
12,1120,Border Terrier,medium,2
12,1120,Border Terrier / Mischling,medium,2
12,1120,Boston Terrier,medium,2
12,1120,Boston Terrier / Französische Bulldogge,medium,1
12,1120,Bracke,medium,1
12,1120,Bracke / Mischling,medium,2
12,1120,Brandlbracke / Beagle,medium,1
12,1120,Braque d'Auvergne / Beagle,large,1
12,1120,Bull Terrier (Standard),medium,2
12,1120,Bulldog,medium,7
12,1120,Bullmastiff,large,1
12,1120,Cairn Terrier / Mischling,small,1
12,1120,Cairn Terrier / Pudel,medium,1
12,1120,Cane Corso Italiano,large,13
12,1120,Cane Corso Italiano / Mischling,large,1
12,1120,Cao de Agua Portugues (Portug. Wasserhund),large,6
12,1120,Catahoula Leopard Dog,large,2
12,1120,Cavalier King Charles Spaniel,small,5
12,1120,Cavalier King Charles Spaniel / Mischling,small,1
12,1120,Cavalier King Charles Spaniel / Pudel,medium,1
12,1120,Cavalier King Charles Spaniel / Shih Tzu,small,1
12,1120,Cavalier King Charles Spaniel / Zwergpudel Apricot,medium,1
12,1120,Chihuahua Kurzhaar,small,125
12,1120,Chihuahua Kurzhaar / Jack Russell Terrier,medium,2
12,1120,Chihuahua Kurzhaar / Kurzhaar Dachshund Normal,small,1
12,1120,Chihuahua Kurzhaar / Mischling,small,19
12,1120,Chihuahua Kurzhaar / Mops (Carlin),small,2
12,1120,Chihuahua Kurzhaar / Zwergpinscher,medium,1
12,1120,Chihuahua Langhaar,small,50
12,1120,Chihuahua Langhaar / Bosanski Ostrodlaki Gonic - Barac,medium,1
12,1120,Chihuahua Langhaar / Malteser,small,1
12,1120,Chihuahua Langhaar / Mischling,small,7
12,1120,Chihuahua Langhaar / Pekingese,small,1
12,1120,Chihuahua Langhaar / Yorkshire Terrier,small,1
12,1120,Chihuahua Langhaar / Zwergpinscher,medium,1
12,1120,Chihuahua Langhaar / Zwergspitz (Pomeranian),medium,1
12,1120,Chin / Mischling,small,1
12,1120,Chinese Crested Dog hairless,small,2
12,1120,Chinese Crested Dog powderpuff,small,1
12,1120,Chow-Chow,large,3
12,1120,Chow-Chow / Deutscher Schäferhund,large,1
12,1120,Ciobanesc Romanesc Carpatin / Shetland Sheepdog,large,1
12,1120,Coban Köpegi (Anatolischer Hirtenhund),large,2
12,1120,Coban Köpegi (Anatolischer Hirtenhund) / Mischling,large,1
12,1120,Cockerpoo,medium,3
12,1120,Collie Kurzhaar (Smooth),medium,1
12,1120,Collie Kurzhaar (Smooth) / Mischling,medium,2
12,1120,Collie Langhaar (Rough),medium,2
12,1120,Collie Langhaar (Rough) / Hrvatski Ovcar,medium,1
12,1120,Collie Langhaar (Rough) / Kurzhaar Dachshund Normal,medium,1
12,1120,Collie Langhaar (Rough) / Mischling,medium,1
12,1120,Dackel,small,23
12,1120,Dackel / Beagle,medium,2
12,1120,Dackel / Chihuahua Langhaar,small,1
12,1120,Dackel / Mischling,small,17
12,1120,Dackel / Pinscher,medium,1
12,1120,Dackel / Österreichischer Pinscher,medium,1
12,1120,Dalmatiner,medium,6
12,1120,Dalmatiner / Mischling,medium,1
12,1120,Dandie Dinmont Terrier / Mischling,medium,1
12,1120,Deutsch Drahthaar / Mischling,medium,1
12,1120,Deutsch Kurzhaar / Labrador Retriever,large,1
12,1120,Deutsch Kurzhaar / Mischling,medium,2
12,1120,Deutsch Langhaar / Australian Shepherd,medium,1
12,1120,Deutsch Langhaar / Mischling,medium,1
12,1120,Deutsche Bracke,medium,1
12,1120,Deutsche Dogge blau,large,1
12,1120,Deutsche Dogge gefleckt,large,1
12,1120,Deutsche Dogge schwarz,large,1
12,1120,Deutsche Dogge schwarz / Labrador Retriever,large,1
12,1120,Deutscher Boxer gelb,large,5
12,1120,Deutscher Boxer gelb / American Staffordshire Terrier,large,1
12,1120,Deutscher Boxer gelb / Mischling,large,1
12,1120,Deutscher Boxer gestromt,large,3
12,1120,Deutscher Boxer gestromt / Mischling,large,1
12,1120,Deutscher Jagdterrier,medium,2
12,1120,Deutscher Jagdterrier / Irish Terrier,medium,1
12,1120,Deutscher Jagdterrier / Jack Russell Terrier,medium,1
12,1120,Deutscher Jagdterrier / Kurzhaar Dachshund Normal,medium,1
12,1120,Deutscher Jagdterrier / Malteser,medium,1
12,1120,Deutscher Jagdterrier / Rauhhaar Dachshund Normal,medium,1
12,1120,Deutscher Jagdterrier / Schnauzer schwarz,medium,1
12,1120,Deutscher Pinscher / Chihuahua Kurzhaar,medium,1
12,1120,Deutscher Pinscher / Mischling,medium,3
12,1120,Deutscher Schäferhund,large,20
12,1120,Deutscher Schäferhund / Australian Shepherd,large,1
12,1120,Deutscher Schäferhund / Border Collie,large,1
12,1120,Deutscher Schäferhund / Border Terrier,large,1
12,1120,Deutscher Schäferhund / Collie Langhaar (Rough),large,1
12,1120,Deutscher Schäferhund / Labrador Retriever,large,2
12,1120,Deutscher Schäferhund / Malinois,large,1
12,1120,Deutscher Schäferhund / Mischling,large,20
12,1120,Deutscher Schäferhund / Mudi,large,1
12,1120,Deutscher Schäferhund / Siberian Husky,large,4
12,1120,Deutscher Schäferhund Langstockhaar,large,5
12,1120,Deutscher Schäferhund Langstockhaar / Bracke,large,1
12,1120,Deutscher Schäferhund Langstockhaar / Dackel,large,1
12,1120,Deutscher Schäferhund Langstockhaar / Mischling,large,1
12,1120,Deutscher Spitz,medium,6
12,1120,Deutscher Spitz / Border Collie,medium,1
12,1120,Deutscher Spitz / English Cocker Spaniel einfärbig,medium,1
12,1120,Deutscher Spitz / Mischling,medium,1
12,1120,Deutscher Wachtelhund / Mischling,medium,1
12,1120,Dobermann braun-rot,large,2
12,1120,Dobermann braun-rot / Mischling,large,1
12,1120,Dobermann schwarz-rot,large,6
12,1120,Dog de Bordeaux (Bordeauxdogge),large,2
12,1120,Elo,medium,2
12,1120,English Cocker Spaniel einfärbig,medium,15
12,1120,English Cocker Spaniel einfärbig / Kleinpudel Apricot,medium,1
12,1120,English Cocker Spaniel einfärbig / Mischling,medium,2
12,1120,English Cocker Spaniel mehrfärbig,medium,6
12,1120,English Cocker Spaniel mehrfärbig / Mischling,medium,2
12,1120,English Cocker Spaniel mehrfärbig / Pekingese,medium,1
12,1120,English Pointer / Dalmatiner,medium,1
12,1120,English Pointer / Deutsch Kurzhaar,medium,1
12,1120,English Pointer / Labrador Retriever,large,1
12,1120,English Pointer / Mischling,medium,1
12,1120,English Setter / Brandlbracke,medium,1
12,1120,English Setter / Mischling,medium,1
12,1120,English Springer Spaniel,medium,1
12,1120,English Toy Terrier / Mischling,small,1
12,1120,Entlebucher Sennenhund,medium,4
12,1120,Entlebucher Sennenhund / Mischling,medium,1
12,1120,Epagneul breton,medium,2
12,1120,Epagneul breton / Mischling,medium,1
12,1120,Erdelyi Kopo / Mischling,medium,1
12,1120,Eurasier,medium,4
12,1120,Eurasier / Chow-Chow,large,1
12,1120,Flat-Coated Retriever,large,5
12,1120,Fox Terrier drahthaar,medium,1
12,1120,Fox Terrier drahthaar / Mischling,medium,3
12,1120,Fox Terrier glatthaar,medium,3
12,1120,Fox Terrier glatthaar / Australian Shepherd,medium,1
12,1120,Fox Terrier glatthaar / Mischling,medium,4
12,1120,Fox Terrier glatthaar / Tiroler Bracke,medium,1
12,1120,Französische Bulldogge,medium,67
12,1120,Französische Bulldogge / Bulldog,medium,1
12,1120,Französische Bulldogge / Malteser,medium,1
12,1120,Französische Bulldogge / Mischling,medium,3
12,1120,Galgo Espanol,medium,1
12,1120,Galgo Espanol / Labrador Retriever,large,1
12,1120,Gammel Dansk Hoensehund / Mischling,medium,1
12,1120,Golden Retriever,large,41
12,1120,Golden Retriever / Ariegeois,large,1
12,1120,Golden Retriever / Australian Shepherd,large,2
12,1120,Golden Retriever / King Charles Spaniel,large,1
12,1120,Golden Retriever / Kleinpudel Braun,large,1
12,1120,Golden Retriever / Labrador Retriever,large,4
12,1120,Golden Retriever / Mischling,large,15
12,1120,Golden Retriever / Samojede,large,1
12,1120,Golden Retriever / Terrier Brasileiro,large,1
12,1120,Greyhound,medium,2
12,1120,Griffon belge,small,1
12,1120,Griffon belge / Mischling,small,1
12,1120,Grosspudel Apricot,large,4
12,1120,Grosspudel Braun,large,1
12,1120,Grosspudel Falb,large,2
12,1120,Grosspudel Schwarz,large,1
12,1120,Grosspudel schwarz aus Mehrfarben,large,1
12,1120,Harzer Fuchs,medium,1
12,1120,Havaneser,small,35
12,1120,Havaneser / Malteser,small,1
12,1120,Havaneser / Mischling,small,12
12,1120,Havaneser / Pudel,medium,1
12,1120,Havaneser / Zwergpudel Apricot,medium,3
12,1120,Havaneser / Zwergpudel Weiss,medium,1
12,1120,Hellinikos Ichnilatis / English Pointer,medium,1
12,1120,Hellinikos Ichnilatis / Mischling,medium,1
12,1120,Holländischer Schäferhund Kurzhaar,large,1
12,1120,Holländischer Schäferhund Kurzhaar / Belgischer Schäferhund,large,1
12,1120,Holländischer Schäferhund Kurzhaar / Collie Kurzhaar (Smooth,large,1
12,1120,Hovawart,large,1
12,1120,Hrvatski Ovcar / Labrador Retriever,large,1
12,1120,Hrvatski Ovcar / Mischling,medium,1
12,1120,Irish Red Setter,medium,2
12,1120,Irish Red and White Setter,medium,2
12,1120,Irish Soft Coated Wheaten Terrier,medium,1
12,1120,Irish Terrier,medium,1
12,1120,Irish Wolfhound,large,5
12,1120,Italienisches Windspiel,small,3
12,1120,Italienisches Windspiel / Labrador Retriever,large,1
12,1120,Jack Russell Terrier,medium,41
12,1120,Jack Russell Terrier / Beagle,medium,2
12,1120,Jack Russell Terrier / English Pointer,medium,1
12,1120,Jack Russell Terrier / Fox Terrier glatthaar,medium,1
12,1120,Jack Russell Terrier / Kurzhaar Dachshund Normal,medium,1
12,1120,Jack Russell Terrier / Malteser,medium,1
12,1120,Jack Russell Terrier / Mischling,medium,19
12,1120,Jack Russell Terrier / Mittelspitz Braun/Schwarz,medium,1
12,1120,Jack Russell Terrier / Pinscher,medium,1
12,1120,Jack Russell Terrier / Shiba,medium,1
12,1120,Jack Russell Terrier / Welsh Corgi Cardigan,medium,1
12,1120,Jack Russell Terrier / Zwergpinscher,medium,1
12,1120,Jagdterrier,medium,1
12,1120,Jagdterrier / Mischling,medium,1
12,1120,Japanischer Spitz,medium,1
12,1120,Karelischer Bärenhund / Finnen-Spitz,large,1
12,1120,Kaukasischer Ovtcharka,large,2
12,1120,Kaukasischer Ovtcharka / Lhasa Apso,large,1
12,1120,King Charles Spaniel / Deutscher Spitz,medium,1
12,1120,King Charles Spaniel / Zwergpudel Apricot,medium,1
12,1120,Klein- oder Mittelpudel,medium,5
12,1120,Klein- oder Mittelpudel / Havaneser,medium,1
12,1120,Kleiner Münsterländer,medium,1
12,1120,Kleinpudel Apricot,medium,2
12,1120,Kleinpudel Apricot / Golden Retriever,large,1
12,1120,Kleinpudel Apricot / Mischling,medium,1
12,1120,Kleinpudel Falb,medium,2
12,1120,Kleinpudel Falb / Lagotto romagnolo,medium,1
12,1120,Kleinpudel Schwarz / Mischling,medium,1
12,1120,Kleinpudel Weiss / English Cocker Spaniel einfärbig,medium,1
12,1120,Kleinpudel falb aus Mehrfarben,medium,1
12,1120,Kleinpudel schwarz aus Mehrfarben / English Cocker Spaniel e,medium,1
12,1120,Kleinspitz Weiss / Zwergspitz (Pomeranian),medium,1
12,1120,Korea Jindo Dog,medium,2
12,1120,Krazski Ovcar,large,1
12,1120,Kromfohrländer,medium,3
12,1120,Kurzhaar Dachshund Kaninchen,small,5
12,1120,Kurzhaar Dachshund Kaninchen / Deutscher Schäferhund,large,1
12,1120,Kurzhaar Dachshund Kaninchen / Kurzhaar Dachshund Normal,small,1
12,1120,Kurzhaar Dachshund Kaninchen / Mischling,small,2
12,1120,Kurzhaar Dachshund Normal,small,7
12,1120,Kurzhaar Dachshund Normal / Beagle,medium,1
12,1120,Kurzhaar Dachshund Normal / Beagle Harrier,medium,1
12,1120,Kurzhaar Dachshund Normal / Chihuahua Kurzhaar,small,1
12,1120,Kurzhaar Dachshund Normal / Mischling,small,7
12,1120,Kurzhaar Dachshund Normal / Pinscher,medium,1
12,1120,Kurzhaar Dachshund Zwerg,small,7
12,1120,Labradoodle,medium,1
12,1120,Labrador Retriever,large,89
12,1120,Labrador Retriever / Akita,large,1
12,1120,Labrador Retriever / American Staffordshire Terrier,large,2
12,1120,Labrador Retriever / Appenzeller Sennenhund,large,2
12,1120,Labrador Retriever / Australian Shepherd,large,1
12,1120,Labrador Retriever / Beagle,large,1
12,1120,Labrador Retriever / Border Collie,large,3
12,1120,Labrador Retriever / Dalmatiner,large,1
12,1120,Labrador Retriever / Deutsch Kurzhaar,large,1
12,1120,Labrador Retriever / Deutsche Bracke,large,1
12,1120,Labrador Retriever / Deutscher Schäferhund,large,4
12,1120,Labrador Retriever / Deutscher Schäferhund Langstockhaar,large,1
12,1120,Labrador Retriever / English Pointer,large,2
12,1120,Labrador Retriever / Golden Retriever,large,1
12,1120,Labrador Retriever / Irish Water Spaniel,large,1
12,1120,Labrador Retriever / Istrianer Bracke Kurzhaar (Kratkodlaki,large,1
12,1120,Labrador Retriever / Kleinpudel Apricot,large,1
12,1120,Labrador Retriever / Kurzhaar Dachshund Kaninchen,large,1
12,1120,Labrador Retriever / Kurzhaar Dachshund Normal,large,1
12,1120,Labrador Retriever / Maremmano - Abruzzese,large,1
12,1120,Labrador Retriever / Mischling,large,37
12,1120,Labrador Retriever / Parson Russell Terrier,large,1
12,1120,Labrador Retriever / Pinscher,large,1
12,1120,Labrador Retriever / Riesenschnauzer schwarz,large,1
12,1120,Labrador Retriever / Rottweiler,large,1
12,1120,Labrador Retriever / Schwyzer Niederlaufhund,large,1
12,1120,Labrador Retriever / Shar Pei,large,2
12,1120,Labrador Retriever / Whippet,large,1
12,1120,Lagotto romagnolo,medium,18
12,1120,Lagotto romagnolo / English Cocker Spaniel einfärbig,medium,1
12,1120,Lagotto romagnolo / English Cocker Spaniel mehrfärbig,medium,1
12,1120,Lagotto romagnolo / King Charles Spaniel,medium,1
12,1120,Lagotto romagnolo / Mischling,medium,2
12,1120,Langhaar Dachshund Kaninchen / Golden Retriever,large,1
12,1120,Langhaar Dachshund Kaninchen / Mischling,small,1
12,1120,Langhaar Dachshund Normal,small,2
12,1120,Langhaar Dachshund Normal / Collie Langhaar (Rough),medium,1
12,1120,Langhaar Dachshund Zwerg,small,3
12,1120,Lhasa Apso,small,1
12,1120,Löwchen / Zwergpudel Apricot,medium,1
12,1120,Magyar Agar / Mischling,large,1
12,1120,Magyar Vizsla Drahthaar,medium,4
12,1120,Magyar Vizsla Drahthaar / Dalmatiner,medium,1
12,1120,Magyar Vizsla Drahthaar / Labrador Retriever,large,1
12,1120,Magyar Vizsla Drahthaar / Mischling,medium,1
12,1120,Magyar Vizsla Kurzhaar,medium,2
12,1120,Malinois,medium,10
12,1120,Malinois / Collie Langhaar (Rough),medium,1
12,1120,Malinois / Mischling,medium,1
12,1120,Malteser,small,99
12,1120,Malteser / Bearded Collie,medium,2
12,1120,Malteser / Bichon frise,small,1
12,1120,Malteser / Dackel,small,1
12,1120,Malteser / Havaneser,small,2
12,1120,Malteser / Jack Russell Terrier,medium,1
12,1120,Malteser / Mischling,small,22
12,1120,Malteser / Parson Russell Terrier,medium,1
12,1120,Malteser / Pekingese,small,1
12,1120,Malteser / Pudel,medium,3
12,1120,Malteser / Pudelpointer,medium,2
12,1120,Malteser / Shih Tzu,small,2
12,1120,Malteser / Toypudel Apricot,medium,1
12,1120,Malteser / Zwergpudel Apricot,medium,3
12,1120,Malteser / Zwergpudel Rot,medium,1
12,1120,Malteser / Zwergpudel falb aus Mehrfarben,medium,1
12,1120,Manchester Terrier,medium,1
12,1120,Maremmano - Abruzzese / Jack Russell Terrier,large,1
12,1120,Mehrfarbenpudel schwarz-loh / Labrador Retriever,large,1
12,1120,Miniatur Bull Terrier,medium,2
12,1120,Mittelspitz Braun/Schwarz,medium,3
12,1120,Mittelspitz Braun/Schwarz / Chow-Chow,large,1
12,1120,Mittelspitz Weiss / Mischling,medium,1
12,1120,Mittelspitz Weiss / Mittelspitz Weiss,medium,1
12,1120,Mittelspitz Weiss / Zwergspitz (Pomeranian),medium,1
12,1120,Mops (Carlin),small,28
12,1120,Mops (Carlin) / Dackel,small,1
12,1120,Mops (Carlin) / Mischling,small,1
12,1120,Mudi,medium,1
12,1120,Mudi / Dackel,medium,1
12,1120,Mudi / Deutscher Schäferhund,large,1
12,1120,Mudi / Deutscher Spitz,medium,1
12,1120,Mudi / Mischling,medium,1
12,1120,Mudi / Spitz,medium,1
12,1120,Norwich Terrier,small,2
12,1120,Nova Scotia Duck Tolling Retriever,medium,1
12,1120,Nova Scotia Duck Tolling Retriever / Mischling,medium,1
12,1120,Old English Sheepdog (Bobtail) / Mischling,large,1
12,1120,Olde English Bulldogge,large,3
12,1120,Papillon,small,9
12,1120,Papillon / Mischling,small,1
12,1120,Papillon / Schipperke,small,1
12,1120,Parson Russell Terrier,medium,11
12,1120,Parson Russell Terrier / Galgo Espanol,medium,1
12,1120,Parson Russell Terrier / Mischling,medium,1
12,1120,Parson Russell Terrier / Steirische Rauhaarbracke,medium,1
12,1120,Pekingese,small,9
12,1120,Pekingese / Kleinspitz Braun/Schwarz,medium,1
12,1120,Pekingese / Mischling,small,7
12,1120,Pekingese / Shih Tzu,small,1
12,1120,Perro de agua Espanol,medium,3
12,1120,Perro sin pelo del Peru (Pequeno),medium,1
12,1120,Pinscher,medium,7
12,1120,Pinscher / Braque de l'Ariege,large,1
12,1120,Pinscher / Chihuahua Kurzhaar,medium,2
12,1120,Pinscher / Deutscher Schäferhund,large,1
12,1120,Pinscher / Kurzhaar Dachshund Normal,medium,1
12,1120,Pinscher / Mischling,medium,3
12,1120,Pinscher / Rauhhaar Dachshund Normal,medium,1
12,1120,Pinscher / Zwergpinscher,medium,1
12,1120,Pit Bull Terrier,large,7
12,1120,Pit Bull Terrier / Mischling,large,2
12,1120,Pit Bull Terrier / Pit Bull Terrier,large,1
12,1120,Podenco Canario,medium,1
12,1120,Podenco Canario / Jack Russell Terrier,medium,1
12,1120,Podenco Ibicenco Kurzhaar,medium,1
12,1120,Podenco Ibicenco Kurzhaar / Mischling,medium,1
12,1120,Podenco Ibicenco Kurzhaar / Podenco Canario,medium,1
12,1120,Podenco Ibicenco Rauhhaar,medium,1
12,1120,Podengo Portugues Kurzhaar Pequeno / Mischling,small,1
12,1120,Polski Owczarek Nizinny,medium,1
12,1120,Prager Rattler,small,2
12,1120,Pudel,medium,12
12,1120,Pudel / Mischling,medium,4
12,1120,Pudel / Yorkshire Terrier,medium,1
12,1120,Pudelpointer,medium,1
12,1120,Pudelpointer / Mischling,medium,1
12,1120,Puli andersfarbig,medium,2
12,1120,Puli andersfarbig / Mischling,medium,2
12,1120,Pumi / Mischling,medium,2
12,1120,Pumi / Pudelpointer,medium,1
12,1120,Rauhhaar Dachshund Kaninchen / Field Spaniel,medium,1
12,1120,Rauhhaar Dachshund Normal,small,1
12,1120,Rauhhaar Dachshund Zwerg,small,8
12,1120,Rauhhaar Dachshund Zwerg / Mischling,small,3
12,1120,Rauhhaar Dachshund Zwerg / Schnauzer pfeffersalz,medium,1
12,1120,Rhodesian Ridgeback,large,1
12,1120,Rhodesian Ridgeback / Mischling,large,1
12,1120,Riesenschnauzer pfeffer-salz,large,2
12,1120,Riesenschnauzer schwarz,large,1
12,1120,Rottweiler,large,7
12,1120,Rottweiler / Mischling,large,1
12,1120,Russisch-Europäischer Laika,medium,1
12,1120,Russkiy Toy Langhaar / Zwergspitz (Pomeranian),medium,1
12,1120,Saluki,large,3
12,1120,Saluki / Labrador Retriever,large,1
12,1120,Samojede,large,7
12,1120,Schipperke / Mischling,small,1
12,1120,Schnauzer pfeffersalz,medium,2
12,1120,Schnauzer pfeffersalz / Mischling,medium,6
12,1120,Schnauzer schwarz,medium,3
12,1120,Schnauzer schwarz / Bearded Collie,medium,1
12,1120,Schnauzer schwarz / Jack Russell Terrier,medium,1
12,1120,Schnauzer schwarz / Mischling,medium,1
12,1120,Schnauzer schwarz / Schwarzer Terrier,large,1
12,1120,Schwarzer Terrier / Mischling,large,1
12,1120,Schwarzer Terrier / Zwergschnauzer pfeffer-salz,large,1
12,1120,Schwarzer Terrier / Zwergschnauzer schwarz,large,1
12,1120,Shar Pei,medium,5
12,1120,Shar Pei / Belgischer Schäferhund,large,1
12,1120,Shar Pei / Bulldog,medium,1
12,1120,Shetland Sheepdog,medium,4
12,1120,Shetland Sheepdog / Chihuahua Langhaar,medium,1
12,1120,Shetland Sheepdog / Mischling,medium,2
12,1120,Shiba,medium,15
12,1120,Shiba / Beagle,medium,1
12,1120,Shiba / Mischling,medium,1
12,1120,Shih Tzu,small,26
12,1120,Shih Tzu / Malteser,small,1
12,1120,Shih Tzu / Mischling,small,2
12,1120,Siberian Husky,large,23
12,1120,Siberian Husky / Akita,large,1
12,1120,Siberian Husky / Alaskan Malamute,large,2
12,1120,Siberian Husky / Beagle,large,1
12,1120,Siberian Husky / Deutscher Schäferhund Langstockhaar,large,1
12,1120,Siberian Husky / Kleinspitz Neufarben,large,1
12,1120,Siberian Husky / Labrador Retriever,large,2
12,1120,Siberian Husky / Mischling,large,2
12,1120,Siberian Husky / Zwergspitz (Pomeranian),large,2
12,1120,Silken Windsprite / Labrador Retriever,large,1
12,1120,Spitz,medium,15
12,1120,Spitz / Malteser,medium,1
12,1120,Spitz / Mischling,medium,2
12,1120,St. Bernhardshund Kurzhaar,large,1
12,1120,St. Bernhardshund Kurzhaar / Berner Sennenhund,large,1
12,1120,Staffordshire Bullterrier,medium,6
12,1120,Staffordshire Bullterrier / Mischling,medium,1
12,1120,Staffordshire Bullterrier / Pit Bull Terrier,large,1
12,1120,Steirische Rauhaarbracke,medium,1
12,1120,Südrussischer Ovtcharka / Mischling,large,1
12,1120,Terrier Brasileiro / Mischling,medium,2
12,1120,Tibetan Spaniel,small,1
12,1120,Tibetan Terrier / Havaneser,medium,1
12,1120,Tiroler Bracke / Deutscher Schäferhund,large,1
12,1120,Tornjak,large,1
12,1120,Toypudel Apricot,medium,6
12,1120,Toypudel Apricot / Cavalier King Charles Spaniel,medium,1
12,1120,Toypudel Apricot / Golden Retriever,large,1
12,1120,Toypudel Braun,medium,4
12,1120,Toypudel Falb,medium,1
12,1120,Toypudel Grau,medium,1
12,1120,Toypudel Rot,medium,1
12,1120,Toypudel Weiss,medium,1
12,1120,Toypudel falb aus Mehrfarben,medium,2
12,1120,Toypudel schwarz aus Mehrfarben,medium,1
12,1120,Tschechoslowakischer Wolfhund,large,1
12,1120,Tschechoslowakischer Wolfhund / Schnauzer schwarz,large,1
12,1120,Unbekannt,unknown,53
12,1120,Unbekannt / Mischling,unknown,205
12,1120,Welsh Corgi Cardigan,medium,1
12,1120,Welsh Corgi Cardigan / Cairn Terrier,medium,1
12,1120,Welsh Corgi Cardigan / Mischling,medium,1
12,1120,Welsh Corgi Cardigan / Spitz,medium,1
12,1120,Welsh Corgi Pembroke,medium,2
12,1120,Welsh Corgi Pembroke / Mischling,medium,1
12,1120,Welsh Terrier,medium,3
12,1120,Welsh Terrier / Beagle,medium,1
12,1120,Welsh Terrier / Kurzhaar Dachshund Kaninchen,medium,1
12,1120,West Highland White Terrier,small,12
12,1120,West Highland White Terrier / Mischling,small,2
12,1120,Westsibirischer Laika / Mischling,large,1
12,1120,Whippet,medium,7
12,1120,Windhund / Deutscher Schäferhund,large,1
12,1120,Wolfspitz,large,1
12,1120,Wolfspitz / Pekingese,large,1
12,1120,Xoloitzcuintle Grande / Malinois,large,1
12,1120,Yorkshire Terrier,small,55
12,1120,Yorkshire Terrier / Airedale Terrier,medium,1
12,1120,Yorkshire Terrier / Kurzhaar Dachshund Normal,small,1
12,1120,Yorkshire Terrier / Mischling,small,10
12,1120,Zentralasiatischer Ovtcharka / Whippet,large,1
12,1120,Zwergpinscher,medium,14
12,1120,Zwergpinscher / Jack Russell Terrier,medium,1
12,1120,Zwergpinscher / Mischling,medium,1
12,1120,Zwergpudel Apricot,medium,18
12,1120,Zwergpudel Apricot / Havaneser,medium,1
12,1120,Zwergpudel Apricot / Labrador Retriever,large,1
12,1120,Zwergpudel Apricot / Malteser,medium,1
12,1120,Zwergpudel Braun,medium,4
12,1120,Zwergpudel Braun / Labrador Retriever,large,1
12,1120,Zwergpudel Rot / Malteser,medium,1
12,1120,Zwergpudel Rot / Zwergpudel Apricot,medium,1
12,1120,Zwergpudel falb aus Mehrfarben,medium,1
12,1120,Zwergpudel schwarz aus Mehrfarben,medium,1
12,1120,Zwergschnauzer pfeffer-salz,medium,3
12,1120,Zwergschnauzer pfeffer-salz / Mischling,medium,1
12,1120,Zwergschnauzer pfeffer-salz / Rauhhaar Dachshund Normal,medium,1
12,1120,Zwergschnauzer schwarz,medium,1
12,1120,Zwergschnauzer schwarz-silber,medium,1
12,1120,Zwergschnauzer schwarz-silber / Cairn Terrier,medium,1
12,1120,Zwergspitz (Pomeranian),medium,58
12,1120,Zwergspitz (Pomeranian) / Canaan Dog,medium,1
12,1120,Zwergspitz (Pomeranian) / Chihuahua Kurzhaar,medium,1
12,1120,Zwergspitz (Pomeranian) / Chihuahua Langhaar,medium,1
12,1120,Zwergspitz (Pomeranian) / Deutscher Spitz,medium,1
12,1120,Zwergspitz (Pomeranian) / Jack Russell Terrier,medium,1
12,1120,Zwergspitz (Pomeranian) / Mischling,medium,8
12,1120,Österreichischer Pinscher,medium,2
12,1120,Österreichischer Pinscher / Deutscher Schäferhund,large,2
12,1120,Österreichischer Pinscher / Labrador Retriever,large,1
12,1120,Österreichischer Pinscher / Mischling,medium,3
13,1130,Affenpinscher / Beagle,medium,1
13,1130,Airedale Terrier,medium,3
13,1130,Airedale Terrier / Deutscher Jagdterrier,medium,1
13,1130,Airedale Terrier / Puli andersfarbig,medium,1
13,1130,Akita,large,13
13,1130,Alaskan Malamute,large,1
13,1130,Alpenländische Dachsbracke / Puli andersfarbig,medium,1
13,1130,American Akita,large,1
13,1130,American Bully,large,2
13,1130,American Cocker Spaniel,medium,3
13,1130,American Cocker Spaniel / Kleinpudel Apricot,medium,1
13,1130,American Cocker Spaniel / Kleinpudel Braun,medium,1
13,1130,American Cocker Spaniel / Kleinpudel Rot,medium,1
13,1130,American Cocker Spaniel / Puli andersfarbig,medium,1
13,1130,American Shepherd,medium,1
13,1130,American Shepherd / Mischling,medium,1
13,1130,American Staffordshire Terrier,large,15
13,1130,American Staffordshire Terrier / Mischling,large,6
13,1130,American Water Spaniel / Collie Langhaar (Rough),medium,1
13,1130,Appenzeller Sennenhund,large,1
13,1130,Appenzeller Sennenhund / Labrador Retriever,large,1
13,1130,Australian Cattledog / Deutscher Schäferhund,large,1
13,1130,Australian Cattledog / Mischling,medium,1
13,1130,Australian Kelpie / Kai,medium,1
13,1130,Australian Kelpie / Kurzhaar Dachshund Normal,medium,1
13,1130,Australian Kelpie / Mischling,medium,1
13,1130,Australian Kelpie / Schipperke,medium,1
13,1130,Australian Shepherd,medium,33
13,1130,Australian Shepherd / Berner Sennenhund,large,1
13,1130,Australian Shepherd / Border Collie,medium,4
13,1130,Australian Shepherd / Collie Langhaar (Rough),medium,1
13,1130,Australian Shepherd / Entlebucher Sennenhund,medium,1
13,1130,Australian Shepherd / Jack Russell Terrier,medium,1
13,1130,Australian Shepherd / Klein- oder Mittelpudel,medium,1
13,1130,Australian Shepherd / Labrador Retriever,large,1
13,1130,Australian Shepherd / Mischling,medium,1
13,1130,Australian Shepherd / Siberian Husky,large,1
13,1130,Australian Terrier,medium,1
13,1130,Barbet,medium,3
13,1130,Basenji,medium,1
13,1130,Basset Hound,medium,1
13,1130,Bayrischer Gebirgsschweisshund,medium,3
13,1130,Bayrischer Gebirgsschweisshund / Mischling,medium,1
13,1130,Beagle,medium,23
13,1130,Beagle / Mischling,medium,8
13,1130,Beagle / Mops (Carlin),medium,1
13,1130,Beagle / Spitz,medium,1
13,1130,Beagle / Toypudel Apricot,medium,1
13,1130,Bearded Collie,medium,4
13,1130,Bearded Collie / Labrador Retriever,large,1
13,1130,Belgischer Schäferhund,large,6
13,1130,Belgischer Schäferhund / Golden Retriever,large,1
13,1130,Belgischer Schäferhund / Labrador Retriever,large,2
13,1130,Belgischer Schäferhund / Mischling,large,4
13,1130,Berger Blanc Suisse,large,7
13,1130,Berger de Brie (Briard),large,1
13,1130,Berger de Brie (Briard) / Pudelpointer,large,1
13,1130,Berger des Pyrenees a face rase,medium,2
13,1130,Berger des Pyrenees a face rase / Mischling,medium,1
13,1130,Berner Sennenhund,large,18
13,1130,Berner Sennenhund / Appenzeller Sennenhund,large,1
13,1130,Berner Sennenhund / Belgischer Schäferhund,large,1
13,1130,Berner Sennenhund / Labrador Retriever,large,1
13,1130,Berner Sennenhund / Mischling,large,1
13,1130,Bichon frise,small,10
13,1130,Bichon frise / Malteser,small,1
13,1130,Bichon frise / Zwergpudel Apricot,medium,1
13,1130,Biewer Terrier / Yorkshire Terrier,small,1
13,1130,Black and Tan Coonhound,large,1
13,1130,Bologneser,small,3
13,1130,Bologneser / Kleinpudel Braun,medium,1
13,1130,Bolonka Zwetna,small,5
13,1130,Bolonka Zwetna / Mischling,small,1
13,1130,Border Collie,medium,22
13,1130,Border Collie / American Staffordshire Terrier,large,1
13,1130,Border Collie / Border Terrier,medium,1
13,1130,Border Collie / Collie Kurzhaar (Smooth),medium,1
13,1130,Border Collie / Dansk-Svensk Gardshund,medium,1
13,1130,Border Collie / Deutsche Bracke,medium,1
13,1130,Border Collie / Deutscher Schäferhund,large,1
13,1130,Border Collie / Jack Russell Terrier,medium,1
13,1130,Border Collie / Kromfohrländer,medium,1
13,1130,Border Collie / Labrador Retriever,large,1
13,1130,Border Collie / Mischling,medium,10
13,1130,Border Collie / Whippet,medium,1
13,1130,Border Terrier,medium,5
13,1130,Border Terrier / Aussiedoodle,medium,1
13,1130,Border Terrier / Cairn Terrier,medium,1
13,1130,Boston Terrier,medium,3
13,1130,Bracco Italiano,large,3
13,1130,Bracke,medium,3
13,1130,Bracke / Deutsch Drahthaar,medium,1
13,1130,Bracke / Labrador Retriever,large,1
13,1130,Bracke / Mischling,medium,1
13,1130,Brandlbracke,medium,1
13,1130,Brandlbracke / Basset Hound,medium,1
13,1130,Broholmer,large,2
13,1130,Bull Terrier (Standard),medium,1
13,1130,Bulldog,medium,2
13,1130,Bullmastiff,large,1
13,1130,Cairn Terrier,small,5
13,1130,Cairn Terrier / Jack Russell Terrier,medium,1
13,1130,Cairn Terrier / Mischling,small,1
13,1130,Cairn Terrier / Norfolk Terrier,small,1
13,1130,Canaan Dog,medium,1
13,1130,Cane Corso Italiano,large,2
13,1130,Cane Corso Italiano / Rottweiler,large,1
13,1130,Cane da Pastore Bergamasco (Bergamasker),large,1
13,1130,Cao de Agua Portugues (Portug. Wasserhund),large,12
13,1130,Cavalier King Charles Spaniel,small,19
13,1130,Cavalier King Charles Spaniel / Mischling,small,1
13,1130,Cavalier King Charles Spaniel / Pudel,medium,1
13,1130,Cavalier King Charles Spaniel / Toypudel Braun,medium,1
13,1130,Cavalier King Charles Spaniel / Welsh Corgi Pembroke,medium,1
13,1130,Cavalier King Charles Spaniel / Zwergpudel Weiss,medium,1
13,1130,Cesky Terrier / Deutscher Spitz,medium,1
13,1130,Chihuahua Kurzhaar,small,49
13,1130,Chihuahua Kurzhaar / Fox Terrier glatthaar,medium,1
13,1130,Chihuahua Kurzhaar / Französische Bulldogge,medium,1
13,1130,Chihuahua Kurzhaar / Jack Russell Terrier,medium,1
13,1130,Chihuahua Kurzhaar / Mischling,small,6
13,1130,Chihuahua Kurzhaar / Terrier Brasileiro,medium,1
13,1130,Chihuahua Kurzhaar / Österreichischer Pinscher,medium,1
13,1130,Chihuahua Langhaar,small,20
13,1130,Chihuahua Langhaar / Chihuahua Kurzhaar,small,1
13,1130,Chihuahua Langhaar / Mischling,small,2
13,1130,Chinese Crested Dog hairless,small,3
13,1130,Chinese Crested Dog hairless / Mischling,small,1
13,1130,Chinese Crested Dog powderpuff,small,1
13,1130,Chow-Chow,large,3
13,1130,Ciobanesc Romanesc Carpatin / Mischling,large,3
13,1130,Ciobanesc Romanesc de Bucovina / Border Collie,large,1
13,1130,Cockerpoo,medium,4
13,1130,Collie Kurzhaar (Smooth) / Mischling,medium,1
13,1130,Collie Langhaar (Rough),medium,7
13,1130,Collie Langhaar (Rough) / Mischling,medium,3
13,1130,Coton de Tulear,small,1
13,1130,Dackel,small,33
13,1130,Dackel / Mischling,small,18
13,1130,Dackel / Pekingese,small,1
13,1130,Dackel / Schnauzer pfeffersalz,medium,1
13,1130,Dackel / Spitz,medium,1
13,1130,Dackel / Yorkshire Terrier,small,1
13,1130,Dalmatiner,medium,9
13,1130,Dalmatiner / Kleiner Münsterländer,medium,1
13,1130,Dalmatiner / Samojede,large,1
13,1130,Deutsch Drahthaar,medium,3
13,1130,Deutsch Drahthaar / Mischling,medium,2
13,1130,Deutsch Drahthaar / Pinscher,medium,1
13,1130,Deutsch Kurzhaar,medium,7
13,1130,Deutsch Kurzhaar / Alpenländische Dachsbracke,medium,1
13,1130,Deutsch Kurzhaar / Chihuahua Kurzhaar,medium,1
13,1130,Deutsch Kurzhaar / English Pointer,medium,1
13,1130,Deutsch Kurzhaar / Labrador Retriever,large,1
13,1130,Deutsch Kurzhaar / Magyar Vizsla Drahthaar,medium,1
13,1130,Deutsch Kurzhaar / Mischling,medium,1
13,1130,Deutsche Bracke / Mischling,medium,2
13,1130,Deutsche Dogge blau,large,1
13,1130,Deutsche Dogge gestromt / Beagle,large,1
13,1130,Deutscher Boxer gelb,large,6
13,1130,Deutscher Boxer gelb / Mischling,large,1
13,1130,Deutscher Boxer gelb / Rhodesian Ridgeback,large,1
13,1130,Deutscher Jagdterrier / Labrador Retriever,large,1
13,1130,Deutscher Jagdterrier / Mischling,medium,1
13,1130,Deutscher Pinscher,medium,2
13,1130,Deutscher Pinscher / Jack Russell Terrier,medium,1
13,1130,Deutscher Pinscher / Mischling,medium,2
13,1130,Deutscher Pinscher / Mops (Carlin),medium,1
13,1130,Deutscher Schäferhund,large,15
13,1130,Deutscher Schäferhund / Affenpinscher,large,1
13,1130,Deutscher Schäferhund / Afghanischer Windhund,large,1
13,1130,Deutscher Schäferhund / Belgischer Schäferhund,large,1
13,1130,Deutscher Schäferhund / Brandlbracke,large,1
13,1130,Deutscher Schäferhund / Collie Kurzhaar (Smooth),large,1
13,1130,Deutscher Schäferhund / Fox Terrier glatthaar,large,1
13,1130,Deutscher Schäferhund / Golden Retriever,large,1
13,1130,Deutscher Schäferhund / Greyhound,large,1
13,1130,Deutscher Schäferhund / Hellinikos Ichnilatis,large,2
13,1130,Deutscher Schäferhund / Irish Red Setter,large,1
13,1130,Deutscher Schäferhund / Labrador Retriever,large,2
13,1130,Deutscher Schäferhund / Mischling,large,9
13,1130,Deutscher Schäferhund / Rauhhaar Dachshund Zwerg,large,1
13,1130,Deutscher Schäferhund / Siberian Husky,large,3
13,1130,Deutscher Schäferhund / Wolfspitz,large,1
13,1130,Deutscher Schäferhund Langstockhaar,large,3
13,1130,Deutscher Schäferhund Langstockhaar / Labrador Retriever,large,1
13,1130,Deutscher Schäferhund Langstockhaar / Mischling,large,2
13,1130,Deutscher Spitz,medium,6
13,1130,Deutscher Spitz / Mischling,medium,1
13,1130,Dobermann braun-rot,large,3
13,1130,Dobermann braun-rot / Deutscher Schäferhund,large,1
13,1130,Dobermann schwarz-rot,large,2
13,1130,Dog de Bordeaux (Bordeauxdogge),large,1
13,1130,Elo,medium,3
13,1130,English Cocker Spaniel einfärbig,medium,15
13,1130,English Cocker Spaniel einfärbig / Cavalier King Charles Spa,medium,1
13,1130,English Cocker Spaniel einfärbig / Grosspudel Apricot,large,1
13,1130,English Cocker Spaniel einfärbig / Klein- oder Mittelpudel,medium,1
13,1130,English Cocker Spaniel einfärbig / Mischling,medium,3
13,1130,English Cocker Spaniel einfärbig / Toypudel Apricot,medium,1
13,1130,English Cocker Spaniel mehrfärbig,medium,15
13,1130,English Cocker Spaniel mehrfärbig / Lagotto romagnolo,medium,1
13,1130,English Cocker Spaniel mehrfärbig / Mischling,medium,1
13,1130,English Cocker Spaniel mehrfärbig / Zwergpudel Apricot,medium,1
13,1130,English Pointer,medium,1
13,1130,English Pointer / English Setter,medium,1
13,1130,English Pointer / Labrador Retriever,large,1
13,1130,English Pointer / Mischling,medium,1
13,1130,English Setter / English Cocker Spaniel mehrfärbig,medium,1
13,1130,English Setter / Mischling,medium,1
13,1130,English Springer Spaniel,medium,6
13,1130,Entlebucher Sennenhund,medium,10
13,1130,Entlebucher Sennenhund / Mischling,medium,1
13,1130,Epagneul breton / Mischling,medium,1
13,1130,Eurasier,medium,4
13,1130,Flat-Coated Retriever,large,14
13,1130,Flat-Coated Retriever / Irish Red Setter,large,1
13,1130,Fox Terrier drahthaar,medium,4
13,1130,Fox Terrier drahthaar / Kurzhaar Dachshund Kaninchen,medium,1
13,1130,Fox Terrier drahthaar / Labrador Retriever,large,1
13,1130,Fox Terrier drahthaar / Mischling,medium,2
13,1130,Fox Terrier glatthaar,medium,1
13,1130,Fox Terrier glatthaar / Mischling,medium,1
13,1130,Fox Terrier glatthaar / Whippet,medium,1
13,1130,Francais tricolore,large,1
13,1130,Französische Bulldogge,medium,41
13,1130,Französische Bulldogge / Jack Russell Terrier,medium,1
13,1130,Französische Bulldogge / Kurzhaar Dachshund Normal,medium,1
13,1130,Französische Bulldogge / Miniatur Bull Terrier,medium,1
13,1130,Französische Bulldogge / Mischling,medium,2
13,1130,Galgo Espanol,medium,5
13,1130,Galgo Espanol / Mischling,medium,1
13,1130,Gammel Dansk Hoensehund,medium,1
13,1130,Golden Retriever,large,77
13,1130,Golden Retriever / Canaan Dog,large,1
13,1130,Golden Retriever / Chow-Chow,large,1
13,1130,Golden Retriever / Fox Terrier glatthaar,large,1
13,1130,Golden Retriever / Grosspudel Apricot,large,5
13,1130,Golden Retriever / Grosspudel Braun,large,2
13,1130,Golden Retriever / Grosspudel Weiss,large,2
13,1130,Golden Retriever / Jack Russell Terrier,large,1
13,1130,Golden Retriever / Kleinpudel Apricot,large,2
13,1130,Golden Retriever / Labradoodle,large,1
13,1130,Golden Retriever / Labrador Retriever,large,1
13,1130,Golden Retriever / Mischling,large,6
13,1130,Golden Retriever / Pudel,large,1
13,1130,Golden Retriever / Pudelpointer,large,1
13,1130,Golden Retriever / Rottweiler,large,1
13,1130,Golden Retriever / Welsh Terrier,large,1
13,1130,Golden Retriever / Zwergpudel Rot,large,1
13,1130,Golden Retriever / Zwergpudel Schwarz,large,1
13,1130,Gordon Setter,medium,3
13,1130,Grand Basset griffon vendeen,medium,2
13,1130,Griffon belge,small,1
13,1130,Griffon bleu de Gascogne,small,1
13,1130,Griffon fauve de Bretagne / Jack Russell Terrier,medium,1
13,1130,Griffon nivernais,small,1
13,1130,Grosser Münsterländer,large,1
13,1130,Grosser Schweizer Sennenhund,large,1
13,1130,Grosspudel Apricot,large,8
13,1130,Grosspudel Braun,large,1
13,1130,Grosspudel Falb,large,1
13,1130,Grosspudel Rot / Labrador Retriever,large,1
13,1130,Grosspudel Schwarz,large,2
13,1130,Grossspitz Braun/Schwarz,large,1
13,1130,Hannoverscher Schweisshund,medium,4
13,1130,Hannoverscher Schweisshund / Bracke,medium,1
13,1130,Havaneser,small,23
13,1130,Havaneser / Fox Terrier drahthaar,medium,1
13,1130,Havaneser / Malteser,small,1
13,1130,Havaneser / Mischling,small,4
13,1130,Havaneser / Rauhhaar Dachshund Normal,small,1
13,1130,Havaneser / Toypudel Falb,medium,1
13,1130,Havaneser / Zwergpudel Grau,medium,1
13,1130,Havaneser / Zwergpudel Weiss,medium,1
13,1130,Hellinikos Ichnilatis / Beagle,medium,1
13,1130,Hokkaido / Deutscher Spitz,medium,1
13,1130,Holländischer Schäferhund Kurzhaar,large,2
13,1130,Holländischer Schäferhund Kurzhaar / Mischling,large,2
13,1130,Hovawart,large,8
13,1130,Hrvatski Ovcar / Mischling,medium,1
13,1130,Irish Glen of Imaal Terrier,medium,2
13,1130,Irish Red Setter,medium,5
13,1130,Irish Red Setter / Grosspudel Braun,large,1
13,1130,Irish Red and White Setter,medium,7
13,1130,Irish Soft Coated Wheaten Terrier,medium,2
13,1130,Irish Terrier,medium,3
13,1130,Irish Terrier / Chihuahua Langhaar,medium,1
13,1130,Irish Water Spaniel,large,1
13,1130,Irish Wolfhound,large,1
13,1130,Istrianer Bracke Rauhhaar (Ostrodlaki Gonic) / Mischling,medium,1
13,1130,Italienisches Windspiel,small,2
13,1130,Italienisches Windspiel / Mischling,small,1
13,1130,Jack Russell Terrier,medium,34
13,1130,Jack Russell Terrier / Beagle,medium,1
13,1130,Jack Russell Terrier / Chihuahua Kurzhaar,medium,1
13,1130,Jack Russell Terrier / English Cocker Spaniel einfärbig,medium,1
13,1130,Jack Russell Terrier / Jack Russell Terrier,medium,1
13,1130,Jack Russell Terrier / Kleinspitz Braun/Schwarz,medium,1
13,1130,Jack Russell Terrier / Kurzhaar Dachshund Kaninchen,medium,1
13,1130,Jack Russell Terrier / Mischling,medium,20
13,1130,Jack Russell Terrier / Yorkshire Terrier,medium,1
13,1130,Jack Russell Terrier / Zwergpinscher,medium,1
13,1130,Jack Russell Terrier / Österreichischer Pinscher,medium,1
13,1130,Jagdterrier,medium,1
13,1130,Jagdterrier / Mischling,medium,1
13,1130,Japanischer Spitz / Zwergspitz (Pomeranian),medium,1
13,1130,Kaukasischer Ovtcharka,large,1
13,1130,Kaukasischer Ovtcharka / Mischling,large,2
13,1130,Kaukasischer Ovtcharka / Saluki,large,1
13,1130,Kerry Blue Terrier,medium,1
13,1130,King Charles Spaniel,small,2
13,1130,Klein- oder Mittelpudel,medium,3
13,1130,Klein- oder Mittelpudel / English Cocker Spaniel einfärbig,medium,1
13,1130,Klein- oder Mittelpudel / Labrador Retriever,large,1
13,1130,Kleiner Münsterländer,medium,7
13,1130,Kleiner Münsterländer / Mischling,medium,1
13,1130,Kleinpudel Apricot,medium,6
13,1130,Kleinpudel Apricot / Labrador Retriever,large,1
13,1130,Kleinpudel Apricot / Malteser,medium,1
13,1130,Kleinpudel Apricot / Mischling,medium,1
13,1130,Kleinpudel Braun,medium,1
13,1130,Kleinpudel Falb,medium,3
13,1130,Kleinpudel Rot,medium,1
13,1130,Kleinpudel Rot / Golden Retriever,large,1
13,1130,Kleinpudel Schwarz,medium,1
13,1130,Kleinpudel Schwarz / Langhaar Dachshund Normal,medium,1
13,1130,Kleinpudel Schwarz / Puli andersfarbig,medium,1
13,1130,Kleinpudel Weiss,medium,1
13,1130,Kleinspitz Braun/Schwarz,medium,1
13,1130,Kleinspitz Neufarben,medium,1
13,1130,Komondor,large,1
13,1130,Kooikerhondje,medium,3
13,1130,Kooikerhondje / Mischling,medium,1
13,1130,Korea Jindo Dog,medium,1
13,1130,Kromfohrländer,medium,2
13,1130,Kromfohrländer / Mischling,medium,1
13,1130,Kurzhaar Dachshund Kaninchen,small,9
13,1130,Kurzhaar Dachshund Kaninchen / Langhaar Dachshund Kaninchen,small,1
13,1130,Kurzhaar Dachshund Normal,small,8
13,1130,Kurzhaar Dachshund Normal / English Cocker Spaniel einfärbig,medium,1
13,1130,Kurzhaar Dachshund Normal / Mischling,small,5
13,1130,Kurzhaar Dachshund Normal / Yorkshire Terrier,small,1
13,1130,Kurzhaar Dachshund Zwerg,small,12
13,1130,Kurzhaar Dachshund Zwerg / Mischling,small,1
13,1130,Labradoodle,medium,8
13,1130,Labradoodle / Golden Retriever,large,1
13,1130,Labrador Retriever,large,129
13,1130,Labrador Retriever / Appenzeller Sennenhund,large,1
13,1130,Labrador Retriever / Australian Shepherd,large,1
13,1130,Labrador Retriever / Belgischer Schäferhund,large,3
13,1130,Labrador Retriever / Berner Sennenhund,large,1
13,1130,Labrador Retriever / Border Collie,large,2
13,1130,Labrador Retriever / Bracke,large,1
13,1130,Labrador Retriever / Coban Köpegi (Anatolischer Hirtenhund),large,1
13,1130,Labrador Retriever / Dalmatiner,large,1
13,1130,Labrador Retriever / Deutsch Kurzhaar,large,1
13,1130,Labrador Retriever / Deutscher Schäferhund,large,1
13,1130,Labrador Retriever / English Cocker Spaniel einfärbig,large,2
13,1130,Labrador Retriever / English Pointer,large,2
13,1130,Labrador Retriever / Galgo Espanol,large,1
13,1130,Labrador Retriever / Golden Retriever,large,2
13,1130,Labrador Retriever / Grosspudel Apricot,large,3
13,1130,Labrador Retriever / Grosspudel Braun,large,1
13,1130,Labrador Retriever / Hrvatski Ovcar,large,1
13,1130,Labrador Retriever / Irish Terrier,large,1
13,1130,Labrador Retriever / Jack Russell Terrier,large,1
13,1130,Labrador Retriever / Klein- oder Mittelpudel,large,2
13,1130,Labrador Retriever / Kleiner Münsterländer,large,1
13,1130,Labrador Retriever / Magyar Vizsla Drahthaar,large,3
13,1130,Labrador Retriever / Mischling,large,51
13,1130,Labrador Retriever / Pudelpointer,large,1
13,1130,Labrador Retriever / Shar Pei,large,1
13,1130,Labrador Retriever / Tiroler Bracke,large,1
13,1130,Labrador Retriever / Welsh Corgi Cardigan,large,1
13,1130,Labrador Retriever / Whippet,large,1
13,1130,Lagotto romagnolo,medium,24
13,1130,Lagotto romagnolo / Mischling,medium,2
13,1130,Lakeland Terrier,medium,1
13,1130,Landseer / Mischling,large,1
13,1130,Langhaar Dachshund Kaninchen,small,2
13,1130,Langhaar Dachshund Normal / Mischling,small,2
13,1130,Langhaar Dachshund Zwerg,small,1
13,1130,Langhaar Dachshund Zwerg / Kleinspitz Neufarben,medium,1
13,1130,Leonberger,large,1
13,1130,Lhasa Apso,small,1
13,1130,Löwchen,small,2
13,1130,Magyar Vizsla Drahthaar,medium,10
13,1130,Magyar Vizsla Drahthaar / Labrador Retriever,large,1
13,1130,Magyar Vizsla Kurzhaar,medium,4
13,1130,Magyar Vizsla Kurzhaar / Brandlbracke,medium,1
13,1130,Magyar Vizsla Kurzhaar / Labrador Retriever,large,2
13,1130,Magyar Vizsla Kurzhaar / Mischling,medium,1
13,1130,Malinois,medium,1
13,1130,Malinois / Deutscher Schäferhund Langstockhaar,large,1
13,1130,Malinois / Mischling,medium,3
13,1130,Malteser,small,49
13,1130,Malteser / Bichon frise,small,2
13,1130,Malteser / Deutscher Spitz,medium,1
13,1130,Malteser / Grosspudel Apricot,large,1
13,1130,Malteser / Jack Russell Terrier,medium,1
13,1130,Malteser / Klein- oder Mittelpudel,medium,2
13,1130,Malteser / Mischling,small,12
13,1130,Malteser / Pudelpointer,medium,2
13,1130,Malteser / Schnauzer schwarz,medium,1
13,1130,Malteser / Shih Tzu,small,1
13,1130,Malteser / Toypudel Braun,medium,1
13,1130,Malteser / West Highland White Terrier,small,1
13,1130,Malteser / Yorkshire Terrier,small,2
13,1130,Malteser / Zwergpudel Apricot,medium,1
13,1130,Malteser / Zwergpudel Rot,medium,1
13,1130,Manchester Terrier,medium,1
13,1130,Mehrfarben Grosspudel schwarz loh,large,1
13,1130,Mehrfarben Kleinpudel schwarz weiss / Labrador Retriever,large,1
13,1130,Mittelspitz Braun/Schwarz,medium,2
13,1130,Mittelspitz Braun/Schwarz / Jack Russell Terrier,medium,1
13,1130,Mittelspitz Braun/Schwarz / Wolfspitz,large,1
13,1130,Mittelspitz Weiss / Mischling,medium,1
13,1130,Mops (Carlin),small,18
13,1130,Mops (Carlin) / Boston Terrier,medium,1
13,1130,Mops (Carlin) / Mischling,small,3
13,1130,Mudi,medium,5
13,1130,Mudi / Labrador Retriever,large,1
13,1130,Mudi / Mischling,medium,1
13,1130,Norfolk Terrier,small,4
13,1130,Norfolk Terrier / Deutscher Schäferhund,large,1
13,1130,Norwich Terrier,small,5
13,1130,Nova Scotia Duck Tolling Retriever,medium,4
13,1130,Ogar Polski / Kurzhaar Dachshund Normal,medium,1
13,1130,Old English Sheepdog (Bobtail),large,1
13,1130,Papillon,small,9
13,1130,Papillon / Mischling,small,1
13,1130,Parson Russell Terrier,medium,10
13,1130,Parson Russell Terrier / Beagle,medium,1
13,1130,Parson Russell Terrier / Mischling,medium,2
13,1130,Patterdale-Terrier,small,1
13,1130,Pekingese,small,5
13,1130,Pekingese / Havaneser,small,1
13,1130,Pekingese / Mischling,small,4
13,1130,Perro de agua Espanol,medium,4
13,1130,Petit Basset griffon vendeen,medium,1
13,1130,Petit Basset griffon vendeen / Collie Langhaar (Rough),medium,1
13,1130,Petit brabancon,small,1
13,1130,Pharaoh Hound,large,1
13,1130,Pinscher / American Cocker Spaniel,medium,1
13,1130,Pinscher / Chihuahua Kurzhaar,medium,1
13,1130,Pinscher / Labrador Retriever,large,1
13,1130,Pinscher / Mischling,medium,2
13,1130,Pinscher / Terrier Brasileiro,medium,1
13,1130,Pinscher / Whippet,medium,1
13,1130,Pit Bull Terrier,large,2
13,1130,Pit Bull Terrier / American Staffordshire Terrier,large,1
13,1130,Podenco Canario / Mischling,medium,3
13,1130,Pudel,medium,9
13,1130,Pudel / Mischling,medium,1
13,1130,Pudelpointer,medium,1
13,1130,Puli andersfarbig,medium,2
13,1130,Puli andersfarbig / Komondor,large,1
13,1130,Puli andersfarbig / Mehrfarben Kleinpudel schwarz weiss,medium,1
13,1130,Puli andersfarbig / Mischling,medium,3
13,1130,Pumi / Mischling,medium,2
13,1130,Pumi / Schnauzer schwarz,medium,1
13,1130,Rauhhaar Dachshund Kaninchen,small,1
13,1130,Rauhhaar Dachshund Normal,small,8
13,1130,Rauhhaar Dachshund Normal / Yorkshire Terrier,small,1
13,1130,Rauhhaar Dachshund Zwerg,small,14
13,1130,Rauhhaar Dachshund Zwerg / Mischling,small,1
13,1130,Rhodesian Ridgeback,large,5
13,1130,Rhodesian Ridgeback / American Foxhound,large,1
13,1130,Riesenschnauzer pfeffer-salz,large,1
13,1130,Riesenschnauzer pfeffer-salz / Irish Wolfhound,large,1
13,1130,Riesenschnauzer schwarz,large,1
13,1130,Riesenschnauzer schwarz / Deutsch Drahthaar,large,1
13,1130,Rottweiler,large,3
13,1130,Russkiy Toy Kurzhaar,small,1
13,1130,Saluki,large,6
13,1130,Samojede,large,7
13,1130,Sandros Leisha Dog,large,1
13,1130,Schnauzer pfeffersalz,medium,5
13,1130,Schnauzer pfeffersalz / Mischling,medium,3
13,1130,Schnauzer pfeffersalz / Pudel,medium,1
13,1130,Schnauzer schwarz / Mischling,medium,1
13,1130,Schwyzer Laufhund,medium,3
13,1130,Scottish Terrier,medium,1
13,1130,Shar Pei,medium,2
13,1130,Shar Pei / Bulldog,medium,1
13,1130,Shetland Sheepdog,medium,6
13,1130,Shetland Sheepdog / Deutscher Schäferhund,large,1
13,1130,Shetland Sheepdog / Mischling,medium,1
13,1130,Shetland Sheepdog / Yorkshire Terrier,medium,1
13,1130,Shiba,medium,7
13,1130,Shiba / Kleinspitz Braun/Schwarz,medium,1
13,1130,Shiba / Mischling,medium,3
13,1130,Shih Tzu,small,12
13,1130,Shih Tzu / Mischling,small,2
13,1130,Siberian Husky,large,15
13,1130,Siberian Husky / Alaskan Malamute,large,1
13,1130,Siberian Husky / Berger Blanc Suisse,large,1
13,1130,Siberian Husky / Labrador Retriever,large,2
13,1130,Siberian Husky / Mischling,large,6
13,1130,Siberian Husky / Tschechoslowakischer Wolfhund,large,1
13,1130,Silken Windsprite,medium,3
13,1130,Spinone Italiano,large,1
13,1130,Spitz,medium,5
13,1130,Spitz / Chihuahua Kurzhaar,medium,1
13,1130,Spitz / Klein- oder Mittelpudel,medium,1
13,1130,Spitz / Mischling,medium,4
13,1130,Srpski Gonic / Mischling,medium,1
13,1130,Srpski Trobojni Gonic / Mischling,medium,1
13,1130,Staffordshire Bullterrier,medium,4
13,1130,Steirische Rauhaarbracke / Golden Retriever,large,1
13,1130,Terrier Brasileiro,medium,1
13,1130,Terrier Brasileiro / Chihuahua Kurzhaar,medium,1
13,1130,Terrier Brasileiro / Mischling,medium,1
13,1130,Thai Ridgeback Dog,medium,1
13,1130,Tibetan Spaniel,small,3
13,1130,Tibetan Terrier,medium,5
13,1130,Tibetan Terrier / Lhasa Apso,medium,1
13,1130,Tibetan Terrier / Schnauzer pfeffersalz,medium,1
13,1130,Tibetan Terrier / Zwergschnauzer pfeffer-salz,medium,1
13,1130,Tiroler Bracke,medium,2
13,1130,Tiroler Bracke / Mischling,medium,1
13,1130,Tornjak / Mischling,large,2
13,1130,Toypudel Apricot,medium,7
13,1130,Toypudel Braun,medium,3
13,1130,Toypudel Braun / Beagle,medium,1
13,1130,Toypudel Falb,medium,1
13,1130,Toypudel Grau,medium,1
13,1130,Toypudel Rot,medium,1
13,1130,Toypudel Schwarz,medium,1
13,1130,Toypudel falb aus Mehrfarben / Australian Shepherd,medium,2
13,1130,Tschechoslowakischer Wolfhund / Deutscher Schäferhund,large,1
13,1130,Tschechoslowakischer Wolfhund / Mischling,large,1
13,1130,Unbekannt,unknown,62
13,1130,Unbekannt / Mischling,unknown,208
13,1130,Weimaraner Kurzhaar,large,4
13,1130,Weimaraner Kurzhaar / Bull Terrier (Standard),large,1
13,1130,Welsh Corgi Cardigan,medium,3
13,1130,Welsh Corgi Cardigan / Basenji,medium,1
13,1130,Welsh Corgi Cardigan / Kurzhaar Dachshund Normal,medium,1
13,1130,Welsh Corgi Pembroke,medium,4
13,1130,Welsh Corgi Pembroke / Kurzhaar Dachshund Normal,medium,2
13,1130,Welsh Corgi Pembroke / Mischling,medium,1
13,1130,Welsh Corgi Pembroke / Shiba,medium,1
13,1130,Welsh Springer Spaniel,medium,3
13,1130,Welsh Terrier,medium,2
13,1130,Welsh Terrier / Mischling,medium,1
13,1130,West Highland White Terrier,small,7
13,1130,West Highland White Terrier / Mischling,small,1
13,1130,West Highland White Terrier / Schnauzer pfeffersalz,medium,1
13,1130,Westfälische Dachsbracke / Mischling,medium,1
13,1130,Whippet,medium,11
13,1130,Whippet / Deutscher Schäferhund Langstockhaar,large,1
13,1130,Whippet / Jack Russell Terrier,medium,1
13,1130,Whippet / Labrador Retriever,large,1
13,1130,Whippet / Mischling,medium,2
13,1130,Whippet / Mudi,medium,1
13,1130,Windhund,large,4
13,1130,Wolfspitz,large,1
13,1130,Wolfspitz / Mittelspitz Weiss,large,1
13,1130,Yorkshire Terrier,small,38
13,1130,Yorkshire Terrier / Malteser,small,3
13,1130,Yorkshire Terrier / Mischling,small,8
13,1130,Zwergpinscher,medium,12
13,1130,Zwergpinscher / Boston Terrier,medium,1
13,1130,Zwergpinscher / Mischling,medium,2
13,1130,Zwergpudel Apricot,medium,26
13,1130,Zwergpudel Apricot / Zwergspitz (Pomeranian),medium,1
13,1130,Zwergpudel Braun,medium,2
13,1130,Zwergpudel Braun / Havaneser,medium,1
13,1130,Zwergpudel Falb / Pekingese,medium,1
13,1130,Zwergpudel Rot,medium,3
13,1130,Zwergpudel Schwarz,medium,4
13,1130,Zwergpudel Weiss / Fox Terrier glatthaar,medium,1
13,1130,Zwergpudel schwarz aus Mehrfarben,medium,1
13,1130,Zwergschnauzer pfeffer-salz,medium,9
13,1130,Zwergschnauzer pfeffer-salz / Klein- oder Mittelpudel,medium,1
13,1130,Zwergschnauzer schwarz,medium,2
13,1130,Zwergschnauzer schwarz-silber,medium,1
13,1130,Zwergschnauzer weiss,medium,3
13,1130,Zwergspitz (Pomeranian),medium,18
13,1130,Zwergspitz (Pomeranian) / Deutsch Kurzhaar,medium,1
13,1130,Zwergspitz (Pomeranian) / Zwergpudel Apricot,medium,1
13,1130,Österreichischer Pinscher,medium,3
13,1130,Österreichischer Pinscher / Chihuahua Kurzhaar,medium,1
13,1130,Österreichischer Pinscher / Mischling,medium,1
14,1140,Affenpinscher,medium,1
14,1140,Affenpinscher / Mischling,medium,1
14,1140,Afghanischer Windhund,large,1
14,1140,Afghanischer Windhund / Mischling,large,1
14,1140,Afghanischer Windhund / Sarplaninac,large,1
14,1140,Airedale Terrier,medium,3
14,1140,Airedale Terrier / Mischling,medium,1
14,1140,Akita,large,4
14,1140,Alaskan Malamute,large,2
14,1140,Alaskan Malamute / Tschechoslowakischer Wolfhund,large,1
14,1140,Alpenländische Dachsbracke,medium,1
14,1140,Alpenländische Dachsbracke / Australian Kelpie,medium,1
14,1140,American Akita,large,1
14,1140,American Bulldog,large,1
14,1140,American Bully,large,2
14,1140,American Cocker Spaniel,medium,3
14,1140,American Cocker Spaniel / Deutscher Pinscher,medium,1
14,1140,American Cocker Spaniel / Kleinpudel Apricot,medium,1
14,1140,American Cocker Spaniel / Mischling,medium,1
14,1140,American Cocker Spaniel / Zwergpudel Apricot,medium,2
14,1140,American Pocket Bully,medium,1
14,1140,American Staffordshire Terrier,large,60
14,1140,American Staffordshire Terrier / Deutscher Boxer gelb,large,1
14,1140,American Staffordshire Terrier / Mischling,large,15
14,1140,Appenzeller Sennenhund,large,1
14,1140,Appenzeller Sennenhund / Border Collie,large,1
14,1140,Appenzeller Sennenhund / Mischling,large,1
14,1140,Aussiedoodle,medium,3
14,1140,Australian Cattledog,medium,1
14,1140,Australian Kelpie,medium,2
14,1140,Australian Kelpie / Mischling,medium,2
14,1140,Australian Shepherd,medium,48
14,1140,Australian Shepherd / Australian Shepherd,medium,1
14,1140,Australian Shepherd / Beagle,medium,1
14,1140,Australian Shepherd / Border Collie,medium,3
14,1140,Australian Shepherd / Deutsch Drahthaar,medium,1
14,1140,Australian Shepherd / Deutscher Schäferhund,large,1
14,1140,Australian Shepherd / Hrvatski Ovcar,medium,1
14,1140,Australian Shepherd / Klein- oder Mittelpudel,medium,1
14,1140,Australian Shepherd / Kleiner Münsterländer,medium,1
14,1140,Australian Shepherd / Labrador Retriever,large,1
14,1140,Australian Shepherd / Langhaar Dachshund Normal,medium,1
14,1140,Australian Shepherd / Mischling,medium,7
14,1140,Australian Shepherd / Siberian Husky,large,1
14,1140,Basenji,medium,2
14,1140,Basenji / Kishu,medium,1
14,1140,Basenji / Mischling,medium,2
14,1140,Basenji / Welsh Corgi Cardigan,medium,1
14,1140,Basset Hound,medium,2
14,1140,Basset Hound / Beagle,medium,1
14,1140,Basset Hound / Mischling,medium,1
14,1140,Basset fauve de Bretagne / Mischling,medium,1
14,1140,Bayrischer Gebirgsschweisshund / Hannoverscher Schweisshund,medium,1
14,1140,Bayrischer Gebirgsschweisshund / Mischling,medium,1
14,1140,Beagle,medium,23
14,1140,Beagle / Kurzhaar Dachshund Normal,medium,1
14,1140,Beagle / Labrador Retriever,large,1
14,1140,Beagle / Mischling,medium,11
14,1140,Beagle / Zwergpudel Apricot,medium,1
14,1140,Beagle Harrier / English Foxhound,large,1
14,1140,Bearded Collie,medium,1
14,1140,Bearded Collie / Mischling,medium,1
14,1140,Bedlington Terrier / Bearded Collie,medium,1
14,1140,Belgischer Schäferhund,large,8
14,1140,Belgischer Schäferhund / Deutscher Schäferhund,large,1
14,1140,Belgischer Schäferhund / Golden Retriever,large,1
14,1140,Belgischer Schäferhund / Labrador Retriever,large,1
14,1140,Belgischer Schäferhund / Mischling,large,4
14,1140,Belgischer Schäferhund / Siberian Husky,large,1
14,1140,Berger Blanc Suisse,large,6
14,1140,Berger de Beauce (Beauceron),large,1
14,1140,Berger de Beauce (Beauceron) / Hovawart,large,1
14,1140,Berger de Picardie (Berger Picard) / Mischling,medium,1
14,1140,Berner Sennenhund,large,11
14,1140,Berner Sennenhund / Collie Langhaar (Rough),large,1
14,1140,Berner Sennenhund / Hovawart,large,2
14,1140,Berner Sennenhund / Mischling,large,1
14,1140,Bichon frise,small,10
14,1140,Bichon frise / Havaneser,small,1
14,1140,Bichon frise / Malteser,small,1
14,1140,Bichon frise / Mischling,small,1
14,1140,Bichon/Yorkie,small,1
14,1140,Biewer Terrier / Yorkshire Terrier,small,1
14,1140,Bologneser,small,3
14,1140,Bolonka Zwetna,small,6
14,1140,Border Collie,medium,44
14,1140,Border Collie / Appenzeller Sennenhund,large,1
14,1140,Border Collie / Australian Shepherd,medium,3
14,1140,Border Collie / Berner Sennenhund,large,1
14,1140,Border Collie / Collie Kurzhaar (Smooth),medium,1
14,1140,Border Collie / Collie Langhaar (Rough),medium,1
14,1140,Border Collie / Deutscher Schäferhund,large,2
14,1140,Border Collie / Entlebucher Sennenhund,medium,1
14,1140,Border Collie / Grosser Münsterländer,large,1
14,1140,Border Collie / Irish Red and White Setter,medium,1
14,1140,Border Collie / Jack Russell Terrier,medium,2
14,1140,Border Collie / Labrador Retriever,large,5
14,1140,Border Collie / Langhaar Dachshund Normal,medium,1
14,1140,Border Collie / Mischling,medium,18
14,1140,Border Collie / Mudi,medium,1
14,1140,Border Collie / Pyrenäen Berghund,large,1
14,1140,Border Collie / Sloughi,large,1
14,1140,Border Collie / Whippet,medium,1
14,1140,Border Terrier,medium,1
14,1140,Border Terrier / Deutsch Kurzhaar,medium,1
14,1140,Border Terrier / Griffon fauve de Bretagne,medium,1
14,1140,Border Terrier / Mischling,medium,6
14,1140,Border Terrier / Pekingese,medium,1
14,1140,Bosanski Ostrodlaki Gonic - Barac / Mischling,medium,1
14,1140,Boston Terrier,medium,4
14,1140,Boston Terrier / Malinois,medium,1
14,1140,Boston Terrier / Mischling,medium,1
14,1140,Bracke / Deutscher Schäferhund,large,2
14,1140,Bracke / Mischling,medium,4
14,1140,Brandlbracke / Braque d'Auvergne,large,1
14,1140,Brandlbracke / Labrador Retriever,large,1
14,1140,Braque Saint-Germain / Deutscher Schäferhund,large,1
14,1140,Braque d'Auvergne / Mischling,large,1
14,1140,Braque de l'Ariege / Mischling,large,1
14,1140,Broholmer,large,2
14,1140,Bull Terrier (Standard),medium,2
14,1140,Bulldog,medium,6
14,1140,Ca de Bestiar (Mallorca Schäferhund) / Schipperke,small,1
14,1140,Cairn Terrier,small,5
14,1140,Cairn Terrier / Französische Bulldogge,medium,1
14,1140,Canaan Dog,medium,2
14,1140,Canaan Dog / Welsh Corgi Cardigan,medium,1
14,1140,Cane Corso Italiano,large,8
14,1140,Cao de Agua Portugues (Portug. Wasserhund),large,10
14,1140,Cavalier King Charles Spaniel,small,12
14,1140,Cavalier King Charles Spaniel / Kleinpudel Braun,medium,1
14,1140,Cavalier King Charles Spaniel / Pudel,medium,1
14,1140,Cavalier King Charles Spaniel / West Highland White Terrier,small,1
14,1140,Cavalier King Charles Spaniel / Zwergpudel Apricot,medium,1
14,1140,Cavalier King Charles Spaniel / Zwergpudel Braun,medium,2
14,1140,Chart Polski,large,1
14,1140,Chihuahua Kurzhaar,small,96
14,1140,Chihuahua Kurzhaar / Alpenländische Dachsbracke,medium,1
14,1140,Chihuahua Kurzhaar / Chihuahua Langhaar,small,2
14,1140,Chihuahua Kurzhaar / Mischling,small,19
14,1140,Chihuahua Kurzhaar / Pinscher,medium,1
14,1140,Chihuahua Kurzhaar / Pudelpointer,medium,1
14,1140,Chihuahua Kurzhaar / Shiba,medium,1
14,1140,Chihuahua Kurzhaar / Welsh Corgi Pembroke,medium,1
14,1140,Chihuahua Kurzhaar / Zwergspitz (Pomeranian),medium,1
14,1140,Chihuahua Langhaar,small,41
14,1140,Chihuahua Langhaar / Cavalier King Charles Spaniel,small,1
14,1140,Chihuahua Langhaar / Malteser,small,1
14,1140,Chihuahua Langhaar / Mischling,small,9
14,1140,Chinese Crested Dog hairless,small,7
14,1140,Chinese Crested Dog powderpuff,small,5
14,1140,Chow-Chow,large,2
14,1140,Chow-Chow / Mischling,large,1
14,1140,Ciobanesc Romanesc Mioritic,large,1
14,1140,Clumber Spaniel,medium,1
14,1140,Coban Köpegi (Anatolischer Hirtenhund) / Labrador Retriever,large,1
14,1140,Coban Köpegi (Anatolischer Hirtenhund) / Mischling,large,1
14,1140,Collie Kurzhaar (Smooth),medium,2
14,1140,Collie Kurzhaar (Smooth) / Pudelpointer,medium,1
14,1140,Collie Langhaar (Rough),medium,8
14,1140,Collie Langhaar (Rough) / Mischling,medium,1
14,1140,Collie Langhaar (Rough) / Shetland Sheepdog,medium,1
14,1140,Coton de Tulear,small,1
14,1140,Curly-Coated Retriever,large,1
14,1140,Dackel,small,28
14,1140,Dackel / American Cocker Spaniel,medium,1
14,1140,Dackel / Border Collie,medium,1
14,1140,Dackel / Deutscher Jagdterrier,medium,1
14,1140,Dackel / Deutscher Pinscher,medium,1
14,1140,Dackel / Deutscher Schäferhund Langstockhaar,large,1
14,1140,Dackel / Labrador Retriever,large,1
14,1140,Dackel / Mischling,small,25
14,1140,Dackel / Mittelspitz Braun/Schwarz,medium,1
14,1140,Dackel / Scottish Terrier,medium,1
14,1140,Dackel / Yorkshire Terrier,small,1
14,1140,Dackel / Zwergpinscher,medium,1
14,1140,Dackel / Zwergspitz (Pomeranian),medium,1
14,1140,Dackel / Österreichischer Pinscher,medium,1
14,1140,Dalmatiner,medium,8
14,1140,Dalmatiner / Jack Russell Terrier,medium,1
14,1140,Dalmatiner / Labrador Retriever,large,2
14,1140,Dalmatiner / Mischling,medium,2
14,1140,Deutsch Drahthaar,medium,1
14,1140,Deutsch Drahthaar / Bracke,medium,1
14,1140,Deutsch Drahthaar / Fox Terrier drahthaar,medium,1
14,1140,Deutsch Drahthaar / Labrador Retriever,large,1
14,1140,Deutsch Kurzhaar,medium,10
14,1140,Deutsch Kurzhaar / Deutsche Bracke,medium,1
14,1140,Deutsch Kurzhaar / Labrador Retriever,large,3
14,1140,Deutsch Kurzhaar / Mischling,medium,2
14,1140,Deutsch Langhaar,medium,2
14,1140,Deutsch Langhaar / Mischling,medium,3
14,1140,Deutsch Langhaar / Rauhhaar Dachshund Normal,medium,1
14,1140,Deutsche Bracke / Kuvasz,large,1
14,1140,Deutsche Dogge gefleckt,large,1
14,1140,Deutsche Dogge gestromt,large,1
14,1140,Deutscher Boxer gelb,large,7
14,1140,Deutscher Boxer gelb / Jack Russell Terrier,large,1
14,1140,Deutscher Boxer gelb / Labrador Retriever,large,1
14,1140,Deutscher Boxer gelb / Mischling,large,2
14,1140,Deutscher Jagdterrier,medium,1
14,1140,Deutscher Jagdterrier / Jack Russell Terrier,medium,1
14,1140,Deutscher Jagdterrier / Mischling,medium,1
14,1140,Deutscher Pinscher,medium,1
14,1140,Deutscher Pinscher / Golden Retriever,large,1
14,1140,Deutscher Pinscher / Mischling,medium,2
14,1140,Deutscher Pinscher / Terrier Brasileiro,medium,1
14,1140,Deutscher Schäferhund,large,27
14,1140,Deutscher Schäferhund / Beagle,large,2
14,1140,Deutscher Schäferhund / Belgischer Schäferhund,large,2
14,1140,Deutscher Schäferhund / Border Collie,large,1
14,1140,Deutscher Schäferhund / Brandlbracke,large,1
14,1140,Deutscher Schäferhund / Dackel,large,1
14,1140,Deutscher Schäferhund / Finnischer Lapphund (Suomen Lapinkoi,large,1
14,1140,Deutscher Schäferhund / Golden Retriever,large,1
14,1140,Deutscher Schäferhund / Italienisches Windspiel,large,1
14,1140,Deutscher Schäferhund / Labrador Retriever,large,4
14,1140,Deutscher Schäferhund / Malinois,large,2
14,1140,Deutscher Schäferhund / Mischling,large,33
14,1140,Deutscher Schäferhund / Pinscher,large,1
14,1140,Deutscher Schäferhund / Scottish Terrier,large,1
14,1140,Deutscher Schäferhund / Welsh Corgi Cardigan,large,1
14,1140,Deutscher Schäferhund Langstockhaar,large,4
14,1140,Deutscher Schäferhund Langstockhaar / Golden Retriever,large,1
14,1140,Deutscher Schäferhund Langstockhaar / Mischling,large,1
14,1140,Deutscher Schäferhund Langstockhaar / Rauhhaar Dachshund Nor,large,1
14,1140,Deutscher Schäferhund Langstockhaar / Saluki,large,1
14,1140,Deutscher Spitz,medium,6
14,1140,Deutscher Spitz / Dackel,medium,1
14,1140,Dobermann braun-rot,large,4
14,1140,Dobermann schwarz-rot,large,1
14,1140,Dog de Bordeaux (Bordeauxdogge),large,1
14,1140,Dogo Argentino,large,1
14,1140,Dogo Canario,large,2
14,1140,Elo,medium,6
14,1140,English Cocker Spaniel einfärbig,medium,13
14,1140,English Cocker Spaniel einfärbig / English Cocker Spaniel ei,medium,1
14,1140,English Cocker Spaniel einfärbig / Grosspudel Apricot,large,1
14,1140,English Cocker Spaniel einfärbig / Kleinpudel Rot,medium,1
14,1140,English Cocker Spaniel einfärbig / Mischling,medium,1
14,1140,English Cocker Spaniel mehrfärbig,medium,14
14,1140,English Cocker Spaniel mehrfärbig / Mischling,medium,2
14,1140,English Cocker Spaniel mehrfärbig / Zwergpudel Apricot,medium,1
14,1140,English Pointer / Epagneul breton,medium,1
14,1140,English Pointer / Kuvasz,large,1
14,1140,English Setter,medium,1
14,1140,English Springer Spaniel,medium,3
14,1140,English Springer Spaniel / Pudel,medium,1
14,1140,English Toy Terrier,small,2
14,1140,Entlebucher Sennenhund,medium,4
14,1140,Entlebucher Sennenhund / Mischling,medium,1
14,1140,Epagneul breton,medium,3
14,1140,Epagneul francais / Mischling,medium,1
14,1140,Erdelyi Kopo / Mischling,medium,2
14,1140,Eurasier,medium,6
14,1140,Eurasier / Labrador Retriever,large,1
14,1140,Flat-Coated Retriever,large,15
14,1140,Flat-Coated Retriever / Hrvatski Ovcar,large,1
14,1140,Flat-Coated Retriever / Labrador Retriever,large,1
14,1140,Flat-Coated Retriever / Mischling,large,5
14,1140,Fox Terrier drahthaar,medium,10
14,1140,Fox Terrier drahthaar / Jack Russell Terrier,medium,1
14,1140,Fox Terrier drahthaar / Langhaar Dachshund Normal,medium,1
14,1140,Fox Terrier drahthaar / Mischling,medium,1
14,1140,Fox Terrier drahthaar / Mittelspitz Weiss,medium,1
14,1140,Fox Terrier glatthaar,medium,3
14,1140,Fox Terrier glatthaar / Dalmatiner,medium,1
14,1140,Fox Terrier glatthaar / Jack Russell Terrier,medium,1
14,1140,Französische Bulldogge,medium,61
14,1140,Französische Bulldogge / Mischling,medium,3
14,1140,Französische Bulldogge / Mops (Carlin),medium,1
14,1140,Galgo Espanol,medium,5
14,1140,Golden Retriever,large,79
14,1140,Golden Retriever / Bearded Collie,large,1
14,1140,Golden Retriever / Berner Sennenhund,large,1
14,1140,Golden Retriever / Deutsch Kurzhaar,large,1
14,1140,Golden Retriever / English Cocker Spaniel mehrfärbig,large,1
14,1140,Golden Retriever / Fox Terrier glatthaar,large,1
14,1140,Golden Retriever / Gos d'Atura Catala,large,1
14,1140,Golden Retriever / Grosspudel Apricot,large,4
14,1140,Golden Retriever / Grosspudel Falb,large,1
14,1140,Golden Retriever / Kleinpudel Schwarz,large,1
14,1140,Golden Retriever / Labrador Retriever,large,1
14,1140,Golden Retriever / Langhaar Dachshund Normal,large,1
14,1140,Golden Retriever / Mehrfarben Grosspudel schwarz weiss,large,1
14,1140,Golden Retriever / Mischling,large,14
14,1140,Golden Retriever / Parson Russell Terrier,large,1
14,1140,Golden Retriever / Pudel,large,2
14,1140,Golden Retriever / Rottweiler,large,1
14,1140,Gonczy Polski,medium,1
14,1140,Gordon Setter,medium,2
14,1140,Gos d'Atura Catala,medium,1
14,1140,Greyhound,medium,1
14,1140,Griffon belge,small,1
14,1140,Griffon bleu de Gascogne,small,1
14,1140,Griffon bleu de Gascogne / Mischling,small,1
14,1140,Grosser Münsterländer / Mischling,large,1
14,1140,Grosser Schweizer Sennenhund,large,1
14,1140,Grosser Schweizer Sennenhund / Berner Sennenhund,large,1
14,1140,Grosspudel Apricot,large,5
14,1140,Grosspudel Apricot / Labrador Retriever,large,2
14,1140,Grosspudel Braun,large,1
14,1140,Grosspudel Braun / Malteser,large,1
14,1140,Hannoverscher Schweisshund,medium,1
14,1140,Hannoverscher Schweisshund / Mischling,medium,2
14,1140,Havaneser,small,45
14,1140,Havaneser / Kleinpudel Schwarz,medium,2
14,1140,Havaneser / Malteser,small,3
14,1140,Havaneser / Mischling,small,9
14,1140,Havaneser / Terrier Brasileiro,medium,1
14,1140,Havaneser / Toypudel Apricot,medium,1
14,1140,Havaneser / Yorkshire Terrier,small,1
14,1140,Hellinikos Ichnilatis / Mischling,medium,1
14,1140,Holländischer Schäferhund Kurzhaar,large,2
14,1140,Holländischer Schäferhund Kurzhaar / Deutscher Schäferhund L,large,1
14,1140,Holländischer Schäferhund Langhaar / Holländischer Schäferhu,large,1
14,1140,Hovawart,large,9
14,1140,Hovawart / Mischling,large,2
14,1140,Hrvatski Ovcar,medium,1
14,1140,Hrvatski Ovcar / Labrador Retriever,large,1
14,1140,Irish Red Setter,medium,3
14,1140,Irish Red and White Setter,medium,2
14,1140,Irish Red and White Setter / Mischling,medium,1
14,1140,Irish Red and White Setter / Rauhhaar Dachshund Zwerg,medium,1
14,1140,Irish Terrier,medium,3
14,1140,Irish Terrier / Welsh Terrier,medium,1
14,1140,Irish Wolfhound,large,3
14,1140,Irish Wolfhound / Mischling,large,2
14,1140,Istrianer Bracke Rauhhaar (Ostrodlaki Gonic),medium,1
14,1140,Italienisches Windspiel,small,4
14,1140,Italienisches Windspiel / Border Collie,medium,1
14,1140,Jack Russell Terrier,medium,42
14,1140,Jack Russell Terrier / Beagle,medium,1
14,1140,Jack Russell Terrier / Border Collie,medium,1
14,1140,Jack Russell Terrier / Border Terrier,medium,1
14,1140,Jack Russell Terrier / Cairn Terrier,medium,1
14,1140,Jack Russell Terrier / Chihuahua Kurzhaar,medium,1
14,1140,Jack Russell Terrier / Dackel,medium,2
14,1140,Jack Russell Terrier / Dalmatiner,medium,1
14,1140,Jack Russell Terrier / Deutsch Langhaar,medium,1
14,1140,Jack Russell Terrier / Deutscher Schäferhund,large,1
14,1140,Jack Russell Terrier / Fox Terrier drahthaar,medium,1
14,1140,Jack Russell Terrier / Golden Retriever,large,1
14,1140,Jack Russell Terrier / Groenendael,large,1
14,1140,Jack Russell Terrier / Labrador Retriever,large,1
14,1140,Jack Russell Terrier / Mischling,medium,21
14,1140,Jack Russell Terrier / Pinscher,medium,1
14,1140,Jack Russell Terrier / Podenco Ibicenco Kurzhaar,medium,1
14,1140,Jack Russell Terrier / Welsh Corgi Cardigan,medium,1
14,1140,Jack Russell Terrier / Welsh Terrier,medium,1
14,1140,Jack Russell Terrier / Yorkshire Terrier,medium,2
14,1140,Jagdterrier / Mischling,medium,1
14,1140,Japanischer Spitz,medium,1
14,1140,Kangal / Mischling,large,1
14,1140,King Charles Spaniel,small,3
14,1140,King Charles Spaniel / Mischling,small,1
14,1140,Klein- oder Mittelpudel,medium,6
14,1140,Kleiner Münsterländer,medium,8
14,1140,Kleinpudel Apricot,medium,3
14,1140,Kleinpudel Apricot / American Cocker Spaniel,medium,1
14,1140,Kleinpudel Braun / English Cocker Spaniel einfärbig,medium,1
14,1140,Kleinpudel Braun / Golden Retriever,large,1
14,1140,Kleinpudel Falb,medium,1
14,1140,Kleinpudel Rot / English Cocker Spaniel einfärbig,medium,1
14,1140,Kleinpudel Schwarz,medium,4
14,1140,Kleinpudel Weiss,medium,1
14,1140,Kleinpudel Weiss / Havaneser,medium,1
14,1140,Kleinspitz Braun/Schwarz / Mischling,medium,1
14,1140,Kleinspitz Weiss,medium,2
14,1140,Kooikerhondje,medium,8
14,1140,Kooikerhondje / Mischling,medium,2
14,1140,Kurzhaar Dachshund Kaninchen,small,4
14,1140,Kurzhaar Dachshund Kaninchen / Mischling,small,2
14,1140,Kurzhaar Dachshund Normal,small,9
14,1140,Kurzhaar Dachshund Normal / Fox Terrier drahthaar,medium,1
14,1140,Kurzhaar Dachshund Normal / Mischling,small,6
14,1140,Kurzhaar Dachshund Normal / Rauhhaar Dachshund Normal,small,1
14,1140,Kurzhaar Dachshund Normal / Welsh Corgi Pembroke,medium,1
14,1140,Kurzhaar Dachshund Zwerg,small,11
14,1140,Kurzhaar Dachshund Zwerg / Chihuahua Kurzhaar,small,1
14,1140,Kurzhaar Dachshund Zwerg / Mischling,small,2
14,1140,Kuvasz / Labrador Retriever,large,1
14,1140,Labradoodle,medium,4
14,1140,Labrador Retriever,large,127
14,1140,Labrador Retriever / American Staffordshire Terrier,large,1
14,1140,Labrador Retriever / Beagle,large,1
14,1140,Labrador Retriever / Border Collie,large,3
14,1140,Labrador Retriever / Brandlbracke,large,2
14,1140,Labrador Retriever / Ciobanesc Romanesc Carpatin,large,1
14,1140,Labrador Retriever / Dackel,large,1
14,1140,Labrador Retriever / Dalmatiner,large,1
14,1140,Labrador Retriever / Deutsch Kurzhaar,large,1
14,1140,Labrador Retriever / Deutsche Dogge blau,large,1
14,1140,Labrador Retriever / Deutscher Schäferhund,large,3
14,1140,Labrador Retriever / Golden Retriever,large,3
14,1140,Labrador Retriever / Grosspudel Apricot,large,3
14,1140,Labrador Retriever / Grosspudel Schwarz,large,1
14,1140,Labrador Retriever / Hellinikos Ichnilatis,large,1
14,1140,Labrador Retriever / Hrvatski Ovcar,large,1
14,1140,Labrador Retriever / Jack Russell Terrier,large,1
14,1140,Labrador Retriever / Kaukasischer Ovtcharka,large,1
14,1140,Labrador Retriever / Kleiner Münsterländer,large,1
14,1140,Labrador Retriever / Kurzhaar Dachshund Kaninchen,large,1
14,1140,Labrador Retriever / Langhaar Dachshund Normal,large,1
14,1140,Labrador Retriever / Magyar Vizsla Drahthaar,large,3
14,1140,Labrador Retriever / Magyar Vizsla Kurzhaar,large,1
14,1140,Labrador Retriever / Mischling,large,66
14,1140,Labrador Retriever / Mudi,large,1
14,1140,Labrador Retriever / Pinscher,large,2
14,1140,Labrador Retriever / Puli andersfarbig,large,1
14,1140,Labrador Retriever / Samojede,large,1
14,1140,Labrador Retriever / Schipperke,large,1
14,1140,Labrador Retriever / Schnauzer pfeffersalz,large,2
14,1140,Labrador Retriever / Shar Pei,large,1
14,1140,Laekenois,medium,2
14,1140,Lagotto romagnolo,medium,24
14,1140,Lagotto romagnolo / English Cocker Spaniel einfärbig,medium,1
14,1140,Lakeland Terrier,medium,1
14,1140,Landseer,large,1
14,1140,Langhaar Dachshund Kaninchen,small,4
14,1140,Langhaar Dachshund Kaninchen / Fox Terrier drahthaar,medium,1
14,1140,Langhaar Dachshund Kaninchen / Mischling,small,1
14,1140,Langhaar Dachshund Normal,small,1
14,1140,Langhaar Dachshund Normal / English Cocker Spaniel einfärbig,medium,1
14,1140,Langhaar Dachshund Normal / Mischling,small,1
14,1140,Langhaar Dachshund Zwerg,small,4
14,1140,Leonberger,large,1
14,1140,Lhasa Apso,small,4
14,1140,Löwchen,small,2
14,1140,Magyar Vizsla Drahthaar,medium,16
14,1140,Magyar Vizsla Drahthaar / Labrador Retriever,large,2
14,1140,Magyar Vizsla Drahthaar / Mischling,medium,3
14,1140,Magyar Vizsla Kurzhaar,medium,6
14,1140,Magyar Vizsla Kurzhaar / Labrador Retriever,large,1
14,1140,Magyar Vizsla Kurzhaar / Mischling,medium,1
14,1140,Malinois,medium,5
14,1140,Malinois / Border Collie,medium,1
14,1140,Malinois / Mischling,medium,3
14,1140,Malteser,small,99
14,1140,Malteser / Bichon frise,small,1
14,1140,Malteser / Havaneser,small,5
14,1140,Malteser / Kleinpudel Apricot,medium,1
14,1140,Malteser / Kleinpudel Weiss,medium,1
14,1140,Malteser / Mehrfarben Kleinpudel schwarz weiss,medium,1
14,1140,Malteser / Mischling,small,9
14,1140,Malteser / Pekingese,small,1
14,1140,Malteser / Pudel,medium,3
14,1140,Malteser / Pudelpointer,medium,5
14,1140,Malteser / Shih Tzu,small,3
14,1140,Malteser / Toypudel Apricot,medium,1
14,1140,Malteser / Yorkshire Terrier,small,2
14,1140,Malteser / Zwergpudel Apricot,medium,2
14,1140,Manchester Terrier / Whippet,medium,1
14,1140,Miniatur Bull Terrier,medium,5
14,1140,Mittelspitz Braun/Schwarz / Mischling,medium,1
14,1140,Mittelspitz Braun/Schwarz / Pinscher,medium,1
14,1140,Mittelspitz Neufarben,medium,1
14,1140,Mittelspitz Weiss,medium,1
14,1140,Mops (Carlin),small,27
14,1140,Mops (Carlin) / Beagle,medium,2
14,1140,Mops (Carlin) / Chihuahua Kurzhaar,small,1
14,1140,Mops (Carlin) / Mischling,small,1
14,1140,Mudi,medium,1
14,1140,Mudi / Labrador Retriever,large,1
14,1140,Mudi / Mischling,medium,4
14,1140,Mudi / Mittelspitz Weiss,medium,1
14,1140,Mudi / Zwergpudel Schwarz,medium,1
14,1140,Neufundländer,large,1
14,1140,Neufundländer / Eurasier,large,1
14,1140,Neufundländer / Mischling,large,1
14,1140,Norfolk Terrier,small,2
14,1140,Norfolk Terrier / Mischling,small,1
14,1140,Norwich Terrier,small,2
14,1140,Nova Scotia Duck Tolling Retriever,medium,1
14,1140,Nova Scotia Duck Tolling Retriever / Border Collie,medium,1
14,1140,Old English Sheepdog (Bobtail),large,1
14,1140,Olde English Bulldogge,large,2
14,1140,Papillon,small,9
14,1140,Papillon / Mischling,small,1
14,1140,Parson Russell Terrier,medium,15
14,1140,Parson Russell Terrier / Jack Russell Terrier,medium,3
14,1140,Parson Russell Terrier / Labrador Retriever,large,2
14,1140,Parson Russell Terrier / Mischling,medium,4
14,1140,Parson Russell Terrier / Schnauzer schwarz,medium,1
14,1140,Pekingese,small,13
14,1140,Pekingese / Jack Russell Terrier,medium,2
14,1140,Pekingese / Malteser,small,1
14,1140,Pekingese / Mischling,small,6
14,1140,Pekingese / Shih Tzu,small,1
14,1140,Pekingese / Spitz,medium,1
14,1140,Perdigueiro Portugues / Jack Russell Terrier,medium,1
14,1140,Perro de agua Espanol,medium,10
14,1140,Perro sin pelo del Peru (Grande),large,1
14,1140,Perro sin pelo del Peru (Medio),medium,1
14,1140,Petit Basset griffon vendeen,medium,1
14,1140,Petit brabancon,small,1
14,1140,Phalene,small,1
14,1140,Pharaoh Hound / Mischling,large,1
14,1140,Pinscher / Labrador Retriever,large,1
14,1140,Pinscher / Mischling,medium,6
14,1140,Pinscher / Whippet,medium,2
14,1140,Pinscher / Österreichischer Pinscher,medium,1
14,1140,Pit Bull Terrier,large,6
14,1140,Pit Bull Terrier / Mischling,large,2
14,1140,Podenco Canario,medium,2
14,1140,Podenco Ibicenco Kurzhaar / Labrador Retriever,large,1
14,1140,Podenco Ibicenco Kurzhaar / Mischling,medium,1
14,1140,Podengo Portugues Kurzhaar Pequeno,small,2
14,1140,Polski Owczarek Nizinny,medium,1
14,1140,Posavski Gonic,medium,1
14,1140,Posavski Gonic / Magyar Vizsla Drahthaar,medium,1
14,1140,Posavski Gonic / Mischling,medium,1
14,1140,Prager Rattler,small,1
14,1140,Pudel,medium,15
14,1140,Pudel / Mischling,medium,4
14,1140,Pudelpointer,medium,1
14,1140,Pudelpointer / Golden Retriever,large,1
14,1140,Pudelpointer / Labrador Retriever,large,1
14,1140,Puli andersfarbig / Mischling,medium,8
14,1140,Pumi,medium,1
14,1140,Pumi / Mischling,medium,1
14,1140,Rauhhaar Dachshund Normal,small,5
14,1140,Rauhhaar Dachshund Normal / Border Terrier,medium,1
14,1140,Rauhhaar Dachshund Normal / Fox Terrier drahthaar,medium,1
14,1140,Rauhhaar Dachshund Normal / Mischling,small,2
14,1140,Rauhhaar Dachshund Normal / Pinscher,medium,1
14,1140,Rauhhaar Dachshund Zwerg,small,13
14,1140,Rauhhaar Dachshund Zwerg / Mischling,small,3
14,1140,Rauhhaar Dachshund Zwerg / Perro de agua Espanol,medium,1
14,1140,Rauhhaar Dachshund Zwerg / Yorkshire Terrier,small,1
14,1140,Rhodesian Ridgeback,large,9
14,1140,Rhodesian Ridgeback / Dalmatiner,large,1
14,1140,Rhodesian Ridgeback / Labrador Retriever,large,1
14,1140,Rhodesian Ridgeback / Mischling,large,2
14,1140,Riesenschnauzer pfeffer-salz,large,1
14,1140,Riesenschnauzer schwarz,large,1
14,1140,Rottweiler,large,9
14,1140,Rottweiler / Mischling,large,1
14,1140,Russisch-Europäischer Laika,medium,1
14,1140,Russkiy Toy Kurzhaar,small,1
14,1140,Saluki / Mischling,large,2
14,1140,Samojede,large,7
14,1140,Schipperke / Chihuahua Kurzhaar,small,1
14,1140,Schnauzer pfeffersalz,medium,4
14,1140,Schnauzer pfeffersalz / Mischling,medium,7
14,1140,Schnauzer pfeffersalz / Terrier Brasileiro,medium,1
14,1140,Schnauzer schwarz / Mischling,medium,2
14,1140,Schwarzer Terrier / Mischling,large,2
14,1140,Schwarzer Terrier / Schnauzer schwarz,large,1
14,1140,Scottish Terrier,medium,2
14,1140,Scottish Terrier / Border Collie,medium,1
14,1140,Scottish Terrier / Rauhhaar Dachshund Normal,medium,1
14,1140,Shar Pei,medium,4
14,1140,Shar Pei / Labrador Retriever,large,1
14,1140,Shar Pei / Mischling,medium,1
14,1140,Shetland Sheepdog,medium,15
14,1140,Shiba,medium,11
14,1140,Shih Tzu,small,10
14,1140,Shih Tzu / Mischling,small,4
14,1140,Shih Tzu / Pekingese,small,1
14,1140,Siberian Husky,large,25
14,1140,Siberian Husky / Akita,large,1
14,1140,Siberian Husky / Australian Shepherd,large,2
14,1140,Siberian Husky / Beagle,large,1
14,1140,Siberian Husky / Border Collie,large,1
14,1140,Siberian Husky / Dalmatiner,large,1
14,1140,Siberian Husky / Deutscher Schäferhund,large,1
14,1140,Siberian Husky / Mischling,large,4
14,1140,Siberian Husky / Spitz,large,1
14,1140,Siberian Husky / Tschechoslowakischer Wolfhund,large,1
14,1140,Silken Windsprite,medium,3
14,1140,Smalandsstövare / Dackel,small,1
14,1140,Spinone Italiano,large,5
14,1140,Spitz,medium,9
14,1140,Spitz / Appenzeller Sennenhund,large,1
14,1140,Spitz / Mischling,medium,7
14,1140,Srpski Trobojni Gonic,medium,1
14,1140,St. Bernhardshund Kurzhaar,large,1
14,1140,Staffordshire Bullterrier,medium,7
14,1140,Steirische Rauhaarbracke,medium,2
14,1140,Steirische Rauhaarbracke / Mischling,medium,1
14,1140,Terrier Brasileiro,medium,1
14,1140,Terrier Brasileiro / Jack Russell Terrier,medium,1
14,1140,Terrier Brasileiro / Kurzhaar Dachshund Normal,medium,1
14,1140,Terrier Brasileiro / Labrador Retriever,large,1
14,1140,Terrier Brasileiro / Mischling,medium,3
14,1140,Tervueren,large,1
14,1140,Tibetan Spaniel,small,1
14,1140,Tibetan Spaniel / Klein- oder Mittelpudel,medium,1
14,1140,Tibetan Terrier,medium,3
14,1140,Tibetan Terrier / Mischling,medium,1
14,1140,Tiroler Bracke / Deutscher Jagdterrier,medium,1
14,1140,Tiroler Bracke / Mischling,medium,1
14,1140,Tornjak,large,1
14,1140,Tornjak / Kaukasischer Ovtcharka,large,1
14,1140,Tornjak / Mischling,large,2
14,1140,Toypudel Apricot,medium,4
14,1140,Toypudel Apricot / Malteser,medium,1
14,1140,Toypudel Apricot / Mischling,medium,1
14,1140,Toypudel Braun,medium,1
14,1140,Toypudel Braun / Malteser,medium,1
14,1140,Toypudel Falb,medium,1
14,1140,Toypudel Rot,medium,6
14,1140,Toypudel Rot / Mischling,medium,1
14,1140,Toypudel Schwarz,medium,1
14,1140,Toypudel falb aus Mehrfarben / Havaneser,medium,1
14,1140,Tschechoslowakischer Wolfhund,large,1
14,1140,Unbekannt,unknown,89
14,1140,Unbekannt / Mischling,unknown,329
14,1140,Weimaraner Kurzhaar,large,4
14,1140,Welsh Corgi Cardigan,medium,4
14,1140,Welsh Corgi Cardigan / Border Collie,medium,1
14,1140,Welsh Corgi Cardigan / King Charles Spaniel,medium,1
14,1140,Welsh Corgi Cardigan / Labrador Retriever,large,1
14,1140,Welsh Corgi Cardigan / Shiba,medium,1
14,1140,Welsh Corgi Pembroke,medium,3
14,1140,Welsh Corgi Pembroke / Mischling,medium,1
14,1140,Welsh Corgi Pembroke / Shetland Sheepdog,medium,1
14,1140,Welsh Springer Spaniel,medium,3
14,1140,Welsh Terrier,medium,4
14,1140,West Highland White Terrier,small,21
14,1140,Westsibirischer Laika / Belgischer Schäferhund,large,1
14,1140,Whippet,medium,9
14,1140,Whippet / Labrador Retriever,large,2
14,1140,Wolfspitz,large,1
14,1140,Wolfspitz / Mischling,large,1
14,1140,Yorkshire Terrier,small,67
14,1140,Yorkshire Terrier / Chihuahua Kurzhaar,small,2
14,1140,Yorkshire Terrier / Chihuahua Langhaar,small,1
14,1140,Yorkshire Terrier / Kleinpudel Schwarz,medium,1
14,1140,Yorkshire Terrier / Mischling,small,8
14,1140,Yorkshire Terrier / Zwergpudel Schwarz,medium,1
14,1140,Zentralasiatischer Ovtcharka,large,1
14,1140,Zentralasiatischer Ovtcharka / Mischling,large,2
14,1140,Zwergpinscher,medium,19
14,1140,Zwergpinscher / Kurzhaar Dachshund Normal,medium,1
14,1140,Zwergpinscher / Mischling,medium,8
14,1140,Zwergpudel Apricot,medium,35
14,1140,Zwergpudel Apricot / English Cocker Spaniel einfärbig,medium,2
14,1140,Zwergpudel Apricot / English Cocker Spaniel mehrfärbig,medium,1
14,1140,Zwergpudel Apricot / Mischling,medium,2
14,1140,Zwergpudel Apricot / Rauhhaar Dachshund Normal,medium,1
14,1140,Zwergpudel Apricot / Shih Tzu,medium,1
14,1140,Zwergpudel Braun,medium,5
14,1140,Zwergpudel Braun / Mischling,medium,1
14,1140,Zwergpudel Falb,medium,1
14,1140,Zwergpudel Grau,medium,1
14,1140,Zwergpudel Rot,medium,2
14,1140,Zwergpudel Rot / Zwergschnauzer weiss,medium,1
14,1140,Zwergpudel Schwarz,medium,3
14,1140,Zwergpudel Weiss,medium,3
14,1140,Zwergpudel Weiss / Malteser,medium,1
14,1140,Zwergpudel Weiss / Toypudel Apricot,medium,1
14,1140,Zwergpudel falb aus Mehrfarben / Kleinpudel Weiss,medium,1
14,1140,Zwergpudel schwarz aus Mehrfarben,medium,4
14,1140,Zwergschnauzer pfeffer-salz,medium,8
14,1140,Zwergschnauzer pfeffer-salz / Dackel,medium,1
14,1140,Zwergschnauzer schwarz,medium,3
14,1140,Zwergschnauzer schwarz / Fox Terrier drahthaar,medium,1
14,1140,Zwergschnauzer schwarz-silber,medium,2
14,1140,Zwergschnauzer schwarz-silber / Mischling,medium,1
14,1140,Zwergschnauzer weiss,medium,1
14,1140,Zwergschäferhund / Mischling,small,1
14,1140,Zwergspitz (Pomeranian),medium,44
14,1140,Zwergspitz (Pomeranian) / Akita,large,1
14,1140,Zwergspitz (Pomeranian) / Chihuahua Kurzhaar,medium,1
14,1140,Zwergspitz (Pomeranian) / Mischling,medium,3
14,1140,Zwergspitz (Pomeranian) / Mittelspitz Braun/Schwarz,medium,1
14,1140,Zwergspitz (Pomeranian) / Zwergpudel Braun,medium,1
14,1140,Österreichischer Pinscher,medium,4
14,1140,Österreichischer Pinscher / Beagle,medium,1
14,1140,Österreichischer Pinscher / Bichon frise,medium,1
14,1140,Österreichischer Pinscher / Mischling,medium,5
15,1150,Affenpinscher / Mischling,medium,1
15,1150,Affenpinscher / Scottish Terrier,medium,1
15,1150,Airedale Terrier,medium,2
15,1150,Akita,large,1
15,1150,Akita / Chow-Chow,large,1
15,1150,Alaskan Malamute,large,3
15,1150,Alpenländische Dachsbracke,medium,1
15,1150,American Akita,large,1
15,1150,American Bully,large,1
15,1150,American Staffordshire Terrier,large,30
15,1150,American Staffordshire Terrier / Mischling,large,7
15,1150,American Water Spaniel / American Cocker Spaniel,medium,1
15,1150,Appenzeller Sennenhund / Mischling,large,2
15,1150,Australian Cattledog,medium,1
15,1150,Australian Cattledog / Border Collie,medium,1
15,1150,Australian Kelpie / Mischling,medium,1
15,1150,Australian Shepherd,medium,13
15,1150,Australian Shepherd / Border Collie,medium,2
15,1150,Australian Shepherd / Deutscher Schäferhund,large,1
15,1150,Australian Shepherd / Golden Retriever,large,1
15,1150,Australian Shepherd / Jack Russell Terrier,medium,1
15,1150,Australian Shepherd / Mischling,medium,3
15,1150,Basenji,medium,1
15,1150,Basset Hound,medium,2
15,1150,Basset fauve de Bretagne / Mischling,medium,1
15,1150,Bayrischer Gebirgsschweisshund,medium,1
15,1150,Beagle,medium,12
15,1150,Beagle / Chihuahua Kurzhaar,medium,1
15,1150,Beagle / Deutscher Boxer gelb,large,1
15,1150,Beagle / English Setter,medium,1
15,1150,Beagle / Irish Red Setter,medium,1
15,1150,Beagle / Jack Russell Terrier,medium,1
15,1150,Beagle / Labrador Retriever,large,2
15,1150,Beagle / Mischling,medium,5
15,1150,Bearded Collie / Deutsch Langhaar,medium,1
15,1150,Belgischer Schäferhund / Border Terrier,large,1
15,1150,Belgischer Schäferhund / Dackel,large,1
15,1150,Belgischer Schäferhund / Magyar Vizsla Drahthaar,large,1
15,1150,Belgischer Schäferhund / Mischling,large,1
15,1150,Belgischer Schäferhund / Siberian Husky,large,1
15,1150,Berger Blanc Suisse,large,5
15,1150,Berger de Beauce (Beauceron),large,1
15,1150,Berger des Pyrenees a face rase,medium,1
15,1150,Berner Sennenhund,large,2
15,1150,Berner Sennenhund / Samojede,large,1
15,1150,Bichon frise,small,9
15,1150,Bichon frise / Malteser,small,2
15,1150,Bichon frise / Mischling,small,1
15,1150,Biewer Terrier,small,2
15,1150,Bolonka Zwetna,small,6
15,1150,Border Collie,medium,12
15,1150,Border Collie / Beagle,medium,1
15,1150,Border Collie / Berger de Brie (Briard),large,1
15,1150,Border Collie / Border Collie,medium,1
15,1150,Border Collie / Deutscher Schäferhund,large,1
15,1150,Border Collie / Drever,medium,1
15,1150,Border Collie / Labrador Retriever,large,1
15,1150,Border Collie / Langhaar Dachshund Kaninchen,medium,1
15,1150,Border Collie / Mischling,medium,8
15,1150,Border Collie / Mudi,medium,1
15,1150,Border Collie / Nova Scotia Duck Tolling Retriever,medium,1
15,1150,Border Terrier,medium,2
15,1150,Boston Terrier,medium,6
15,1150,Bracke,medium,2
15,1150,Brandlbracke / Mischling,medium,1
15,1150,Braque francais - Type Pyrenees (Petite) / Mischling,medium,1
15,1150,Bull Terrier (Standard),medium,1
15,1150,Bulldog,medium,4
15,1150,Bullmastiff / Mischling,large,1
15,1150,Cane Corso Italiano,large,2
15,1150,Cao de Agua Portugues (Portug. Wasserhund),large,3
15,1150,Cavalier King Charles Spaniel,small,8
15,1150,Cavalier King Charles Spaniel / Kleinpudel Schwarz,medium,1
15,1150,Cavalier King Charles Spaniel / Mischling,small,1
15,1150,Chihuahua Kurzhaar,small,58
15,1150,Chihuahua Kurzhaar / Bichon frise,small,1
15,1150,Chihuahua Kurzhaar / Border Terrier,medium,1
15,1150,Chihuahua Kurzhaar / Bulldog,medium,1
15,1150,Chihuahua Kurzhaar / Jack Russell Terrier,medium,1
15,1150,Chihuahua Kurzhaar / Mischling,small,5
15,1150,Chihuahua Kurzhaar / Pinscher,medium,2
15,1150,Chihuahua Kurzhaar / Zwergpinscher,medium,2
15,1150,Chihuahua Langhaar,small,26
15,1150,Chihuahua Langhaar / Deutscher Pinscher,medium,1
15,1150,Chihuahua Langhaar / Kurzhaar Dachshund Kaninchen,small,1
15,1150,Chihuahua Langhaar / Kurzhaar Dachshund Zwerg,small,1
15,1150,Chihuahua Langhaar / Malteser,small,1
15,1150,Chihuahua Langhaar / Mischling,small,3
15,1150,Chihuahua Langhaar / Pekingese,small,1
15,1150,Chihuahua Langhaar / Zwergspitz (Pomeranian),medium,1
15,1150,Chihuahua Langhaar / Österreichischer Pinscher,medium,1
15,1150,Chinese Crested Dog hairless,small,2
15,1150,Chinese Crested Dog powderpuff,small,2
15,1150,Chow-Chow,large,2
15,1150,Chow-Chow / Mischling,large,1
15,1150,Chow-Chow / Samojede,large,1
15,1150,Cirneco dell'Etna,medium,4
15,1150,Coban Köpegi (Anatolischer Hirtenhund) / Mischling,large,1
15,1150,Cockerpoo,medium,1
15,1150,Collie Kurzhaar (Smooth) / Deutscher Schäferhund,large,1
15,1150,Collie Kurzhaar (Smooth) / Mischling,medium,1
15,1150,Collie Langhaar (Rough),medium,4
15,1150,Dackel,small,12
15,1150,Dackel / Jack Russell Terrier,medium,3
15,1150,Dackel / Jagdterrier,medium,1
15,1150,Dackel / Mischling,small,13
15,1150,Dackel / Schnauzer pfeffersalz,medium,1
15,1150,Dackel / Schnauzer schwarz,medium,1
15,1150,Dalmatiner,medium,2
15,1150,Dalmatiner / Jack Russell Terrier,medium,1
15,1150,Deutsch Drahthaar,medium,1
15,1150,Deutsch Drahthaar / Zwergschnauzer weiss,medium,1
15,1150,Deutsch Kurzhaar,medium,1
15,1150,Deutsch Kurzhaar / Border Collie,medium,1
15,1150,Deutsch Kurzhaar / Deutsch Langhaar,medium,1
15,1150,Deutsch Kurzhaar / Mischling,medium,3
15,1150,Deutsche Bracke / Deutsch Drahthaar,medium,1
15,1150,Deutsche Dogge gefleckt,large,1
15,1150,Deutsche Dogge schwarz,large,2
15,1150,Deutscher Boxer gelb,large,3
15,1150,Deutscher Boxer gelb / Beagle,large,1
15,1150,Deutscher Boxer gelb / Dalmatiner,large,1
15,1150,Deutscher Boxer gelb / Pit Bull Terrier,large,1
15,1150,Deutscher Boxer gestromt,large,1
15,1150,Deutscher Jagdterrier / Mischling,medium,1
15,1150,Deutscher Pinscher,medium,1
15,1150,Deutscher Pinscher / Deutscher Jagdterrier,medium,1
15,1150,Deutscher Pinscher / Mischling,medium,4
15,1150,Deutscher Schäferhund,large,9
15,1150,Deutscher Schäferhund / Australian Shepherd,large,1
15,1150,Deutscher Schäferhund / Bayrischer Gebirgsschweisshund,large,1
15,1150,Deutscher Schäferhund / Kurzhaar Dachshund Zwerg,large,1
15,1150,Deutscher Schäferhund / Labrador Retriever,large,3
15,1150,Deutscher Schäferhund / Mischling,large,16
15,1150,Deutscher Schäferhund / Pinscher,large,1
15,1150,Deutscher Schäferhund / Shiba,large,1
15,1150,Deutscher Schäferhund / Siberian Husky,large,1
15,1150,Deutscher Schäferhund / Tornjak,large,1
15,1150,Deutscher Schäferhund Langstockhaar,large,1
15,1150,Deutscher Spitz,medium,7
15,1150,Deutscher Spitz / Mischling,medium,1
15,1150,Dobermann braun-rot,large,2
15,1150,Dobermann braun-rot / Mischling,large,1
15,1150,Dogo Argentino,large,2
15,1150,English Cocker Spaniel einfärbig,medium,2
15,1150,English Cocker Spaniel einfärbig / Italienisches Windspiel,medium,1
15,1150,English Cocker Spaniel einfärbig / Jack Russell Terrier,medium,1
15,1150,English Cocker Spaniel einfärbig / Mischling,medium,2
15,1150,English Cocker Spaniel einfärbig / Zwergpudel Braun,medium,1
15,1150,English Cocker Spaniel einfärbig / Zwergpudel Rot,medium,1
15,1150,English Cocker Spaniel mehrfärbig,medium,4
15,1150,English Cocker Spaniel mehrfärbig / Cavalier King Charles Sp,medium,1
15,1150,English Cocker Spaniel mehrfärbig / Grosspudel Apricot,large,1
15,1150,English Cocker Spaniel mehrfärbig / Labradoodle,medium,1
15,1150,English Cocker Spaniel mehrfärbig / Mischling,medium,2
15,1150,English Pointer,medium,2
15,1150,English Springer Spaniel,medium,1
15,1150,Entlebucher Sennenhund,medium,2
15,1150,Entlebucher Sennenhund / Labrador Retriever,large,1
15,1150,Erdelyi Kopo,medium,1
15,1150,Eurasier,medium,1
15,1150,Eurasier / Mischling,medium,1
15,1150,Flat-Coated Retriever,large,4
15,1150,Fox Terrier drahthaar,medium,2
15,1150,Fox Terrier drahthaar / Pinscher,medium,1
15,1150,Fox Terrier glatthaar,medium,1
15,1150,Fox Terrier glatthaar / Mischling,medium,1
15,1150,Französische Bulldogge,medium,44
15,1150,Französische Bulldogge / Havaneser,medium,1
15,1150,Französische Bulldogge / Mischling,medium,2
15,1150,Französische Bulldogge / Staffordshire Bullterrier,medium,1
15,1150,Golden Retriever,large,11
15,1150,Golden Retriever / Australian Shepherd,large,1
15,1150,Golden Retriever / Border Collie,large,2
15,1150,Golden Retriever / English Cocker Spaniel mehrfärbig,large,1
15,1150,Golden Retriever / Grosspudel Apricot,large,1
15,1150,Golden Retriever / Grosspudel Grau,large,1
15,1150,Golden Retriever / Grosspudel Weiss,large,1
15,1150,Golden Retriever / Hovawart,large,1
15,1150,Golden Retriever / Jack Russell Terrier,large,1
15,1150,Golden Retriever / Labrador Retriever,large,3
15,1150,Golden Retriever / Mischling,large,7
15,1150,Greyhound,medium,1
15,1150,Griffon belge,small,1
15,1150,Griffon bruxellois,small,1
15,1150,Griffon fauve de Bretagne / Mischling,small,1
15,1150,Grosser Münsterländer,large,1
15,1150,Grosspudel Apricot,large,1
15,1150,Grosspudel Apricot / Golden Retriever,large,1
15,1150,Grosspudel Schwarz,large,1
15,1150,Grosspudel Schwarz / Labrador Retriever,large,1
15,1150,Grossspitz Weiss / Mischling,large,1
15,1150,Harzer Fuchs,medium,1
15,1150,Havaneser,small,16
15,1150,Havaneser / Pudel,medium,1
15,1150,Havaneser / Zwergspitz (Pomeranian),medium,1
15,1150,Holländischer Schäferhund Kurzhaar,large,2
15,1150,Holländischer Schäferhund Kurzhaar / Malinois,large,1
15,1150,Holländischer Schäferhund Kurzhaar / Mischling,large,1
15,1150,Irish Red and White Setter,medium,1
15,1150,Italienisches Windspiel,small,3
15,1150,Jack Russell Terrier,medium,20
15,1150,Jack Russell Terrier / Australian Shepherd,medium,1
15,1150,Jack Russell Terrier / Beagle,medium,2
15,1150,Jack Russell Terrier / Chihuahua Kurzhaar,medium,2
15,1150,Jack Russell Terrier / Golden Retriever,large,1
15,1150,Jack Russell Terrier / Kurzhaar Dachshund Normal,medium,4
15,1150,Jack Russell Terrier / Malteser,medium,1
15,1150,Jack Russell Terrier / Mischling,medium,13
15,1150,Japanischer Terrier,small,2
15,1150,Klein- oder Mittelpudel,medium,1
15,1150,Klein- oder Mittelpudel / Labrador Retriever,large,2
15,1150,Kleiner Münsterländer,medium,1
15,1150,Kleiner Münsterländer / Kurzhaar Dachshund Kaninchen,medium,1
15,1150,Kleinpudel Apricot,medium,2
15,1150,Kleinpudel Apricot / Bichon frise,medium,1
15,1150,Kleinpudel Braun / American Cocker Spaniel,medium,1
15,1150,Kleinpudel Braun / Malteser,medium,1
15,1150,Kleinpudel Schwarz,medium,1
15,1150,Kleinpudel Schwarz / Labrador Retriever,large,1
15,1150,Kleinpudel Schwarz / Mischling,medium,1
15,1150,Kleinpudel Weiss,medium,1
15,1150,Kleinspitz Braun/Schwarz,medium,2
15,1150,Kleinspitz Weiss / Chihuahua Langhaar,medium,1
15,1150,Kooikerhondje,medium,5
15,1150,Kromfohrländer / Deutscher Spitz,medium,1
15,1150,Kromfohrländer / Labrador Retriever,large,1
15,1150,Kurzhaar Dachshund Kaninchen,small,9
15,1150,Kurzhaar Dachshund Kaninchen / American Water Spaniel,medium,1
15,1150,Kurzhaar Dachshund Kaninchen / Bracke,medium,1
15,1150,Kurzhaar Dachshund Kaninchen / Mischling,small,2
15,1150,Kurzhaar Dachshund Kaninchen / Tiroler Bracke,medium,1
15,1150,Kurzhaar Dachshund Normal,small,10
15,1150,Kurzhaar Dachshund Normal / Mischling,small,3
15,1150,Kurzhaar Dachshund Zwerg,small,6
15,1150,Labradoodle,medium,1
15,1150,Labrador Retriever,large,34
15,1150,Labrador Retriever / Cane Corso Italiano,large,1
15,1150,Labrador Retriever / Deutscher Schäferhund,large,2
15,1150,Labrador Retriever / Dobermann braun-rot,large,1
15,1150,Labrador Retriever / Grosspudel Braun,large,1
15,1150,Labrador Retriever / Grosspudel Weiss,large,1
15,1150,Labrador Retriever / Jack Russell Terrier,large,1
15,1150,Labrador Retriever / Kurzhaar Dachshund Normal,large,1
15,1150,Labrador Retriever / Magyar Vizsla Drahthaar,large,1
15,1150,Labrador Retriever / Mischling,large,28
15,1150,Labrador Retriever / Shar Pei,large,1
15,1150,Labrador Retriever / Terrier Brasileiro,large,1
15,1150,Labrador Retriever / Tiroler Bracke,large,1
15,1150,Labrador Retriever / Welsh Corgi Pembroke,large,1
15,1150,Labrador Retriever / Österreichischer Pinscher,large,1
15,1150,Lagotto romagnolo,medium,7
15,1150,Lagotto romagnolo / Mischling,medium,2
15,1150,Landseer / Border Collie,large,1
15,1150,Langhaar Dachshund Kaninchen,small,2
15,1150,Langhaar Dachshund Kaninchen / Fox Terrier glatthaar,medium,1
15,1150,Langhaar Dachshund Kaninchen / Mischling,small,1
15,1150,Langhaar Dachshund Normal,small,2
15,1150,Langhaar Dachshund Normal / Jack Russell Terrier,medium,1
15,1150,Langhaar Dachshund Zwerg,small,1
15,1150,Leonberger,large,1
15,1150,Magyar Vizsla Drahthaar,medium,4
15,1150,Magyar Vizsla Drahthaar / Mischling,medium,1
15,1150,Magyar Vizsla Kurzhaar,medium,2
15,1150,Malteser,small,76
15,1150,Malteser / Affenpinscher,medium,1
15,1150,Malteser / Bichon frise,small,4
15,1150,Malteser / Havaneser,small,1
15,1150,Malteser / Klein- oder Mittelpudel,medium,1
15,1150,Malteser / Kleinpudel Rot,medium,1
15,1150,Malteser / Malteser,small,2
15,1150,Malteser / Mischling,small,11
15,1150,Malteser / Pinscher,medium,1
15,1150,Malteser / Pudel,medium,1
15,1150,Malteser / Pudelpointer,medium,1
15,1150,Malteser / Shih Tzu,small,2
15,1150,Malteser / Spitz,medium,1
15,1150,Malteser / Zwergpudel Apricot,medium,3
15,1150,Malteser / Zwergpudel Braun,medium,1
15,1150,Miniatur Bull Terrier,medium,1
15,1150,Mittelspitz Braun/Schwarz,medium,1
15,1150,Mops (Carlin),small,14
15,1150,Mops (Carlin) / Deutscher Pinscher,medium,1
15,1150,Mops (Carlin) / Mischling,small,1
15,1150,Mops (Carlin) / Shih Tzu,small,1
15,1150,Mudi / Deutscher Schäferhund,large,1
15,1150,Neufundländer,large,1
15,1150,Norfolk Terrier / Mischling,small,2
15,1150,Old English Sheepdog (Bobtail),large,1
15,1150,Olde English Bulldogge,large,1
15,1150,Papillon,small,2
15,1150,Papillon / Mischling,small,2
15,1150,Parson Russell Terrier,medium,4
15,1150,Parson Russell Terrier / Mischling,medium,2
15,1150,Pekingese,small,5
15,1150,Pekingese / Mischling,small,5
15,1150,Pekingese / Mops (Carlin),small,1
15,1150,Perdigueiro Portugues / Mischling,medium,1
15,1150,Perro de agua Espanol,medium,4
15,1150,Petit Basset griffon vendeen,medium,1
15,1150,Petit brabancon,small,1
15,1150,Phalene,small,2
15,1150,Pinscher,medium,2
15,1150,Pinscher / Chihuahua Kurzhaar,medium,2
15,1150,Pinscher / Galgo Espanol,medium,1
15,1150,Pinscher / Jack Russell Terrier,medium,1
15,1150,Pinscher / Kurzhaar Dachshund Normal,medium,2
15,1150,Pinscher / Magyar Vizsla Drahthaar,medium,1
15,1150,Pinscher / Mischling,medium,4
15,1150,Pinscher / Papillon,medium,1
15,1150,Pinscher / Pekingese,medium,1
15,1150,Pit Bull Terrier,large,10
15,1150,Pit Bull Terrier / American Staffordshire Terrier,large,1
15,1150,Pit Bull Terrier / Mischling,large,1
15,1150,Podenco Canario / Mischling,medium,1
15,1150,Podenco Canario / Welsh Corgi Cardigan,medium,1
15,1150,Podenco Ibicenco Rauhhaar,medium,1
15,1150,Podengo Portugues Kurzhaar Medio / Rhodesian Ridgeback,large,1
15,1150,Podengo Portugues Kurzhaar Pequeno / Deutscher Jagdterrier,medium,1
15,1150,Posavski Gonic / Labrador Retriever,large,1
15,1150,Prager Rattler,small,1
15,1150,Pudel,medium,4
15,1150,Pudel / Mischling,medium,1
15,1150,Pudelpointer,medium,2
15,1150,Pudelpointer / Mischling,medium,1
15,1150,Puli andersfarbig / Mischling,medium,1
15,1150,Rauhhaar Dachshund Normal,small,6
15,1150,Rauhhaar Dachshund Normal / Mischling,small,1
15,1150,Rauhhaar Dachshund Normal / Rauhhaar Dachshund Normal,small,1
15,1150,Rauhhaar Dachshund Zwerg,small,8
15,1150,Rauhhaar Dachshund Zwerg / Mischling,small,1
15,1150,Rauhhaar Dachshund Zwerg / Yorkshire Terrier,small,1
15,1150,Rhodesian Ridgeback,large,3
15,1150,Rhodesian Ridgeback / Mischling,large,1
15,1150,Russkiy Toy Kurzhaar,small,1
15,1150,Russkiy Toy Langhaar,small,2
15,1150,Samojede,large,6
15,1150,Sandros Leisha Dog,large,2
15,1150,Schnauzer pfeffersalz / Mischling,medium,3
15,1150,Schnauzer pfeffersalz / Zwergpudel Grau,medium,1
15,1150,Schnauzer schwarz,medium,2
15,1150,Schnauzer schwarz / English Cocker Spaniel einfärbig,medium,1
15,1150,Schwarzer Terrier / Mischling,large,1
15,1150,Shar Pei,medium,2
15,1150,Shar Pei / Mischling,medium,1
15,1150,Shetland Sheepdog,medium,1
15,1150,Shetland Sheepdog / Mischling,medium,1
15,1150,Shiba,medium,8
15,1150,Shih Tzu,small,15
15,1150,Shih Tzu / Mischling,small,2
15,1150,Shih Tzu / Papillon,small,1
15,1150,Siberian Husky,large,17
15,1150,Siberian Husky / Alaskan Malamute,large,3
15,1150,Siberian Husky / Deutscher Schäferhund,large,2
15,1150,Siberian Husky / Mischling,large,3
15,1150,Silken Windsprite,medium,1
15,1150,Spinone Italiano,large,1
15,1150,Spitz,medium,6
15,1150,Spitz / Mischling,medium,1
15,1150,Spitz / Shiba,medium,1
15,1150,Staffordshire Bullterrier,medium,3
15,1150,Staffordshire Bullterrier / Mischling,medium,1
15,1150,Taiwan Dog / Mischling,medium,1
15,1150,Tibetan Terrier / Mischling,medium,1
15,1150,Tiroler Bracke / Mischling,medium,1
15,1150,Tornjak / Mischling,large,2
15,1150,Toypudel Apricot,medium,11
15,1150,Toypudel Apricot / Malteser,medium,1
15,1150,Toypudel Braun,medium,2
15,1150,Toypudel Rot,medium,1
15,1150,Toypudel Rot / Cavalier King Charles Spaniel,medium,1
15,1150,Toypudel Schwarz,medium,2
15,1150,Toypudel schwarz aus Mehrfarben,medium,1
15,1150,Tschechoslowakischer Wolfhund,large,1
15,1150,Unbekannt,unknown,33
15,1150,Unbekannt / Mischling,unknown,141
15,1150,Weimaraner Kurzhaar,large,1
15,1150,Welsh Corgi Cardigan,medium,1
15,1150,Welsh Corgi Cardigan / Australian Shepherd,medium,1
15,1150,Welsh Corgi Pembroke,medium,6
15,1150,Welsh Corgi Pembroke / Mischling,medium,1
15,1150,West Highland White Terrier,small,4
15,1150,West Highland White Terrier / Old English Sheepdog (Bobtail),large,1
15,1150,West Highland White Terrier / Papillon,small,1
15,1150,Whippet,medium,8
15,1150,Whippet / Mischling,medium,2
15,1150,Windhund,large,1
15,1150,Wolfspitz,large,1
15,1150,Xoloitzcuintle Grande,large,1
15,1150,Xoloitzcuintle Miniatura,small,1
15,1150,Yorkshire Terrier,small,50
15,1150,Yorkshire Terrier / Kleinpudel Schwarz,medium,1
15,1150,Yorkshire Terrier / Mischling,small,7
15,1150,Zwergpinscher,medium,6
15,1150,Zwergpinscher / Mischling,medium,4
15,1150,Zwergpudel Apricot,medium,17
15,1150,Zwergpudel Apricot / Bichon frise,medium,1
15,1150,Zwergpudel Apricot / Cavalier King Charles Spaniel,medium,2
15,1150,Zwergpudel Braun,medium,4
15,1150,Zwergpudel Braun / American Cocker Spaniel,medium,1
15,1150,Zwergpudel Falb,medium,1
15,1150,Zwergpudel Schwarz,medium,3
15,1150,Zwergpudel Weiss,medium,1
15,1150,Zwergpudel falb aus Mehrfarben,medium,2
15,1150,Zwergpudel schwarz aus Mehrfarben,medium,2
15,1150,Zwergschnauzer pfeffer-salz,medium,4
15,1150,Zwergschnauzer pfeffer-salz / Mischling,medium,1
15,1150,Zwergschnauzer schwarz,medium,1
15,1150,Zwergschäferhund,small,1
15,1150,Zwergspitz (Pomeranian),medium,32
15,1150,Zwergspitz (Pomeranian) / Belgischer Schäferhund,large,1
15,1150,Zwergspitz (Pomeranian) / Chihuahua Kurzhaar,medium,1
15,1150,Österreichischer Pinscher,medium,2
15,1150,Österreichischer Pinscher / Cavalier King Charles Spaniel,medium,1
15,1150,Österreichischer Pinscher / Deutscher Jagdterrier,medium,1
15,1150,Österreichischer Pinscher / Mischling,medium,3
15,1150,Österreichischer Pinscher / Weimaraner Kurzhaar,large,1
16,1160,Airedale Terrier,medium,5
16,1160,Airedale Terrier / Rauhhaar Dachshund Normal,medium,1
16,1160,Akita,large,7
16,1160,Alaskan Malamute,large,1
16,1160,Alaskan Malamute / Mischling,large,1
16,1160,Alpenländische Dachsbracke / Mischling,medium,1
16,1160,American Akita,large,1
16,1160,American Bulldog,large,2
16,1160,American Bully,large,1
16,1160,American Cocker Spaniel,medium,7
16,1160,American Cocker Spaniel / Labrador Retriever,large,1
16,1160,American Cocker Spaniel / Mischling,medium,2
16,1160,American Cocker Spaniel / Zwergpudel Apricot,medium,2
16,1160,American Pocket Bully,medium,1
16,1160,American Shepherd,medium,1
16,1160,American Staffordshire Terrier,large,45
16,1160,American Staffordshire Terrier / Cane Corso Italiano,large,1
16,1160,American Staffordshire Terrier / Labrador Retriever,large,1
16,1160,American Staffordshire Terrier / Mischling,large,5
16,1160,American Staffordshire Terrier / Pit Bull Terrier,large,2
16,1160,Appenzeller Sennenhund / Border Collie,large,1
16,1160,Australian Cattledog / Labrador Retriever,large,1
16,1160,Australian Kelpie / Deutscher Schäferhund,large,1
16,1160,Australian Shepherd,medium,26
16,1160,Australian Shepherd / Bearded Collie,medium,1
16,1160,Australian Shepherd / Border Collie,medium,3
16,1160,Australian Shepherd / English Setter,medium,1
16,1160,Australian Shepherd / Golden Retriever,large,1
16,1160,Australian Shepherd / Mischling,medium,2
16,1160,Australian Shepherd / Siberian Husky,large,1
16,1160,Australian Shepherd / Whippet,medium,1
16,1160,Australian Stumpy Tail Cattle Dog / Australian Cattledog,medium,1
16,1160,Basenji,medium,3
16,1160,Basset Hound,medium,1
16,1160,Bayrischer Gebirgsschweisshund,medium,3
16,1160,Bayrischer Gebirgsschweisshund / Mischling,medium,1
16,1160,Beagle,medium,25
16,1160,Beagle / Deutscher Schäferhund Langstockhaar,large,1
16,1160,Beagle / Jack Russell Terrier,medium,1
16,1160,Beagle / Labrador Retriever,large,2
16,1160,Beagle / Magyar Vizsla Kurzhaar,medium,1
16,1160,Beagle / Mischling,medium,10
16,1160,Beagle / Pinscher,medium,1
16,1160,Beagle / Podenco Canario,medium,1
16,1160,Beagle / Rauhhaar Dachshund Normal,medium,1
16,1160,Bearded Collie,medium,1
16,1160,Bearded Collie / Mischling,medium,1
16,1160,Belgischer Schäferhund,large,5
16,1160,Belgischer Schäferhund / Holländischer Schäferhund Kurzhaar,large,1
16,1160,Belgischer Schäferhund / Mischling,large,4
16,1160,Berger Blanc Suisse,large,4
16,1160,Berger de Brie (Briard),large,1
16,1160,Berner Sennenhund,large,3
16,1160,Berner Sennenhund / Labrador Retriever,large,1
16,1160,Berner Sennenhund / Mischling,large,2
16,1160,Berner Sennenhund / Siberian Husky,large,1
16,1160,Bichon frise,small,16
16,1160,Bichon frise / Malteser,small,2
16,1160,Bichon frise / Mischling,small,1
16,1160,Biewer Terrier,small,3
16,1160,Biewer Terrier / Yorkshire Terrier,small,3
16,1160,Bologneser,small,2
16,1160,Bologneser / Mischling,small,1
16,1160,Bolonka Zwetna,small,3
16,1160,Bolonka Zwetna / Mischling,small,1
16,1160,Border Collie,medium,26
16,1160,Border Collie / Berner Sennenhund,large,1
16,1160,Border Collie / Dalmatiner,medium,1
16,1160,Border Collie / Deutsch Drahthaar,medium,1
16,1160,Border Collie / Deutscher Schäferhund,large,1
16,1160,Border Collie / Golden Retriever,large,1
16,1160,Border Collie / Jack Russell Terrier,medium,1
16,1160,Border Collie / Mischling,medium,11
16,1160,Border Collie / Welsh Corgi Cardigan,medium,1
16,1160,Border Collie / Whippet,medium,1
16,1160,Border Terrier,medium,1
16,1160,Border Terrier / Mischling,medium,1
16,1160,Border Terrier / Podenco Canario,medium,1
16,1160,Boston Terrier,medium,3
16,1160,Bracke,medium,1
16,1160,Bracke / Mischling,medium,4
16,1160,Brandlbracke / Terrier Brasileiro,medium,1
16,1160,Braque d'Auvergne,large,1
16,1160,Bull Terrier (Standard),medium,4
16,1160,Bull Terrier (Standard) / Mischling,medium,1
16,1160,Bulldog,medium,2
16,1160,Bulldog / Australian Shepherd,medium,1
16,1160,Cairn Terrier / Mischling,small,1
16,1160,Cairn Terrier / Rauhhaar Dachshund Zwerg,small,1
16,1160,Cane Corso Italiano,large,6
16,1160,Cane Corso Italiano / Mischling,large,2
16,1160,Cao de Agua Portugues (Portug. Wasserhund),large,5
16,1160,Cavalier King Charles Spaniel,small,5
16,1160,Cavalier King Charles Spaniel / Mischling,small,1
16,1160,Chihuahua Kurzhaar,small,69
16,1160,Chihuahua Kurzhaar / Deutscher Pinscher,medium,1
16,1160,Chihuahua Kurzhaar / Havaneser,small,1
16,1160,Chihuahua Kurzhaar / Jack Russell Terrier,medium,1
16,1160,Chihuahua Kurzhaar / Mischling,small,16
16,1160,Chihuahua Kurzhaar / Parson Russell Terrier,medium,1
16,1160,Chihuahua Kurzhaar / Tibetan Spaniel,small,1
16,1160,Chihuahua Kurzhaar / Yorkshire Terrier,small,2
16,1160,Chihuahua Kurzhaar / Zwergpinscher,medium,1
16,1160,Chihuahua Langhaar,small,39
16,1160,Chihuahua Langhaar / Kleinspitz Braun/Schwarz,medium,1
16,1160,Chihuahua Langhaar / Mischling,small,3
16,1160,Chihuahua Langhaar / Pekingese,small,1
16,1160,Chihuahua Langhaar / Shih Tzu,small,1
16,1160,Chihuahua Langhaar / Zwergspitz (Pomeranian),medium,1
16,1160,Chinese Crested Dog powderpuff,small,2
16,1160,Chow-Chow,large,7
16,1160,Cirneco dell'Etna,medium,1
16,1160,Collie Langhaar (Rough),medium,2
16,1160,Collie Langhaar (Rough) / Collie Kurzhaar (Smooth),medium,1
16,1160,Collie Langhaar (Rough) / Mischling,medium,1
16,1160,Collie Langhaar (Rough) / Mittelspitz Braun/Schwarz,medium,1
16,1160,Coton de Tulear,small,3
16,1160,Dackel,small,24
16,1160,Dackel / Mischling,small,16
16,1160,Dackel / Pekingese,small,1
16,1160,Dackel / Yorkshire Terrier,small,1
16,1160,Dalmatiner,medium,3
16,1160,Dalmatiner / English Pointer,medium,1
16,1160,Dansk-Svensk Gardshund,medium,1
16,1160,Deutsch Drahthaar,medium,2
16,1160,Deutsch Drahthaar / Fox Terrier drahthaar,medium,1
16,1160,Deutsch Drahthaar / Mischling,medium,2
16,1160,Deutsch Drahthaar / Schnauzer pfeffersalz,medium,1
16,1160,Deutsch Kurzhaar,medium,5
16,1160,Deutsch Kurzhaar / Fox Terrier drahthaar,medium,1
16,1160,Deutsch Kurzhaar / Mischling,medium,4
16,1160,Deutsche Bracke / Mischling,medium,2
16,1160,Deutsche Dogge blau,large,1
16,1160,Deutsche Dogge schwarz,large,1
16,1160,Deutsche Dogge schwarz / Labrador Retriever,large,1
16,1160,Deutscher Boxer gelb,large,3
16,1160,Deutscher Boxer gelb / Mischling,large,1
16,1160,Deutscher Boxer gestromt / Belgischer Schäferhund,large,1
16,1160,Deutscher Boxer gestromt / Mischling,large,1
16,1160,Deutscher Jagdterrier,medium,2
16,1160,Deutscher Jagdterrier / Jack Russell Terrier,medium,1
16,1160,Deutscher Pinscher / Mischling,medium,2
16,1160,Deutscher Schäferhund,large,15
16,1160,Deutscher Schäferhund / Belgischer Schäferhund,large,2
16,1160,Deutscher Schäferhund / Bracke,large,1
16,1160,Deutscher Schäferhund / English Cocker Spaniel mehrfärbig,large,1
16,1160,Deutscher Schäferhund / Kuvasz,large,1
16,1160,Deutscher Schäferhund / Mischling,large,18
16,1160,Deutscher Schäferhund / Mittelspitz Braun/Schwarz,large,1
16,1160,Deutscher Schäferhund / Siberian Husky,large,1
16,1160,Deutscher Schäferhund / Spitz,large,1
16,1160,Deutscher Schäferhund / Weimaraner Kurzhaar,large,1
16,1160,Deutscher Schäferhund / Whippet,large,1
16,1160,Deutscher Schäferhund Langstockhaar,large,1
16,1160,Deutscher Schäferhund Langstockhaar / Border Collie,large,1
16,1160,Deutscher Spitz,medium,6
16,1160,Deutscher Spitz / English Cocker Spaniel einfärbig,medium,1
16,1160,Deutscher Spitz / Welsh Corgi Pembroke,medium,1
16,1160,Deutscher Wachtelhund / Labrador Retriever,large,1
16,1160,Dobermann braun-rot,large,4
16,1160,Dobermann schwarz-rot,large,2
16,1160,Dobermann schwarz-rot / Mischling,large,1
16,1160,Dog de Bordeaux (Bordeauxdogge),large,2
16,1160,Dogo Argentino / Mischling,large,1
16,1160,English Cocker Spaniel einfärbig,medium,10
16,1160,English Cocker Spaniel einfärbig / Kleinpudel Rot,medium,1
16,1160,English Cocker Spaniel einfärbig / Mischling,medium,1
16,1160,English Cocker Spaniel mehrfärbig,medium,8
16,1160,English Cocker Spaniel mehrfärbig / Golden Retriever,large,1
16,1160,English Cocker Spaniel mehrfärbig / Klein- oder Mittelpudel,medium,1
16,1160,English Cocker Spaniel mehrfärbig / Kleinpudel Weiss,medium,1
16,1160,English Cocker Spaniel mehrfärbig / Mischling,medium,1
16,1160,English Cocker Spaniel mehrfärbig / Spitz,medium,1
16,1160,English Pointer / Deutscher Schäferhund,large,1
16,1160,English Pointer / Grosser Münsterländer,large,1
16,1160,English Setter / Golden Retriever,large,1
16,1160,English Setter / Mischling,medium,2
16,1160,English Springer Spaniel,medium,2
16,1160,English Springer Spaniel / Mischling,medium,2
16,1160,English Toy Terrier,small,1
16,1160,Entlebucher Sennenhund,medium,2
16,1160,Entlebucher Sennenhund / Mischling,medium,1
16,1160,Erdelyi Kopo / Labrador Retriever,large,1
16,1160,Eurasier,medium,2
16,1160,Eurasier / Old English Sheepdog (Bobtail),large,2
16,1160,Finnischer Lapphund (Suomen Lapinkoira),medium,1
16,1160,Flat-Coated Retriever,large,6
16,1160,Fox Terrier drahthaar,medium,2
16,1160,Fox Terrier drahthaar / Mischling,medium,2
16,1160,Fox Terrier glatthaar,medium,3
16,1160,Fox Terrier glatthaar / Mischling,medium,2
16,1160,Französische Bulldogge,medium,73
16,1160,Französische Bulldogge / Bulldog,medium,1
16,1160,Französische Bulldogge / Dackel,medium,1
16,1160,Französische Bulldogge / Mischling,medium,1
16,1160,Galgo Espanol,medium,5
16,1160,Galgo Espanol / Mischling,medium,1
16,1160,Golden Retriever,large,53
16,1160,Golden Retriever / Berner Sennenhund,large,1
16,1160,Golden Retriever / Border Collie,large,3
16,1160,Golden Retriever / Deutscher Schäferhund,large,1
16,1160,Golden Retriever / Greyhound,large,1
16,1160,Golden Retriever / Grosspudel Apricot,large,2
16,1160,Golden Retriever / Grosspudel Braun,large,2
16,1160,Golden Retriever / Grosspudel Weiss,large,1
16,1160,Golden Retriever / Kleinpudel Braun,large,1
16,1160,Golden Retriever / Labrador Retriever,large,1
16,1160,Golden Retriever / Mischling,large,2
16,1160,Golden Retriever / Pudel,large,1
16,1160,Golden Retriever / Siberian Husky,large,1
16,1160,Golden Retriever / Spitz,large,1
16,1160,Golden Retriever / Zwergpudel Apricot,large,1
16,1160,Golden Retriever / Zwergspitz (Pomeranian),large,1
16,1160,Gonczy Polski / Mischling,medium,1
16,1160,Greyhound,medium,4
16,1160,Greyhound / Border Collie,medium,1
16,1160,Greyhound / Mischling,medium,1
16,1160,Groenendael,large,2
16,1160,Grosser Münsterländer,large,1
16,1160,Grosser Schweizer Sennenhund,large,1
16,1160,Grosspudel Apricot,large,5
16,1160,Grosspudel Schwarz,large,3
16,1160,Grosspudel falb aus Mehrfarben,large,1
16,1160,Grosspudel schwarz aus Mehrfarben,large,1
16,1160,Havaneser,small,30
16,1160,Havaneser / Dackel,small,1
16,1160,Havaneser / Deutscher Jagdterrier,medium,1
16,1160,Havaneser / Havaneser,small,1
16,1160,Havaneser / Malteser,small,1
16,1160,Havaneser / Mischling,small,8
16,1160,Havaneser / Yorkshire Terrier,small,1
16,1160,Havaneser / Zwergpudel Apricot,medium,1
16,1160,Holländischer Schäferhund Kurzhaar / Labrador Retriever,large,1
16,1160,Hovawart,large,3
16,1160,Hovawart / Berner Sennenhund,large,1
16,1160,Hovawart / Mischling,large,1
16,1160,Irish Red Setter,medium,3
16,1160,Irish Red Setter / Pudel,medium,1
16,1160,Irish Soft Coated Wheaten Terrier / Kleinpudel Weiss,medium,1
16,1160,Irish Terrier,medium,4
16,1160,Irish Terrier / Mischling,medium,1
16,1160,Irish Wolfhound / Mischling,large,1
16,1160,Islandhund,medium,1
16,1160,Istrianer Bracke Rauhhaar (Ostrodlaki Gonic),medium,2
16,1160,Istrianer Bracke Rauhhaar (Ostrodlaki Gonic) / Mischling,medium,1
16,1160,Italienisches Windspiel,small,7
16,1160,Italienisches Windspiel / Labrador Retriever,large,1
16,1160,Jack Russell Terrier,medium,21
16,1160,Jack Russell Terrier / Beagle,medium,1
16,1160,Jack Russell Terrier / Berger Blanc Suisse,large,1
16,1160,Jack Russell Terrier / Bichon frise,medium,1
16,1160,Jack Russell Terrier / Deutsch Kurzhaar,medium,1
16,1160,Jack Russell Terrier / English Cocker Spaniel mehrfärbig,medium,1
16,1160,Jack Russell Terrier / Fox Terrier glatthaar,medium,3
16,1160,Jack Russell Terrier / Kurzhaar Dachshund Kaninchen,medium,1
16,1160,Jack Russell Terrier / Kurzhaar Dachshund Normal,medium,1
16,1160,Jack Russell Terrier / Mischling,medium,17
16,1160,Jack Russell Terrier / Parson Russell Terrier,medium,2
16,1160,Jack Russell Terrier / Pinscher,medium,1
16,1160,Jack Russell Terrier / Rauhhaar Dachshund Normal,medium,1
16,1160,Jack Russell Terrier / Zwergpinscher,medium,1
16,1160,Jagdterrier,medium,1
16,1160,Jagdterrier / Mischling,medium,1
16,1160,Japanischer Spitz / Golden Retriever,large,1
16,1160,Kaukasischer Ovtcharka / Ciobanesc Romanesc Carpatin,large,1
16,1160,King Charles Spaniel / Zwergpudel Apricot,medium,1
16,1160,Klein- oder Mittelpudel,medium,4
16,1160,Klein- oder Mittelpudel / Malteser,medium,1
16,1160,Kleiner Münsterländer,medium,1
16,1160,Kleiner Münsterländer / English Springer Spaniel,medium,1
16,1160,Kleiner Münsterländer / Golden Retriever,large,1
16,1160,Kleiner Münsterländer / Labrador Retriever,large,1
16,1160,Kleiner Münsterländer / Mischling,medium,1
16,1160,Kleinpudel Apricot,medium,5
16,1160,Kleinpudel Apricot / Mischling,medium,1
16,1160,Kleinpudel Rot,medium,1
16,1160,Kleinpudel Schwarz,medium,2
16,1160,Kleinpudel Schwarz / Golden Retriever,large,1
16,1160,Kleinpudel Weiss / Bichon frise,medium,1
16,1160,Kleinpudel Weiss / Yorkshire Terrier,medium,1
16,1160,Kleinspitz Neufarben / Mischling,medium,1
16,1160,Kleinspitz Weiss,medium,3
16,1160,Kooikerhondje,medium,4
16,1160,Kurzhaar Dachshund Kaninchen,small,8
16,1160,Kurzhaar Dachshund Kaninchen / Deutscher Schäferhund,large,1
16,1160,Kurzhaar Dachshund Kaninchen / Kleinspitz Neufarben,medium,1
16,1160,Kurzhaar Dachshund Kaninchen / Mischling,small,1
16,1160,Kurzhaar Dachshund Kaninchen / Rauhhaar Dachshund Zwerg,small,1
16,1160,Kurzhaar Dachshund Normal,small,9
16,1160,Kurzhaar Dachshund Normal / Chihuahua Kurzhaar,small,1
16,1160,Kurzhaar Dachshund Normal / Jack Russell Terrier,medium,1
16,1160,Kurzhaar Dachshund Normal / Kurzhaar Dachshund Kaninchen,small,1
16,1160,Kurzhaar Dachshund Normal / Labrador Retriever,large,1
16,1160,Kurzhaar Dachshund Normal / Langhaar Dachshund Normal,small,1
16,1160,Kurzhaar Dachshund Normal / Mischling,small,5
16,1160,Kurzhaar Dachshund Zwerg,small,13
16,1160,Kuvasz / Mischling,large,1
16,1160,Labradoodle,medium,1
16,1160,Labradoodle / Australian Shepherd,medium,1
16,1160,Labrador Retriever,large,60
16,1160,Labrador Retriever / Australian Shepherd,large,1
16,1160,Labrador Retriever / Belgischer Schäferhund,large,1
16,1160,Labrador Retriever / Border Collie,large,3
16,1160,Labrador Retriever / Bracke,large,1
16,1160,Labrador Retriever / Bulldog,large,1
16,1160,Labrador Retriever / Dalmatiner,large,2
16,1160,Labrador Retriever / Deutscher Schäferhund,large,4
16,1160,Labrador Retriever / Golden Retriever,large,2
16,1160,Labrador Retriever / Grosspudel Apricot,large,1
16,1160,Labrador Retriever / Kleinpudel Apricot,large,1
16,1160,Labrador Retriever / Malinois,large,1
16,1160,Labrador Retriever / Mischling,large,37
16,1160,Labrador Retriever / Rhodesian Ridgeback,large,1
16,1160,Labrador Retriever / Schnauzer pfeffersalz,large,2
16,1160,Labrador Retriever / Siberian Husky,large,1
16,1160,Lagotto romagnolo,medium,14
16,1160,Lagotto romagnolo / American Cocker Spaniel,medium,1
16,1160,Langhaar Dachshund Kaninchen,small,2
16,1160,Langhaar Dachshund Normal,small,1
16,1160,Langhaar Dachshund Normal / Collie Kurzhaar (Smooth),medium,1
16,1160,Langhaar Dachshund Normal / English Cocker Spaniel einfärbig,medium,1
16,1160,Langhaar Dachshund Normal / Jack Russell Terrier,medium,1
16,1160,Langhaar Dachshund Zwerg,small,3
16,1160,Leonberger,large,2
16,1160,Löwchen,small,1
16,1160,Magyar Agar / Deutscher Schäferhund,large,1
16,1160,Magyar Agar / Mischling,large,1
16,1160,Magyar Vizsla Drahthaar,medium,7
16,1160,Magyar Vizsla Drahthaar / Magyar Vizsla Kurzhaar,medium,1
16,1160,Magyar Vizsla Drahthaar / Mischling,medium,1
16,1160,Magyar Vizsla Kurzhaar,medium,4
16,1160,Magyar Vizsla Kurzhaar / Mischling,medium,2
16,1160,Malinois,medium,2
16,1160,Malinois / Rhodesian Ridgeback,large,1
16,1160,Malteser,small,94
16,1160,Malteser / Border Terrier,medium,1
16,1160,Malteser / Chihuahua Kurzhaar,small,1
16,1160,Malteser / Havaneser,small,1
16,1160,Malteser / Klein- oder Mittelpudel,medium,2
16,1160,Malteser / Kleinpudel Braun,medium,1
16,1160,Malteser / Mischling,small,10
16,1160,Malteser / Pekingese,small,1
16,1160,Malteser / Pudel,medium,5
16,1160,Malteser / Shih Tzu,small,1
16,1160,Malteser / Toypudel Apricot,medium,2
16,1160,Malteser / Toypudel Braun,medium,1
16,1160,Malteser / Toypudel Rot,medium,1
16,1160,Malteser / Zwergpudel Apricot,medium,3
16,1160,Malteser / Zwergschnauzer pfeffer-salz,medium,1
16,1160,Malteser / Zwergspitz (Pomeranian),medium,2
16,1160,Mehrfarben Toypudel schwarz loh / Malteser,medium,1
16,1160,Miniatur Bull Terrier,medium,3
16,1160,Mittelspitz Braun/Schwarz,medium,2
16,1160,Mittelspitz Braun/Schwarz / Zwergspitz (Pomeranian),medium,1
16,1160,Mops (Carlin),small,17
16,1160,Mops (Carlin) / Boston Terrier,medium,1
16,1160,Mops (Carlin) / Malteser,small,1
16,1160,Mops (Carlin) / Mischling,small,1
16,1160,Mops (Carlin) / Pinscher,medium,1
16,1160,Mudi,medium,3
16,1160,Mudi / Flat-Coated Retriever,large,1
16,1160,Mudi / Golden Retriever,large,1
16,1160,Mudi / Mischling,medium,2
16,1160,Mudi / Welsh Corgi Pembroke,medium,1
16,1160,Neufundländer / Mischling,large,1
16,1160,Norfolk Terrier,small,2
16,1160,Norfolk Terrier / Mischling,small,1
16,1160,Nova Scotia Duck Tolling Retriever,medium,1
16,1160,Nova Scotia Duck Tolling Retriever / Australian Shepherd,medium,1
16,1160,Nova Scotia Duck Tolling Retriever / Kooikerhondje,medium,1
16,1160,Nova Scotia Duck Tolling Retriever / Shetland Sheepdog,medium,1
16,1160,Olde English Bulldogge,large,2
16,1160,Papillon,small,4
16,1160,Parson Russell Terrier,medium,7
16,1160,Parson Russell Terrier / Kleinpudel schwarz aus Mehrfarben,medium,1
16,1160,Parson Russell Terrier / Malteser,medium,1
16,1160,Parson Russell Terrier / Mischling,medium,2
16,1160,Parson Russell Terrier / Schnauzer pfeffersalz,medium,1
16,1160,Pekingese,small,14
16,1160,Pekingese / Kooikerhondje,medium,1
16,1160,Pekingese / Langhaar Dachshund Normal,small,1
16,1160,Pekingese / Malteser,small,1
16,1160,Pekingese / Mischling,small,7
16,1160,Perro de agua Espanol,medium,4
16,1160,Petit bleu de Gascogne,medium,1
16,1160,Pinscher,medium,3
16,1160,Pinscher / Bayrischer Gebirgsschweisshund,medium,1
16,1160,Pinscher / Beagle,medium,1
16,1160,Pinscher / Chihuahua Kurzhaar,medium,1
16,1160,Pinscher / Deutscher Schäferhund,large,2
16,1160,Pinscher / Golden Retriever,large,1
16,1160,Pinscher / Mischling,medium,4
16,1160,Pit Bull Terrier,large,8
16,1160,Pit Bull Terrier / American Staffordshire Terrier,large,1
16,1160,Pit Bull Terrier / Mischling,large,2
16,1160,Podenco Canario / Mischling,medium,1
16,1160,Podenco Ibicenco Kurzhaar,medium,1
16,1160,Podengo Portugues Kurzhaar Medio / Mischling,medium,1
16,1160,Posavski Gonic / Mischling,medium,1
16,1160,Pudel,medium,13
16,1160,Pudel / Dackel,medium,2
16,1160,Pudel / Mischling,medium,1
16,1160,Pudelpointer,medium,2
16,1160,Puli andersfarbig / Mischling,medium,3
16,1160,Pumi,medium,1
16,1160,Pumi / Deutscher Spitz,medium,1
16,1160,Rauhhaar Dachshund Normal,small,6
16,1160,Rauhhaar Dachshund Normal / Mischling,small,1
16,1160,Rauhhaar Dachshund Normal / Schnauzer schwarz,medium,1
16,1160,Rauhhaar Dachshund Normal / Terrier Brasileiro,medium,2
16,1160,Rauhhaar Dachshund Zwerg,small,10
16,1160,Rauhhaar Dachshund Zwerg / Yorkshire Terrier,small,1
16,1160,Rhodesian Ridgeback,large,3
16,1160,Rhodesian Ridgeback / Labrador Retriever,large,1
16,1160,Rhodesian Ridgeback / Mischling,large,3
16,1160,Riesenschnauzer pfeffer-salz,large,2
16,1160,Riesenschnauzer pfeffer-salz / Beagle,large,1
16,1160,Rottweiler,large,3
16,1160,Rottweiler / Deutscher Schäferhund,large,1
16,1160,Russkiy Toy Kurzhaar / Beagle,medium,1
16,1160,Russkiy Toy Langhaar / Pinscher,medium,1
16,1160,Saluki,large,2
16,1160,Saluki / Mischling,large,1
16,1160,Samojede,large,3
16,1160,Schapendoes,medium,1
16,1160,Schapendoes / Siberian Husky,large,1
16,1160,Schnauzer pfeffersalz,medium,2
16,1160,Schnauzer pfeffersalz / Airedale Terrier,medium,1
16,1160,Schnauzer pfeffersalz / Mischling,medium,2
16,1160,Schnauzer schwarz,medium,2
16,1160,Schnauzer schwarz / Kleinpudel Falb,medium,1
16,1160,Schnauzer schwarz / Pudel,medium,1
16,1160,Schwarzer Terrier / Zwergschnauzer pfeffer-salz,large,1
16,1160,Shar Pei,medium,4
16,1160,Shar Pei / Mischling,medium,2
16,1160,Shetland Sheepdog,medium,3
16,1160,Shetland Sheepdog / Mischling,medium,1
16,1160,Shiba,medium,20
16,1160,Shiba / Basenji,medium,1
16,1160,Shiba / Zwergspitz (Pomeranian),medium,1
16,1160,Shih Tzu,small,24
16,1160,Shih Tzu / Border Collie,medium,1
16,1160,Shih Tzu / Malteser,small,2
16,1160,Shih Tzu / Mischling,small,2
16,1160,Siberian Husky,large,23
16,1160,Siberian Husky / Mischling,large,2
16,1160,Silken Windsprite,medium,1
16,1160,Sloughi,large,1
16,1160,Spitz,medium,8
16,1160,Spitz / Mischling,medium,2
16,1160,St. Bernhardshund Kurzhaar,large,2
16,1160,Staffordshire Bullterrier,medium,8
16,1160,Staffordshire Bullterrier / Mischling,medium,2
16,1160,Steirische Rauhaarbracke,medium,1
16,1160,Steirische Rauhaarbracke / Cairn Terrier,medium,1
16,1160,Terrier Brasileiro,medium,1
16,1160,Thai Ridgeback Dog / Australian Cattledog,medium,1
16,1160,Tibetan Spaniel / Border Collie,medium,1
16,1160,Tibetan Terrier,medium,1
16,1160,Tibetischer Kyi Apso,large,1
16,1160,Tornjak / Mischling,large,2
16,1160,Toypudel Apricot,medium,8
16,1160,Toypudel Apricot / Malteser,medium,1
16,1160,Toypudel Braun,medium,2
16,1160,Toypudel Rot,medium,3
16,1160,Toypudel Schwarz,medium,2
16,1160,Toypudel Schwarz / Malteser,medium,1
16,1160,Toypudel Weiss,medium,1
16,1160,Toypudel falb aus Mehrfarben,medium,1
16,1160,Tschechoslowakischer Wolfhund,large,2
16,1160,Unbekannt,unknown,39
16,1160,Unbekannt / Dackel,small,1
16,1160,Unbekannt / Mischling,unknown,207
16,1160,Weimaraner Kurzhaar,large,1
16,1160,Welsh Corgi Cardigan,medium,4
16,1160,Welsh Corgi Cardigan / Kurzhaar Dachshund Kaninchen,medium,1
16,1160,Welsh Corgi Cardigan / Nova Scotia Duck Tolling Retriever,medium,1
16,1160,Welsh Corgi Pembroke,medium,5
16,1160,Welsh Corgi Pembroke / Alpenländische Dachsbracke,medium,1
16,1160,Welsh Corgi Pembroke / Mischling,medium,2
16,1160,Welsh Corgi Pembroke / Rauhhaar Dachshund Zwerg,medium,1
16,1160,Welsh Corgi Pembroke / Siberian Husky,large,1
16,1160,Welsh Terrier,medium,2
16,1160,West Highland White Terrier,small,7
16,1160,West Highland White Terrier / Mischling,small,1
16,1160,Whippet,medium,8
16,1160,Whippet / Labrador Retriever,large,1
16,1160,Whippet / Mischling,medium,2
16,1160,Windhund / Mischling,large,1
16,1160,Wolfspitz,large,4
16,1160,Xoloitzcuintle Miniatura,small,1
16,1160,Yorkshire Terrier,small,42
16,1160,Yorkshire Terrier / Chihuahua Langhaar,small,1
16,1160,Yorkshire Terrier / Jack Russell Terrier,medium,1
16,1160,Yorkshire Terrier / Malteser,small,1
16,1160,Yorkshire Terrier / Mischling,small,8
16,1160,Yorkshire Terrier / Rauhhaar Dachshund Zwerg,small,1
16,1160,Yorkshire Terrier / Schnauzer pfeffersalz,medium,1
16,1160,Zwergpinscher,medium,4
16,1160,Zwergpinscher / Mischling,medium,3
16,1160,Zwergpinscher / Pinscher,medium,1
16,1160,Zwergpudel Apricot,medium,25
16,1160,Zwergpudel Apricot / King Charles Spaniel,medium,1
16,1160,Zwergpudel Apricot / Mischling,medium,1
16,1160,Zwergpudel Braun,medium,3
16,1160,Zwergpudel Falb,medium,1
16,1160,Zwergpudel Rot,medium,4
16,1160,Zwergpudel Rot / Malteser,medium,1
16,1160,Zwergpudel Schwarz,medium,1
16,1160,Zwergpudel schwarz aus Mehrfarben,medium,2
16,1160,Zwergschnauzer pfeffer-salz,medium,3
16,1160,Zwergschnauzer pfeffer-salz / Mischling,medium,1
16,1160,Zwergschnauzer schwarz,medium,2
16,1160,Zwergspitz (Pomeranian),medium,45
16,1160,Zwergspitz (Pomeranian) / Chihuahua Kurzhaar,medium,1
16,1160,Zwergspitz (Pomeranian) / Mischling,medium,4
16,1160,Zwergspitz (Pomeranian) / Zwergpudel Braun,medium,1
16,1160,Österreichischer Pinscher,medium,3
16,1160,Österreichischer Pinscher / Malteser,medium,1
17,1170,Afghanischer Windhund / Beagle,large,1
17,1170,Afghanischer Windhund / Mischling,large,2
17,1170,Akita,large,4
17,1170,Akita / Deutscher Schäferhund,large,1
17,1170,Alaskan Malamute,large,1
17,1170,American Akita,large,1
17,1170,American Bully,large,2
17,1170,American Cocker Spaniel,medium,1
17,1170,American Cocker Spaniel / Grosspudel Apricot,large,1
17,1170,American Cocker Spaniel / Mischling,medium,1
17,1170,American Cocker Spaniel / Zwergpudel Apricot,medium,1
17,1170,American Shepherd,medium,1
17,1170,American Shepherd / English Pointer,medium,1
17,1170,American Staffordshire Terrier,large,19
17,1170,American Staffordshire Terrier / Mischling,large,3
17,1170,Appenzeller Sennenhund,large,1
17,1170,Australian Cattledog,medium,1
17,1170,Australian Kelpie / Mischling,medium,1
17,1170,Australian Shepherd,medium,15
17,1170,Australian Shepherd / Border Collie,medium,1
17,1170,Australian Shepherd / Jack Russell Terrier,medium,1
17,1170,Australian Shepherd / Labrador Retriever,large,1
17,1170,Australian Shepherd / Mischling,medium,2
17,1170,Australian Silky Terrier / Mischling,small,1
17,1170,Australian Terrier / Kleinpudel Weiss,medium,1
17,1170,Barbet,medium,4
17,1170,Barsoi,large,1
17,1170,Basenji,medium,3
17,1170,Basenji / Mischling,medium,1
17,1170,Basset Hound,medium,1
17,1170,Bayrischer Gebirgsschweisshund,medium,3
17,1170,Beagle,medium,13
17,1170,Beagle / Akita,large,1
17,1170,Beagle / Labrador Retriever,large,1
17,1170,Beagle / Mischling,medium,4
17,1170,Beagle / Terrier Brasileiro,medium,1
17,1170,Beagle Harrier / Beagle,medium,1
17,1170,Bearded Collie,medium,2
17,1170,Bedlington Terrier,medium,1
17,1170,Belgischer Schäferhund,large,4
17,1170,Belgischer Schäferhund / Mischling,large,2
17,1170,Berger Blanc Suisse,large,5
17,1170,Berger de Beauce (Beauceron),large,1
17,1170,Berger de Brie (Briard),large,1
17,1170,Berner Sennenhund,large,4
17,1170,Berner Sennenhund / Hovawart,large,1
17,1170,Bichon frise,small,4
17,1170,Bichon frise / Havaneser,small,2
17,1170,Bichon frise / Mischling,small,1
17,1170,Biewer Terrier,small,2
17,1170,Biewer Terrier / Yorkshire Terrier,small,1
17,1170,Bologneser,small,2
17,1170,Bologneser / Deutscher Spitz,medium,1
17,1170,Bolonka Zwetna,small,3
17,1170,Border Collie,medium,18
17,1170,Border Collie / Airedale Terrier,medium,1
17,1170,Border Collie / Australian Kelpie,medium,1
17,1170,Border Collie / Beagle,medium,1
17,1170,Border Collie / Deutscher Schäferhund,large,1
17,1170,Border Collie / Jack Russell Terrier,medium,1
17,1170,Border Collie / Labrador Retriever,large,1
17,1170,Border Collie / Langhaar Dachshund Kaninchen,medium,1
17,1170,Border Collie / Mischling,medium,8
17,1170,Border Collie / Siberian Husky,large,1
17,1170,Border Terrier / Cairn Terrier,medium,1
17,1170,Border Terrier / Mischling,medium,1
17,1170,Boston Terrier,medium,4
17,1170,Bouvier des Flandres,large,1
17,1170,Bracco Italiano,large,2
17,1170,Bracke,medium,1
17,1170,Bracke / Deutscher Schäferhund,large,1
17,1170,Bracke / Mischling,medium,2
17,1170,Brandlbracke / Deutscher Schäferhund,large,1
17,1170,Brandlbracke / Mischling,medium,1
17,1170,Bull Terrier (Standard),medium,2
17,1170,Bulldog,medium,1
17,1170,Cairn Terrier / Mischling,small,2
17,1170,Canaan Dog / Australian Kelpie,medium,1
17,1170,Cane Corso Italiano,large,4
17,1170,Cane Corso Italiano / Labrador Retriever,large,1
17,1170,Cao de Agua Portugues (Portug. Wasserhund),large,9
17,1170,Cavalier King Charles Spaniel,small,7
17,1170,Cavalier King Charles Spaniel / Kooikerhondje,medium,1
17,1170,Chihuahua Kurzhaar,small,48
17,1170,Chihuahua Kurzhaar / Dackel,small,1
17,1170,Chihuahua Kurzhaar / Jack Russell Terrier,medium,1
17,1170,Chihuahua Kurzhaar / Mischling,small,3
17,1170,Chihuahua Kurzhaar / Yorkshire Terrier,small,1
17,1170,Chihuahua Kurzhaar / Österreichischer Pinscher,medium,1
17,1170,Chihuahua Langhaar,small,20
17,1170,Chihuahua Langhaar / Cavalier King Charles Spaniel,small,1
17,1170,Chihuahua Langhaar / Mischling,small,4
17,1170,Chihuahua Langhaar / Shih Tzu,small,1
17,1170,Chinese Crested Dog hairless,small,2
17,1170,Chinese Crested Dog hairless / Mischling,small,1
17,1170,Chinese Crested Dog powderpuff,small,2
17,1170,Chow-Chow,large,3
17,1170,Coban Köpegi (Anatolischer Hirtenhund),large,1
17,1170,Cockerpoo,medium,1
17,1170,Collie Langhaar (Rough),medium,5
17,1170,Collie Langhaar (Rough) / Deutscher Schäferhund,large,1
17,1170,Collie Langhaar (Rough) / Labrador Retriever,large,1
17,1170,Collie Langhaar (Rough) / Mischling,medium,3
17,1170,Collie Langhaar (Rough) / Rauhhaar Dachshund Normal,medium,1
17,1170,Coton de Tulear / Malteser,small,1
17,1170,Dackel,small,19
17,1170,Dackel / Border Terrier,medium,1
17,1170,Dackel / Deutscher Schäferhund,large,1
17,1170,Dackel / Magyar Vizsla Drahthaar,medium,1
17,1170,Dackel / Mischling,small,9
17,1170,Dackel / Zwergschnauzer pfeffer-salz,medium,1
17,1170,Dalmatiner,medium,9
17,1170,Dalmatiner / Border Collie,medium,1
17,1170,Dalmatiner / Deutsch Drahthaar,medium,1
17,1170,Dalmatiner / Mischling,medium,5
17,1170,Dalmatiner / Poitevin,large,1
17,1170,Deutsch Drahthaar,medium,1
17,1170,Deutsch Drahthaar / Jack Russell Terrier,medium,1
17,1170,Deutsch Drahthaar / Labrador Retriever,large,1
17,1170,Deutsch Drahthaar / Mischling,medium,1
17,1170,Deutsch Kurzhaar,medium,2
17,1170,Deutsch Kurzhaar / Deutscher Schäferhund,large,1
17,1170,Deutsch Kurzhaar / Fox Terrier glatthaar,medium,1
17,1170,Deutsch Kurzhaar / Mischling,medium,1
17,1170,Deutsch Kurzhaar / Zwergpinscher,medium,1
17,1170,Deutsch Langhaar,medium,3
17,1170,Deutsche Dogge blau / Mischling,large,1
17,1170,Deutscher Boxer gelb,large,4
17,1170,Deutscher Boxer gelb / Mischling,large,1
17,1170,Deutscher Boxer gestromt,large,2
17,1170,Deutscher Jagdterrier,medium,3
17,1170,Deutscher Jagdterrier / Beagle,medium,1
17,1170,Deutscher Jagdterrier / Labrador Retriever,large,1
17,1170,Deutscher Jagdterrier / Langhaar Dachshund Normal,medium,1
17,1170,Deutscher Jagdterrier / Mischling,medium,4
17,1170,Deutscher Jagdterrier / Pinscher,medium,1
17,1170,Deutscher Pinscher / Jack Russell Terrier,medium,1
17,1170,Deutscher Pinscher / Mischling,medium,3
17,1170,Deutscher Schäferhund,large,18
17,1170,Deutscher Schäferhund / Appenzeller Sennenhund,large,1
17,1170,Deutscher Schäferhund / Deutsch Kurzhaar,large,1
17,1170,Deutscher Schäferhund / Deutscher Schäferhund,large,1
17,1170,Deutscher Schäferhund / Dobermann braun-rot,large,1
17,1170,Deutscher Schäferhund / Jack Russell Terrier,large,1
17,1170,Deutscher Schäferhund / Labrador Retriever,large,1
17,1170,Deutscher Schäferhund / Mischling,large,10
17,1170,Deutscher Schäferhund Langstockhaar,large,2
17,1170,Deutscher Spitz,medium,2
17,1170,Deutscher Spitz / Zwergpudel Schwarz,medium,1
17,1170,Deutscher Wachtelhund,medium,1
17,1170,Dobermann braun-rot,large,2
17,1170,Dobermann braun-rot / Jämthund,large,1
17,1170,Dobermann braun-rot / Mischling,large,1
17,1170,Dobermann schwarz-rot,large,2
17,1170,Dog de Bordeaux (Bordeauxdogge),large,1
17,1170,Dogo Argentino,large,1
17,1170,Dogo Argentino / Mischling,large,1
17,1170,Elo,medium,2
17,1170,English Cocker Spaniel einfärbig,medium,12
17,1170,English Cocker Spaniel einfärbig / Kleinpudel Braun,medium,1
17,1170,English Cocker Spaniel einfärbig / Lagotto romagnolo,medium,1
17,1170,English Cocker Spaniel einfärbig / Langhaar Dachshund Normal,medium,1
17,1170,English Cocker Spaniel mehrfärbig,medium,8
17,1170,English Cocker Spaniel mehrfärbig / Lagotto romagnolo,medium,1
17,1170,English Cocker Spaniel mehrfärbig / Mischling,medium,1
17,1170,English Pointer / Dalmatiner,medium,1
17,1170,English Pointer / Mischling,medium,3
17,1170,English Setter,medium,2
17,1170,English Setter / English Pointer,medium,1
17,1170,English Setter / Mischling,medium,1
17,1170,English Springer Spaniel,medium,1
17,1170,English Springer Spaniel / Mischling,medium,1
17,1170,Entlebucher Sennenhund,medium,8
17,1170,Entlebucher Sennenhund / Berner Sennenhund,large,1
17,1170,Epagneul breton,medium,1
17,1170,Epagneul breton / Mischling,medium,1
17,1170,Eurasier,medium,3
17,1170,Field Spaniel,medium,1
17,1170,Flat-Coated Retriever,large,8
17,1170,Flat-Coated Retriever / Hovawart,large,1
17,1170,Flat-Coated Retriever / Mischling,large,1
17,1170,Fox Terrier drahthaar / Mischling,medium,1
17,1170,Fox Terrier drahthaar / Rauhhaar Dachshund Normal,medium,1
17,1170,Fox Terrier glatthaar / Fox Terrier drahthaar,medium,1
17,1170,Fox Terrier glatthaar / Jack Russell Terrier,medium,2
17,1170,Fox Terrier glatthaar / Mischling,medium,2
17,1170,Francais tricolore,large,2
17,1170,Französische Bulldogge,medium,25
17,1170,Französische Bulldogge / Cavalier King Charles Spaniel,medium,1
17,1170,Französische Bulldogge / Mischling,medium,1
17,1170,Galgo Espanol,medium,1
17,1170,Golden Retriever,large,35
17,1170,Golden Retriever / Beagle,large,1
17,1170,Golden Retriever / Berner Sennenhund,large,1
17,1170,Golden Retriever / Border Collie,large,1
17,1170,Golden Retriever / Collie Langhaar (Rough),large,1
17,1170,Golden Retriever / Grosspudel Apricot,large,4
17,1170,Golden Retriever / Kleinpudel Falb,large,1
17,1170,Golden Retriever / Labrador Retriever,large,1
17,1170,Golden Retriever / Langhaar Dachshund Normal,large,1
17,1170,Golden Retriever / Mischling,large,7
17,1170,Golden Retriever / Pudel,large,2
17,1170,Golden Retriever / Zwergpudel Apricot,large,1
17,1170,Greyhound,medium,4
17,1170,Greyhound / Mischling,medium,1
17,1170,Groenendael,large,2
17,1170,Grosser Münsterländer,large,3
17,1170,Grosser Münsterländer / Mischling,large,1
17,1170,Grosspudel Apricot,large,1
17,1170,Grosspudel Apricot / Berner Sennenhund,large,1
17,1170,Grosspudel Schwarz,large,1
17,1170,Grosspudel Schwarz / Golden Retriever,large,1
17,1170,Havaneser,small,24
17,1170,Havaneser / Cockerpoo,medium,1
17,1170,Havaneser / Dackel,small,1
17,1170,Havaneser / Kleinpudel Schwarz,medium,1
17,1170,Havaneser / Malteser,small,1
17,1170,Havaneser / Mischling,small,5
17,1170,Havaneser / Pudelpointer,medium,1
17,1170,Hellinikos Ichnilatis,medium,1
17,1170,Holländischer Schäferhund Kurzhaar,large,1
17,1170,Hovawart,large,1
17,1170,Hovawart / Gordon Setter,large,1
17,1170,Irish Red Setter,medium,1
17,1170,Irish Red Setter / Grosspudel Apricot,large,1
17,1170,Irish Red and White Setter,medium,2
17,1170,Irish Red and White Setter / Jack Russell Terrier,medium,1
17,1170,Irish Soft Coated Wheaten Terrier,medium,3
17,1170,Irish Soft Coated Wheaten Terrier / Mischling,medium,1
17,1170,Irish Terrier,medium,2
17,1170,Istrianer Bracke Kurzhaar (Kratkodlaki Gonic) / Mischling,medium,1
17,1170,Italienisches Windspiel,small,2
17,1170,Italienisches Windspiel / Thai Ridgeback Dog,medium,1
17,1170,Jack Russell Terrier,medium,20
17,1170,Jack Russell Terrier / Dalmatiner,medium,1
17,1170,Jack Russell Terrier / Klein- oder Mittelpudel,medium,1
17,1170,Jack Russell Terrier / Kurzhaar Dachshund Kaninchen,medium,1
17,1170,Jack Russell Terrier / Malteser,medium,1
17,1170,Jack Russell Terrier / Mischling,medium,13
17,1170,Jack Russell Terrier / Schnauzer schwarz,medium,1
17,1170,Jagdterrier,medium,1
17,1170,Jagdterrier / Mischling,medium,2
17,1170,Japanischer Spitz,medium,2
17,1170,Klein- oder Mittelpudel,medium,2
17,1170,Klein- oder Mittelpudel / Mischling,medium,1
17,1170,Klein- oder Mittelpudel / Welsh Terrier,medium,1
17,1170,Kleiner Münsterländer,medium,3
17,1170,Kleiner Münsterländer / Mischling,medium,2
17,1170,Kleinpudel Apricot,medium,2
17,1170,Kleinpudel Braun,medium,1
17,1170,Kleinpudel Braun / American Cocker Spaniel,medium,1
17,1170,Kleinpudel Schwarz,medium,1
17,1170,Kleinpudel Weiss,medium,1
17,1170,Kleinspitz Braun/Schwarz,medium,1
17,1170,Kooikerhondje,medium,3
17,1170,Kurzhaar Dachshund Kaninchen / Jack Russell Terrier,medium,1
17,1170,Kurzhaar Dachshund Kaninchen / Mischling,small,1
17,1170,Kurzhaar Dachshund Normal,small,4
17,1170,Kurzhaar Dachshund Normal / Jack Russell Terrier,medium,1
17,1170,Kurzhaar Dachshund Normal / Labrador Retriever,large,1
17,1170,Kurzhaar Dachshund Normal / Mischling,small,4
17,1170,Kurzhaar Dachshund Normal / Welsh Corgi Pembroke,medium,1
17,1170,Kurzhaar Dachshund Zwerg,small,6
17,1170,Labradoodle,medium,1
17,1170,Labrador Retriever,large,63
17,1170,Labrador Retriever / American Foxhound,large,1
17,1170,Labrador Retriever / American Staffordshire Terrier,large,1
17,1170,Labrador Retriever / Basset Hound,large,1
17,1170,Labrador Retriever / Border Terrier,large,1
17,1170,Labrador Retriever / Deutsch Kurzhaar,large,1
17,1170,Labrador Retriever / Deutscher Schäferhund,large,2
17,1170,Labrador Retriever / Flat-Coated Retriever,large,1
17,1170,Labrador Retriever / Golden Retriever,large,2
17,1170,Labrador Retriever / Grosspudel Apricot,large,1
17,1170,Labrador Retriever / Grosspudel Schwarz,large,1
17,1170,Labrador Retriever / Grosspudel Weiss,large,1
17,1170,Labrador Retriever / Kleinpudel Apricot,large,1
17,1170,Labrador Retriever / Kleinpudel Weiss,large,1
17,1170,Labrador Retriever / Magyar Vizsla Drahthaar,large,1
17,1170,Labrador Retriever / Mischling,large,26
17,1170,Labrador Retriever / Norsk Buhund,large,1
17,1170,Labrador Retriever / Pudel,large,1
17,1170,Labrador Retriever / Sloughi,large,1
17,1170,Labrador Retriever / Zwergpudel Braun,large,1
17,1170,Lagotto romagnolo,medium,18
17,1170,Lagotto romagnolo / English Cocker Spaniel einfärbig,medium,1
17,1170,Lagotto romagnolo / English Cocker Spaniel mehrfärbig,medium,1
17,1170,Lancashire Heeler / Mischling,small,1
17,1170,Landseer,large,1
17,1170,Langhaar Dachshund Kaninchen / Mischling,small,1
17,1170,Langhaar Dachshund Normal / Welsh Corgi Cardigan,medium,1
17,1170,Langhaar Dachshund Zwerg,small,1
17,1170,Magyar Vizsla Drahthaar,medium,5
17,1170,Magyar Vizsla Drahthaar / Galgo Espanol,medium,1
17,1170,Magyar Vizsla Drahthaar / Mischling,medium,1
17,1170,Malinois / Labrador Retriever,large,1
17,1170,Malinois / Mischling,medium,1
17,1170,Malteser,small,61
17,1170,Malteser / Bichon frise,small,1
17,1170,Malteser / Kleinpudel Braun,medium,1
17,1170,Malteser / Lhasa Apso,small,1
17,1170,Malteser / Malteser,small,1
17,1170,Malteser / Mischling,small,7
17,1170,Malteser / Pudel,medium,2
17,1170,Malteser / Pumi,medium,1
17,1170,Malteser / Toypudel Apricot,medium,2
17,1170,Malteser / Toypudel Braun,medium,1
17,1170,Malteser / Yorkshire Terrier,small,1
17,1170,Malteser / Zwergpudel Apricot,medium,1
17,1170,Manchester Terrier / Mischling,medium,1
17,1170,Mastino Napoletano / Berner Sennenhund,large,1
17,1170,Miniatur Bull Terrier,medium,1
17,1170,Mittelspitz Braun/Schwarz,medium,1
17,1170,Mittelspitz Braun/Schwarz / Border Collie,medium,1
17,1170,Mittelspitz Braun/Schwarz / Klein- oder Mittelpudel,medium,1
17,1170,Mittelspitz Braun/Schwarz / Mischling,medium,1
17,1170,Mops (Carlin),small,13
17,1170,Mops (Carlin) / Deutscher Pinscher,medium,1
17,1170,Mops (Carlin) / Parson Russell Terrier,medium,1
17,1170,Mops (Carlin) / Pekingese,small,1
17,1170,Mudi,medium,1
17,1170,Mudi / Australian Kelpie,medium,1
17,1170,Mudi / Chihuahua Kurzhaar,medium,1
17,1170,Mudi / Flat-Coated Retriever,large,1
17,1170,Mudi / Mischling,medium,1
17,1170,Neufundländer,large,1
17,1170,Norfolk Terrier,small,2
17,1170,Norfolk Terrier / Rauhhaar Dachshund Normal,small,1
17,1170,Olde English Bulldogge,large,1
17,1170,Papillon,small,4
17,1170,Parson Russell Terrier,medium,6
17,1170,Parson Russell Terrier / Jack Russell Terrier,medium,1
17,1170,Parson Russell Terrier / Mischling,medium,1
17,1170,Pekingese,small,3
17,1170,Pekingese / Cavalier King Charles Spaniel,small,1
17,1170,Pekingese / Malinois,medium,1
17,1170,Pekingese / Mischling,small,6
17,1170,Perro de agua Espanol,medium,2
17,1170,Pinscher,medium,4
17,1170,Pinscher / Deutsch Kurzhaar,medium,1
17,1170,Pinscher / Fox Terrier glatthaar,medium,1
17,1170,Pinscher / Labrador Retriever,large,1
17,1170,Pinscher / Langhaar Dachshund Normal,medium,1
17,1170,Pinscher / Mischling,medium,2
17,1170,Pinscher / Srpski Gonic,medium,1
17,1170,Pit Bull Terrier,large,9
17,1170,Pit Bull Terrier / Mischling,large,1
17,1170,Podenco Ibicenco Kurzhaar,medium,1
17,1170,Podengo Portugues Kurzhaar Medio,medium,2
17,1170,Podengo Portugues Kurzhaar Medio / Mischling,medium,1
17,1170,Podengo Portugues Rauhhaar Medio,medium,1
17,1170,Podengo Portugues Rauhhaar Medio / Labrador Retriever,large,1
17,1170,Pudel,medium,5
17,1170,Pudel / Mischling,medium,1
17,1170,Puli andersfarbig,medium,2
17,1170,Puli andersfarbig / Mischling,medium,1
17,1170,Pumi / Mischling,medium,4
17,1170,Rauhhaar Dachshund Kaninchen,small,1
17,1170,Rauhhaar Dachshund Normal,small,4
17,1170,Rauhhaar Dachshund Normal / Berner Sennenhund,large,1
17,1170,Rauhhaar Dachshund Zwerg,small,4
17,1170,Rauhhaar Dachshund Zwerg / Schnauzer pfeffersalz,medium,1
17,1170,Rhodesian Ridgeback,large,3
17,1170,Riesenschnauzer pfeffer-salz,large,1
17,1170,Riesenschnauzer pfeffer-salz / Mischling,large,1
17,1170,Riesenschnauzer schwarz / Deutsch Drahthaar,large,1
17,1170,Rottweiler,large,6
17,1170,Saluki,large,1
17,1170,Samojede,large,1
17,1170,Samojede / Mischling,large,1
17,1170,Sarplaninac / Deutscher Schäferhund,large,1
17,1170,Schnauzer pfeffersalz,medium,1
17,1170,Schnauzer pfeffersalz / Border Collie,medium,1
17,1170,Schnauzer pfeffersalz / Mischling,medium,5
17,1170,Schnauzer schwarz / Mischling,medium,1
17,1170,Schnauzer schwarz / Zwergschnauzer schwarz,medium,1
17,1170,Shar Pei / Mischling,medium,1
17,1170,Shetland Sheepdog,medium,8
17,1170,Shetland Sheepdog / Welsh Corgi Pembroke,medium,1
17,1170,Shiba,medium,7
17,1170,Shih Tzu,small,14
17,1170,Shih Tzu / Malteser,small,1
17,1170,Shikoku,medium,1
17,1170,Siberian Husky,large,13
17,1170,Siberian Husky / Australian Shepherd,large,1
17,1170,Siberian Husky / Deutscher Schäferhund,large,1
17,1170,Slovensky Kopov / Beagle,medium,1
17,1170,Slovensky Kopov / Mischling,medium,1
17,1170,Spinone Italiano,large,1
17,1170,Spitz,medium,3
17,1170,Spitz / Australian Shepherd,medium,1
17,1170,Spitz / Mischling,medium,1
17,1170,Spitz / Norsk Lundehund,medium,1
17,1170,Staffordshire Bullterrier,medium,6
17,1170,Staffordshire Bullterrier / Mischling,medium,1
17,1170,Thai Ridgeback Dog,medium,2
17,1170,Tibetan Terrier,medium,5
17,1170,Tiroler Bracke / Alpenländische Dachsbracke,medium,1
17,1170,Toypudel Apricot,medium,4
17,1170,Toypudel Apricot / Mischling,medium,1
17,1170,Toypudel Apricot / Yorkshire Terrier,medium,1
17,1170,Toypudel Grau,medium,1
17,1170,Toypudel Rot,medium,1
17,1170,Toypudel Schwarz,medium,1
17,1170,Unbekannt,unknown,42
17,1170,Unbekannt / Mischling,unknown,132
17,1170,Weimaraner Kurzhaar,large,2
17,1170,Weimaraner Langhaar,large,1
17,1170,Welsh Corgi Pembroke,medium,2
17,1170,Welsh Corgi Pembroke / Mischling,medium,1
17,1170,Welsh Terrier,medium,1
17,1170,West Highland White Terrier,small,3
17,1170,Westfälische Dachsbracke,medium,1
17,1170,Whippet,medium,14
17,1170,Whippet / Galgo Espanol,medium,1
17,1170,Wolfspitz,large,3
17,1170,Xoloitzcuintle Grande,large,2
17,1170,Xoloitzcuintle Miniatura,small,1
17,1170,Yorkshire Terrier,small,26
17,1170,Yorkshire Terrier / Mischling,small,6
17,1170,Yorkshire Terrier / West Highland White Terrier,small,1
17,1170,Zwergpinscher,medium,8
17,1170,Zwergpinscher / Mischling,medium,4
17,1170,Zwergpudel Apricot,medium,15
17,1170,Zwergpudel Apricot / Malteser,medium,1
17,1170,Zwergpudel Apricot / Mischling,medium,1
17,1170,Zwergpudel Braun,medium,1
17,1170,Zwergpudel Falb,medium,1
17,1170,Zwergpudel Grau,medium,1
17,1170,Zwergpudel Rot,medium,1
17,1170,Zwergpudel Schwarz / Australian Shepherd,medium,1
17,1170,Zwergpudel Schwarz / Mischling,medium,1
17,1170,Zwergpudel Weiss,medium,2
17,1170,Zwergpudel Weiss / Havaneser,medium,1
17,1170,Zwergpudel schwarz aus Mehrfarben,medium,2
17,1170,Zwergschnauzer pfeffer-salz,medium,5
17,1170,Zwergschnauzer schwarz,medium,2
17,1170,Zwergschnauzer schwarz-silber / Mischling,medium,1
17,1170,Zwergschnauzer weiss,medium,1
17,1170,Zwergspitz (Pomeranian),medium,26
17,1170,Zwergspitz (Pomeranian) / Affenpinscher,medium,1
17,1170,Zwergspitz (Pomeranian) / Chihuahua Langhaar,medium,3
17,1170,Zwergspitz (Pomeranian) / Mischling,medium,1
17,1170,Zwergspitz (Pomeranian) / Zwergpudel Apricot,medium,1
17,1170,Österreichischer Pinscher,medium,1
17,1170,Österreichischer Pinscher / Deutsche Bracke,medium,1
17,1170,Österreichischer Pinscher / Deutscher Pinscher,medium,1
17,1170,Österreichischer Pinscher / Labrador Retriever,large,1
17,1170,Österreichischer Pinscher / Mischling,medium,6
17,1170,Österreichischer Pinscher / Whippet,medium,1
18,1180,Affenpinscher,medium,1
18,1180,Affenpinscher / Mischling,medium,1
18,1180,Afghanischer Windhund,large,1
18,1180,Airedale Terrier,medium,3
18,1180,Akita,large,5
18,1180,Alaskan Malamute / Belgischer Schäferhund,large,1
18,1180,Alpenländische Dachsbracke / Mischling,medium,2
18,1180,American Akita,large,1
18,1180,American Cocker Spaniel,medium,3
18,1180,American Cocker Spaniel / Klein- oder Mittelpudel,medium,1
18,1180,American Cocker Spaniel / Mischling,medium,1
18,1180,American Cocker Spaniel / Zwergpudel Apricot,medium,2
18,1180,American Hairless Terrier,small,1
18,1180,American Staffordshire Terrier,large,16
18,1180,American Staffordshire Terrier / Mischling,large,2
18,1180,American Staffordshire Terrier / Staffordshire Bullterrier,large,1
18,1180,Appenzeller Gebirgsschweisshund / Mischling,large,1
18,1180,Appenzeller Sennenhund,large,1
18,1180,Appenzeller Sennenhund / Mischling,large,2
18,1180,Australian Cattledog,medium,1
18,1180,Australian Kelpie / Mischling,medium,1
18,1180,Australian Shepherd,medium,14
18,1180,Australian Shepherd / Border Collie,medium,1
18,1180,Australian Shepherd / Dalmatiner,medium,1
18,1180,Australian Shepherd / English Cocker Spaniel mehrfärbig,medium,1
18,1180,Australian Shepherd / Labrador Retriever,large,2
18,1180,Australian Silky Terrier / Yorkshire Terrier,small,1
18,1180,Barbet,medium,2
18,1180,Barsoi,large,2
18,1180,Basset Hound,medium,1
18,1180,Bayrischer Gebirgsschweisshund,medium,3
18,1180,Bayrischer Gebirgsschweisshund / Braque Saint-Germain,large,1
18,1180,Bayrischer Gebirgsschweisshund / Mischling,medium,1
18,1180,Beagle,medium,22
18,1180,Beagle / Labrador Retriever,large,1
18,1180,Beagle / Mischling,medium,2
18,1180,Beagle / Shetland Sheepdog,medium,1
18,1180,Beagle / Siberian Husky,large,1
18,1180,Bearded Collie,medium,4
18,1180,Bearded Collie / Border Collie,medium,1
18,1180,Bedlington Terrier,medium,1
18,1180,Belgischer Schäferhund,large,2
18,1180,Belgischer Schäferhund / Collie Kurzhaar (Smooth),large,1
18,1180,Belgischer Schäferhund / Mischling,large,3
18,1180,Berger Blanc Suisse,large,3
18,1180,Berger de Brie (Briard) / Mischling,large,1
18,1180,Berner Sennenhund,large,10
18,1180,Berner Sennenhund / Hovawart,large,1
18,1180,Berner Sennenhund / Mischling,large,2
18,1180,Bichon frise,small,7
18,1180,Bichon frise / Malteser,small,1
18,1180,Biewer Terrier / Yorkshire Terrier,small,1
18,1180,Bolonka Zwetna,small,3
18,1180,Border Collie,medium,17
18,1180,Border Collie / Golden Retriever,large,2
18,1180,Border Collie / Langhaar Dachshund Normal,medium,1
18,1180,Border Collie / Mischling,medium,5
18,1180,Border Collie / Mittelspitz Braun/Schwarz,medium,1
18,1180,Border Collie / Stabyhoun,medium,1
18,1180,Border Collie / Whippet,medium,1
18,1180,Border Collie / Zwergspitz (Pomeranian),medium,1
18,1180,Border Terrier,medium,3
18,1180,Boston Terrier,medium,6
18,1180,Boston Terrier / Französische Bulldogge,medium,1
18,1180,Bracco Italiano,large,2
18,1180,Bracco Italiano / Istrianer Bracke Rauhhaar (Ostrodlaki Goni,large,1
18,1180,Bracke,medium,1
18,1180,Bracke / Deutscher Pinscher,medium,1
18,1180,Bracke / Mischling,medium,1
18,1180,Brandlbracke,medium,1
18,1180,Brandlbracke / Mischling,medium,1
18,1180,Braque de l'Ariege / Dalmatiner,large,1
18,1180,Bulldog,medium,3
18,1180,Bulldog / Mischling,medium,1
18,1180,Bullmastiff / Rhodesian Ridgeback,large,1
18,1180,Cairn Terrier,small,2
18,1180,Cane Corso Italiano,large,2
18,1180,Cao de Agua Portugues (Portug. Wasserhund),large,15
18,1180,Cao de Agua Portugues (Portug. Wasserhund) / Mischling,large,2
18,1180,Cavalier King Charles Spaniel,small,7
18,1180,Cavalier King Charles Spaniel / Poitevin,large,1
18,1180,Cavalier King Charles Spaniel / Zwergpudel Apricot,medium,1
18,1180,Cesky Fousek,medium,1
18,1180,Chihuahua Kurzhaar,small,29
18,1180,Chihuahua Kurzhaar / Mischling,small,5
18,1180,Chihuahua Kurzhaar / Pinscher,medium,1
18,1180,Chihuahua Kurzhaar / Zwergspitz (Pomeranian),medium,1
18,1180,Chihuahua Kurzhaar / Österreichischer Pinscher,medium,1
18,1180,Chihuahua Langhaar,small,11
18,1180,Chihuahua Langhaar / Cavalier King Charles Spaniel,small,1
18,1180,Chihuahua Langhaar / Malteser,small,1
18,1180,Chihuahua Langhaar / Papillon,small,1
18,1180,Chihuahua Langhaar / West Highland White Terrier,small,1
18,1180,Chinese Crested Dog powderpuff,small,2
18,1180,Chow-Chow,large,2
18,1180,Chow-Chow / Mischling,large,1
18,1180,Ciobanesc Romanesc Mioritic / Border Collie,large,1
18,1180,Clumber Spaniel,medium,1
18,1180,Coban Köpegi (Anatolischer Hirtenhund),large,2
18,1180,Cockerpoo,medium,7
18,1180,Collie Kurzhaar (Smooth),medium,2
18,1180,Collie Kurzhaar (Smooth) / Fox Terrier drahthaar,medium,1
18,1180,Collie Langhaar (Rough),medium,1
18,1180,Collie Langhaar (Rough) / Mischling,medium,2
18,1180,Curly-Coated Retriever / Labrador Retriever,large,1
18,1180,Dackel,small,17
18,1180,Dackel / Chihuahua Kurzhaar,small,1
18,1180,Dackel / Mischling,small,8
18,1180,Dackel / Zwergpinscher,medium,1
18,1180,Dalmatiner / Mischling,medium,1
18,1180,Dansk-Svensk Gardshund,medium,1
18,1180,Deutsch Drahthaar,medium,1
18,1180,Deutsch Drahthaar / Mischling,medium,1
18,1180,Deutsch Drahthaar / Yorkshire Terrier,medium,1
18,1180,Deutsch Kurzhaar,medium,3
18,1180,Deutsch Kurzhaar / Berner Sennenhund,large,1
18,1180,Deutsche Dogge blau,large,3
18,1180,Deutscher Boxer gelb,large,4
18,1180,Deutscher Jagdterrier / Dalmatiner,medium,1
18,1180,Deutscher Pinscher,medium,1
18,1180,Deutscher Pinscher / Mischling,medium,4
18,1180,Deutscher Pinscher / Schnauzer pfeffersalz,medium,1
18,1180,Deutscher Schäferhund,large,16
18,1180,Deutscher Schäferhund / Basset Hound,large,2
18,1180,Deutscher Schäferhund / Collie Langhaar (Rough),large,1
18,1180,Deutscher Schäferhund / Labrador Retriever,large,2
18,1180,Deutscher Schäferhund / Mischling,large,8
18,1180,Deutscher Schäferhund / Siberian Husky,large,1
18,1180,Deutscher Schäferhund Langstockhaar,large,3
18,1180,Deutscher Schäferhund Langstockhaar / Flat-Coated Retriever,large,1
18,1180,Deutscher Schäferhund Langstockhaar / Kurzhaar Dachshund Kan,large,1
18,1180,Deutscher Spitz,medium,4
18,1180,Dobermann braun-rot / Mischling,large,1
18,1180,Dobermann schwarz-rot,large,1
18,1180,Dogo Argentino / American Staffordshire Terrier,large,1
18,1180,Elo,medium,2
18,1180,English Cocker Spaniel einfärbig,medium,8
18,1180,English Cocker Spaniel einfärbig / Grosspudel Apricot,large,1
18,1180,English Cocker Spaniel einfärbig / Labrador Retriever,large,1
18,1180,English Cocker Spaniel einfärbig / Mischling,medium,3
18,1180,English Cocker Spaniel einfärbig / Pudelpointer,medium,1
18,1180,English Cocker Spaniel mehrfärbig,medium,10
18,1180,English Cocker Spaniel mehrfärbig / Labradoodle,medium,1
18,1180,English Cocker Spaniel mehrfärbig / Mischling,medium,2
18,1180,English Cocker Spaniel mehrfärbig / Mittelspitz Braun/Schwar,medium,1
18,1180,English Cocker Spaniel mehrfärbig / Zwergpudel Falb,medium,1
18,1180,English Pointer,medium,2
18,1180,English Setter,medium,4
18,1180,English Setter / Mischling,medium,1
18,1180,English Springer Spaniel,medium,2
18,1180,English Springer Spaniel / Flat-Coated Retriever,large,1
18,1180,Entlebucher Sennenhund,medium,2
18,1180,Entlebucher Sennenhund / Appenzeller Sennenhund,large,1
18,1180,Epagneul breton,medium,1
18,1180,Eurasier,medium,3
18,1180,Eurasier / Chow-Chow,large,1
18,1180,Eurasier / Old English Sheepdog (Bobtail),large,1
18,1180,Finnischer Lapphund (Suomen Lapinkoira),medium,1
18,1180,Flat-Coated Retriever,large,8
18,1180,Flat-Coated Retriever / Mischling,large,1
18,1180,Fox Terrier drahthaar,medium,1
18,1180,Fox Terrier drahthaar / Mischling,medium,1
18,1180,Fox Terrier drahthaar / Schnauzer pfeffersalz,medium,2
18,1180,Fox Terrier glatthaar,medium,1
18,1180,Fox Terrier glatthaar / Mischling,medium,2
18,1180,Französische Bulldogge,medium,14
18,1180,Französische Bulldogge / Mischling,medium,1
18,1180,Galgo Espanol,medium,3
18,1180,Golden Retriever,large,51
18,1180,Golden Retriever / Australian Shepherd,large,1
18,1180,Golden Retriever / Dalmatiner,large,1
18,1180,Golden Retriever / Deutscher Jagdterrier,large,1
18,1180,Golden Retriever / Deutscher Schäferhund,large,1
18,1180,Golden Retriever / Galgo Espanol,large,1
18,1180,Golden Retriever / Golden Retriever,large,1
18,1180,Golden Retriever / Grosser Schweizer Sennenhund,large,1
18,1180,Golden Retriever / Grosspudel Apricot,large,2
18,1180,Golden Retriever / Grosspudel Rot,large,1
18,1180,Golden Retriever / Grosspudel Weiss,large,3
18,1180,Golden Retriever / Klein- oder Mittelpudel,large,1
18,1180,Golden Retriever / Kleinpudel Braun,large,1
18,1180,Golden Retriever / Labradoodle,large,1
18,1180,Golden Retriever / Labrador Retriever,large,3
18,1180,Golden Retriever / Mischling,large,11
18,1180,Golden Retriever / Pudelpointer,large,1
18,1180,Gos d'Atura Catala / Labrador Retriever,large,1
18,1180,Grand Basset griffon vendeen,medium,1
18,1180,Grand gascon saintongeois / Magyar Vizsla Drahthaar,large,1
18,1180,Greyhound,medium,2
18,1180,Greyhound / Mischling,medium,2
18,1180,Grosser Münsterländer / Mischling,large,1
18,1180,Grosser Schweizer Sennenhund,large,1
18,1180,Grosspudel Apricot,large,1
18,1180,Grosspudel Weiss / Golden Retriever,large,1
18,1180,Grosspudel falb aus Mehrfarben,large,1
18,1180,Havaneser,small,26
18,1180,Havaneser / Bichon frise,small,1
18,1180,Havaneser / Klein- oder Mittelpudel,medium,1
18,1180,Havaneser / Malteser,small,1
18,1180,Havaneser / Mehrfarbenpudel schwarz-weiß,medium,1
18,1180,Havaneser / Mischling,small,7
18,1180,Havaneser / Pudel,medium,2
18,1180,Havaneser / Pudelpointer,medium,1
18,1180,Havaneser / Zwergpudel Apricot,medium,1
18,1180,Havaneser / Zwergpudel schwarz aus Mehrfarben,medium,1
18,1180,Hollandse Smoushond / Mischling,medium,1
18,1180,Holländischer Schäferhund Kurzhaar,large,2
18,1180,Holländischer Schäferhund Kurzhaar / Border Collie,large,1
18,1180,Hovawart,large,5
18,1180,Hovawart / Labrador Retriever,large,1
18,1180,Hrvatski Ovcar / Mittelspitz Braun/Schwarz,medium,1
18,1180,Irish Red Setter,medium,2
18,1180,Irish Red and White Setter,medium,1
18,1180,Irish Red and White Setter / Grosspudel Apricot,large,1
18,1180,Irish Soft Coated Wheaten Terrier,medium,1
18,1180,Irish Terrier,medium,5
18,1180,Islandhund / Mischling,medium,1
18,1180,Istrianer Bracke Kurzhaar (Kratkodlaki Gonic) / Mischling,medium,1
18,1180,Istrianer Bracke Rauhhaar (Ostrodlaki Gonic) / Mischling,medium,1
18,1180,Italienisches Windspiel,small,3
18,1180,Italienisches Windspiel / Jack Russell Terrier,medium,1
18,1180,Jack Russell Terrier,medium,20
18,1180,Jack Russell Terrier / Beagle Harrier,medium,1
18,1180,Jack Russell Terrier / Chihuahua Kurzhaar,medium,1
18,1180,Jack Russell Terrier / Dackel,medium,1
18,1180,Jack Russell Terrier / Französische Bulldogge,medium,1
18,1180,Jack Russell Terrier / Kurzhaar Dachshund Normal,medium,1
18,1180,Jack Russell Terrier / Mischling,medium,7
18,1180,Jack Russell Terrier / Parson Russell Terrier,medium,1
18,1180,Jack Russell Terrier / Pekingese,medium,1
18,1180,Jagdterrier,medium,1
18,1180,Jagdterrier / Mischling,medium,2
18,1180,Japanischer Spitz,medium,1
18,1180,Kaukasischer Ovtcharka / Mischling,large,1
18,1180,King Charles Spaniel,small,3
18,1180,Klein- oder Mittelpudel,medium,5
18,1180,Klein- oder Mittelpudel / Malteser,medium,1
18,1180,Kleiner Münsterländer,medium,7
18,1180,Kleiner Münsterländer / Mischling,medium,1
18,1180,Kleinpudel Apricot,medium,3
18,1180,Kleinpudel Apricot / Zwergschnauzer weiss,medium,1
18,1180,Kleinpudel Braun / Malteser,medium,1
18,1180,Kleinpudel Falb,medium,2
18,1180,Kleinpudel Schwarz,medium,3
18,1180,Kleinspitz Neufarben,medium,1
18,1180,Kooikerhondje,medium,2
18,1180,Kurzhaar Dachshund Kaninchen,small,5
18,1180,Kurzhaar Dachshund Kaninchen / Mischling,small,1
18,1180,Kurzhaar Dachshund Kaninchen / Zwergpinscher,medium,1
18,1180,Kurzhaar Dachshund Normal,small,10
18,1180,Kurzhaar Dachshund Normal / Jack Russell Terrier,medium,1
18,1180,Kurzhaar Dachshund Normal / Mischling,small,3
18,1180,Kurzhaar Dachshund Normal / Tiroler Bracke,medium,1
18,1180,Kurzhaar Dachshund Zwerg,small,5
18,1180,Kurzhaar Dachshund Zwerg / Mischling,small,1
18,1180,Kuvasz / Mischling,large,1
18,1180,Labradoodle,medium,3
18,1180,Labrador Retriever,large,82
18,1180,Labrador Retriever / American Cocker Spaniel,large,1
18,1180,Labrador Retriever / Australian Shepherd,large,1
18,1180,Labrador Retriever / Beagle,large,2
18,1180,Labrador Retriever / Berner Laufhund,large,1
18,1180,Labrador Retriever / Berner Sennenhund,large,1
18,1180,Labrador Retriever / Border Collie,large,1
18,1180,Labrador Retriever / Collie Kurzhaar (Smooth),large,2
18,1180,Labrador Retriever / Deutsch Drahthaar,large,1
18,1180,Labrador Retriever / Deutscher Pinscher,large,1
18,1180,Labrador Retriever / English Springer Spaniel,large,1
18,1180,Labrador Retriever / Flat-Coated Retriever,large,1
18,1180,Labrador Retriever / Golden Retriever,large,2
18,1180,Labrador Retriever / Grosspudel Apricot,large,1
18,1180,Labrador Retriever / Grosspudel Braun,large,1
18,1180,Labrador Retriever / Grosspudel Grau,large,1
18,1180,Labrador Retriever / Kleinpudel Weiss,large,1
18,1180,Labrador Retriever / Magyar Vizsla Drahthaar,large,1
18,1180,Labrador Retriever / Magyar Vizsla Kurzhaar,large,1
18,1180,Labrador Retriever / Mischling,large,31
18,1180,Labrador Retriever / Parson Russell Terrier,large,1
18,1180,Labrador Retriever / Pudel,large,1
18,1180,Labrador Retriever / Rhodesian Ridgeback,large,1
18,1180,Labrador Retriever / Rottweiler,large,1
18,1180,Labrador Retriever / Zwergpudel Braun,large,1
18,1180,Lagotto romagnolo,medium,25
18,1180,Lagotto romagnolo / English Cocker Spaniel einfärbig,medium,1
18,1180,Langhaar Dachshund Kaninchen,small,1
18,1180,Langhaar Dachshund Kaninchen / Kurzhaar Dachshund Kaninchen,small,1
18,1180,Langhaar Dachshund Kaninchen / Mischling,small,1
18,1180,Langhaar Dachshund Normal / King Charles Spaniel,small,1
18,1180,Langhaar Dachshund Normal / Mischling,small,1
18,1180,Langhaar Dachshund Zwerg,small,2
18,1180,Leonberger / Mischling,large,1
18,1180,Lhasa Apso,small,1
18,1180,Magyar Vizsla Drahthaar,medium,17
18,1180,Magyar Vizsla Drahthaar / Labrador Retriever,large,2
18,1180,Magyar Vizsla Drahthaar / Mischling,medium,2
18,1180,Magyar Vizsla Drahthaar / Pit Bull Terrier,large,1
18,1180,Magyar Vizsla Kurzhaar,medium,1
18,1180,Magyar Vizsla Kurzhaar / Hannoverscher Schweisshund,medium,1
18,1180,Magyar Vizsla Kurzhaar / Labrador Retriever,large,1
18,1180,Malinois / Belgischer Schäferhund,large,1
18,1180,Malteser,small,44
18,1180,Malteser / Havaneser,small,2
18,1180,Malteser / Jack Russell Terrier,medium,2
18,1180,Malteser / Kleinpudel Apricot,medium,1
18,1180,Malteser / Kleinpudel Braun,medium,1
18,1180,Malteser / Kleinpudel schwarz aus Mehrfarben,medium,1
18,1180,Malteser / Mischling,small,3
18,1180,Malteser / Pekingese,small,1
18,1180,Malteser / Pudel,medium,5
18,1180,Malteser / Pudelpointer,medium,2
18,1180,Malteser / Toypudel Apricot,medium,1
18,1180,Malteser / Toypudel Falb,medium,1
18,1180,Malteser / Toypudel Weiss,medium,1
18,1180,Malteser / Yorkshire Terrier,small,1
18,1180,Malteser / Zwergpudel Apricot,medium,3
18,1180,Manchester Terrier,medium,1
18,1180,Manchester Terrier / Mischling,medium,1
18,1180,Maremmano - Abruzzese / Beagle,large,1
18,1180,Miniatur Bull Terrier,medium,2
18,1180,Mittelspitz Braun/Schwarz,medium,2
18,1180,Mittelspitz Neufarben / Mischling,medium,1
18,1180,Mops (Carlin),small,11
18,1180,Mops (Carlin) / Pekingese,small,1
18,1180,Mudi,medium,1
18,1180,Mudi / Labrador Retriever,large,1
18,1180,Mudi / Mischling,medium,1
18,1180,Neufundländer,large,1
18,1180,Norfolk Terrier,small,1
18,1180,Nova Scotia Duck Tolling Retriever,medium,1
18,1180,Nova Scotia Duck Tolling Retriever / Mischling,medium,1
18,1180,Papillon,small,3
18,1180,Parson Russell Terrier,medium,11
18,1180,Parson Russell Terrier / Mischling,medium,1
18,1180,Pekingese,small,2
18,1180,Pekingese / Kurzhaar Dachshund Kaninchen,small,1
18,1180,Pekingese / Mischling,small,3
18,1180,Perro de agua Espanol,medium,4
18,1180,Perro dogo mallorquin,large,1
18,1180,Pinscher / Border Collie,medium,1
18,1180,Pinscher / Deutsch Kurzhaar,medium,1
18,1180,Pinscher / Deutscher Jagdterrier,medium,1
18,1180,Pinscher / Italienisches Windspiel,medium,1
18,1180,Pinscher / Mudi,medium,1
18,1180,Pit Bull Terrier,large,1
18,1180,Podenco Canario,medium,1
18,1180,Podenco Canario / Deutscher Schäferhund,large,1
18,1180,Podenco Canario / Labrador Retriever,large,1
18,1180,Podengo Portugues Kurzhaar Medio,medium,1
18,1180,Podengo Portugues Kurzhaar Medio / Mischling,medium,1
18,1180,Podengo Portugues Rauhhaar Medio,medium,1
18,1180,Podengo Portugues Rauhhaar Pequeno,small,1
18,1180,Polski Owczarek Podhalanski / Mischling,large,2
18,1180,Pudel,medium,14
18,1180,Pudel / Mischling,medium,1
18,1180,Pudelpointer,medium,1
18,1180,Puli andersfarbig,medium,1
18,1180,Puli andersfarbig / Deutsch Kurzhaar,medium,1
18,1180,Puli andersfarbig / Mischling,medium,2
18,1180,Puli andersfarbig / Mudi,medium,1
18,1180,Rauhhaar Dachshund Kaninchen,small,1
18,1180,Rauhhaar Dachshund Normal,small,8
18,1180,Rauhhaar Dachshund Normal / Fox Terrier drahthaar,medium,1
18,1180,Rauhhaar Dachshund Normal / Havaneser,small,1
18,1180,Rauhhaar Dachshund Normal / Labrador Retriever,large,1
18,1180,Rauhhaar Dachshund Normal / Mischling,small,1
18,1180,Rauhhaar Dachshund Zwerg,small,15
18,1180,Rauhhaar Dachshund Zwerg / Mischling,small,2
18,1180,Rhodesian Ridgeback,large,6
18,1180,Rhodesian Ridgeback / Mischling,large,1
18,1180,Riesenschnauzer schwarz,large,1
18,1180,Rottweiler,large,1
18,1180,Russkiy Toy Kurzhaar,small,1
18,1180,Saluki,large,4
18,1180,Samojede,large,3
18,1180,Sarplaninac / Mischling,large,1
18,1180,Schnauzer pfeffersalz,medium,1
18,1180,Schnauzer pfeffersalz / Berger de Picardie (Berger Picard),medium,1
18,1180,Schnauzer pfeffersalz / Deutscher Pinscher,medium,1
18,1180,Schnauzer pfeffersalz / Mischling,medium,2
18,1180,Schnauzer schwarz,medium,2
18,1180,Schnauzer schwarz / Mischling,medium,1
18,1180,Schwarzer Terrier / Mischling,large,1
18,1180,Schweizerische Laufhunde,large,1
18,1180,Scottish Terrier,medium,2
18,1180,Shar Pei,medium,1
18,1180,Shar Pei / Chow-Chow,large,1
18,1180,Shar Pei / Französische Bulldogge,medium,2
18,1180,Shar Pei / Mischling,medium,1
18,1180,Shetland Sheepdog,medium,8
18,1180,Shiba,medium,10
18,1180,Shiba / Mischling,medium,2
18,1180,Shih Tzu,small,5
18,1180,Shih Tzu / Mischling,small,1
18,1180,Shih Tzu / Spitz,medium,1
18,1180,Siberian Husky,large,8
18,1180,Siberian Husky / Labrador Retriever,large,1
18,1180,Skye Terrier,small,1
18,1180,Spinone Italiano,large,2
18,1180,Spinone Italiano / Malteser,large,1
18,1180,Spitz / Mischling,medium,1
18,1180,Srpski Gonic / Mischling,medium,1
18,1180,St. Bernhardshund Kurzhaar,large,1
18,1180,Staffordshire Bullterrier,medium,2
18,1180,Staffordshire Bullterrier / Mischling,medium,1
18,1180,Steirische Rauhaarbracke / Mischling,medium,1
18,1180,Terrier Brasileiro / Deutscher Schäferhund,large,1
18,1180,Terrier Brasileiro / Mischling,medium,1
18,1180,Terrier Brasileiro / Pyrenäen Berghund,large,1
18,1180,Tervueren,large,2
18,1180,Tibetan Spaniel,small,1
18,1180,Tibetan Terrier,medium,5
18,1180,Tiroler Bracke,medium,1
18,1180,Tiroler Bracke / Gordon Setter,medium,1
18,1180,Toypudel Apricot,medium,6
18,1180,Toypudel Apricot / American Cocker Spaniel,medium,1
18,1180,Toypudel Apricot / Malteser,medium,2
18,1180,Toypudel Braun,medium,3
18,1180,Toypudel Grau,medium,2
18,1180,Toypudel Rot,medium,1
18,1180,Toypudel Schwarz,medium,2
18,1180,Toypudel Weiss / Malteser,medium,1
18,1180,Unbekannt,unknown,35
18,1180,Unbekannt / Kleiner Münsterländer,medium,1
18,1180,Unbekannt / Mischling,unknown,136
18,1180,Västgötaspets / Mischling,medium,1
18,1180,Weimaraner Kurzhaar,large,5
18,1180,Welsh Corgi Cardigan,medium,1
18,1180,Welsh Corgi Pembroke,medium,6
18,1180,Welsh Corgi Pembroke / Deutscher Schäferhund,large,1
18,1180,Welsh Corgi Pembroke / Rauhhaar Dachshund Zwerg,medium,1
18,1180,Welsh Springer Spaniel / Mischling,medium,1
18,1180,Welsh Terrier,medium,1
18,1180,Welsh Terrier / Dackel,medium,1
18,1180,West Highland White Terrier,small,10
18,1180,West Highland White Terrier / Mudi,medium,1
18,1180,Whippet,medium,7
18,1180,Whippet / Jack Russell Terrier,medium,1
18,1180,Whippet / Magyar Vizsla Kurzhaar,medium,1
18,1180,Whippet / Mischling,medium,3
18,1180,Wolfspitz / Mischling,large,1
18,1180,Xoloitzcuintle Miniatura,small,1
18,1180,Yorkshire Terrier,small,22
18,1180,Yorkshire Terrier / Cairn Terrier,small,1
18,1180,Yorkshire Terrier / Golden Retriever,large,1
18,1180,Yorkshire Terrier / Jack Russell Terrier,medium,1
18,1180,Yorkshire Terrier / Mischling,small,2
18,1180,Yorkshire Terrier / Schnauzer pfeffersalz,medium,1
18,1180,Yorkshire Terrier / Schwarzer Terrier,large,1
18,1180,Zwergpinscher,medium,12
18,1180,Zwergpinscher / Mischling,medium,6
18,1180,Zwergpinscher / Yorkshire Terrier,medium,1
18,1180,Zwergpudel Apricot,medium,25
18,1180,Zwergpudel Apricot / American Cocker Spaniel,medium,2
18,1180,Zwergpudel Apricot / Cavalier King Charles Spaniel,medium,1
18,1180,Zwergpudel Apricot / English Cocker Spaniel einfärbig,medium,1
18,1180,Zwergpudel Apricot / Malteser,medium,1
18,1180,Zwergpudel Apricot / Mischling,medium,1
18,1180,Zwergpudel Braun,medium,4
18,1180,Zwergpudel Braun / Zwergpudel Braun,medium,1
18,1180,Zwergpudel Falb,medium,2
18,1180,Zwergpudel Rot / Cavalier King Charles Spaniel,medium,1
18,1180,Zwergpudel Schwarz,medium,2
18,1180,Zwergpudel Weiss,medium,2
18,1180,Zwergpudel falb aus Mehrfarben,medium,2
18,1180,Zwergpudel schwarz aus Mehrfarben,medium,2
18,1180,Zwergschnauzer pfeffer-salz,medium,4
18,1180,Zwergschnauzer schwarz,medium,2
18,1180,Zwergschnauzer schwarz-silber,medium,2
18,1180,Zwergschnauzer weiss,medium,1
18,1180,Zwergspitz (Pomeranian),medium,19
18,1180,Zwergspitz (Pomeranian) / Malteser,medium,1
18,1180,Zwergspitz (Pomeranian) / Spitz,medium,1
18,1180,Österreichischer Pinscher,medium,5
18,1180,Österreichischer Pinscher / Berner Sennenhund,large,1
18,1180,Österreichischer Pinscher / Dackel,medium,1
18,1180,Österreichischer Pinscher / Srpski Gonic,medium,1
19,1190,Affenpinscher / Afghanischer Windhund,large,1
19,1190,Affenpinscher / Mischling,medium,1
19,1190,Afghanischer Windhund / Mischling,large,1
19,1190,Aidi / Mischling,medium,1
19,1190,Airedale Terrier,medium,7
19,1190,Airedale Terrier / Mischling,medium,1
19,1190,Airedale Terrier / Schnauzer pfeffersalz,medium,1
19,1190,Akita,large,6
19,1190,Alaskan Malamute,large,2
19,1190,Alaskan Malamute / Mischling,large,1
19,1190,Alpenländische Dachsbracke / Jack Russell Terrier,medium,1
19,1190,Alpenländische Dachsbracke / Kaukasischer Ovtcharka,large,1
19,1190,American Akita,large,1
19,1190,American Bully,large,2
19,1190,American Cocker Spaniel,medium,5
19,1190,American Cocker Spaniel / Mischling,medium,1
19,1190,American Cocker Spaniel / Zwergpudel Apricot,medium,4
19,1190,American Cocker Spaniel / Zwergpudel Braun,medium,1
19,1190,American Cocker Spaniel / Zwergpudel Rot,medium,1
19,1190,American Foxhound / Mischling,large,1
19,1190,American Shepherd,medium,1
19,1190,American Shepherd / Zwergpudel Apricot,medium,1
19,1190,American Staffordshire Terrier,large,26
19,1190,American Staffordshire Terrier / Mischling,large,7
19,1190,Appenzeller Sennenhund,large,3
19,1190,Appenzeller Sennenhund / Berner Sennenhund,large,1
19,1190,Australian Cattledog,medium,1
19,1190,Australian Cattledog / Basenji,medium,1
19,1190,Australian Cattledog / Border Collie,medium,1
19,1190,Australian Cattledog / Mischling,medium,1
19,1190,Australian Kelpie,medium,1
19,1190,Australian Kelpie / Beagle,medium,1
19,1190,Australian Kelpie / Mischling,medium,1
19,1190,Australian Shepherd,medium,36
19,1190,Australian Shepherd / Bearded Collie,medium,1
19,1190,Australian Shepherd / Golden Retriever,large,1
19,1190,Australian Shepherd / Grosspudel Rot,large,1
19,1190,Australian Shepherd / Hovawart,large,1
19,1190,Australian Shepherd / Kleinspitz Neufarben,medium,1
19,1190,Australian Shepherd / Labradoodle,medium,1
19,1190,Australian Shepherd / Labrador Retriever,large,1
19,1190,Australian Shepherd / Magyar Vizsla Drahthaar,medium,1
19,1190,Australian Shepherd / Mischling,medium,1
19,1190,Australian Terrier / Labrador Retriever,large,1
19,1190,Barbet,medium,2
19,1190,Barsoi,large,3
19,1190,Basenji,medium,5
19,1190,Basenji / Canaan Dog,medium,1
19,1190,Basenji / Mischling,medium,1
19,1190,Basset Hound,medium,1
19,1190,Basset fauve de Bretagne,medium,1
19,1190,Bayrischer Gebirgsschweisshund,medium,6
19,1190,Bayrischer Gebirgsschweisshund / Bracke,medium,1
19,1190,Beagle,medium,32
19,1190,Beagle / American Foxhound,large,1
19,1190,Beagle / Border Collie,medium,1
19,1190,Beagle / Deutscher Schäferhund,large,1
19,1190,Beagle / Fox Terrier drahthaar,medium,1
19,1190,Beagle / Grand Basset griffon vendeen,medium,1
19,1190,Beagle / Jack Russell Terrier,medium,2
19,1190,Beagle / Labrador Retriever,large,1
19,1190,Beagle / Mischling,medium,10
19,1190,Beagle / Västgötaspets,medium,1
19,1190,Bearded Collie,medium,5
19,1190,Bearded Collie / Mischling,medium,1
19,1190,Bedlington Terrier / Mischling,medium,1
19,1190,Belgischer Schäferhund,large,1
19,1190,Belgischer Schäferhund / Mischling,large,5
19,1190,Belgischer Schäferhund / Russisch-Europäischer Laika,large,1
19,1190,Belgischer Schäferhund / Tervueren,large,1
19,1190,Berger Blanc Suisse,large,17
19,1190,Berger de Beauce (Beauceron),large,1
19,1190,Berger de Brie (Briard),large,3
19,1190,Berger de Picardie (Berger Picard) / Mischling,medium,1
19,1190,Berger des Pyrenees a face rase,medium,1
19,1190,Berger des Pyrenees a face rase / Mischling,medium,1
19,1190,Berner Sennenhund,large,7
19,1190,Berner Sennenhund / Brandlbracke,large,1
19,1190,Berner Sennenhund / Grosspudel Apricot,large,1
19,1190,Berner Sennenhund / Grosspudel Braun,large,1
19,1190,Berner Sennenhund / Mehrfarben Grosspudel schwarz weiss,large,1
19,1190,Berner Sennenhund / Mehrfarben Kleinpudel schwarz weiss,large,1
19,1190,Berner Sennenhund / Mehrfarbenpudel schwarz-loh,large,1
19,1190,Berner Sennenhund / Mischling,large,1
19,1190,Berner Sennenhund / Pudelpointer,large,1
19,1190,Berner Sennenhund / Siberian Husky,large,1
19,1190,Bichon frise,small,14
19,1190,Bichon frise / Havaneser,small,3
19,1190,Bichon frise / Mischling,small,3
19,1190,Bichon frise / Toypudel Weiss,medium,1
19,1190,Bichon/Yorkie / Havaneser,small,1
19,1190,Biewer Terrier / Yorkshire Terrier,small,2
19,1190,Bologneser,small,1
19,1190,Bolonka Zwetna,small,11
19,1190,Border Collie,medium,38
19,1190,Border Collie / Australian Shepherd,medium,2
19,1190,Border Collie / Berger de Beauce (Beauceron),large,1
19,1190,Border Collie / Collie Langhaar (Rough),medium,1
19,1190,Border Collie / Deutscher Schäferhund,large,3
19,1190,Border Collie / English Cocker Spaniel mehrfärbig,medium,1
19,1190,Border Collie / English Pointer,medium,1
19,1190,Border Collie / Eurasier,medium,1
19,1190,Border Collie / Fox Terrier drahthaar,medium,1
19,1190,Border Collie / Kaukasischer Ovtcharka,large,1
19,1190,Border Collie / Kleiner Münsterländer,medium,2
19,1190,Border Collie / Labrador Retriever,large,1
19,1190,Border Collie / Mischling,medium,9
19,1190,Border Collie / Mittelspitz Braun/Schwarz,medium,1
19,1190,Border Collie / Mittelspitz Weiss,medium,1
19,1190,Border Collie / Podenco Canario,medium,1
19,1190,Border Collie / Shetland Sheepdog,medium,1
19,1190,Border Collie / Siberian Husky,large,1
19,1190,Border Collie / Tornjak,large,1
19,1190,Border Terrier,medium,4
19,1190,Border Terrier / Malteser,medium,1
19,1190,Border Terrier / Mischling,medium,1
19,1190,Boston Terrier,medium,2
19,1190,Bracco Italiano,large,1
19,1190,Bracke,medium,3
19,1190,Bracke / Dackel,medium,1
19,1190,Bracke / Mischling,medium,2
19,1190,Brandlbracke,medium,1
19,1190,Brandlbracke / Mischling,medium,1
19,1190,Brandlbracke / Pinscher,medium,1
19,1190,Brandlbracke / Rhodesian Ridgeback,large,1
19,1190,Braque francais - Type Pyrenees (Petite) / Bracco Italiano,large,1
19,1190,Bull Terrier (Standard) / Dalmatiner,medium,1
19,1190,Bulldog,medium,8
19,1190,Bulldog / Mischling,medium,1
19,1190,Cairn Terrier,small,1
19,1190,Cairn Terrier / Jack Russell Terrier,medium,1
19,1190,Cairn Terrier / Zwergschnauzer pfeffer-salz,medium,1
19,1190,Canaan Dog,medium,1
19,1190,Cane Corso Italiano,large,4
19,1190,Cao da Serra de Aires / Deutscher Schäferhund,large,1
19,1190,Cao de Agua Portugues (Portug. Wasserhund),large,9
19,1190,Cavalier King Charles Spaniel,small,13
19,1190,Cavalier King Charles Spaniel / Kleinpudel Apricot,medium,2
19,1190,Cavalier King Charles Spaniel / Pudel,medium,4
19,1190,Cavalier King Charles Spaniel / Zwergpudel Apricot,medium,1
19,1190,Cavalier King Charles Spaniel / Zwergpudel Braun,medium,1
19,1190,Chihuahua Kurzhaar,small,68
19,1190,Chihuahua Kurzhaar / Belgischer Schäferhund,large,1
19,1190,Chihuahua Kurzhaar / Border Collie,medium,1
19,1190,Chihuahua Kurzhaar / Französische Bulldogge,medium,1
19,1190,Chihuahua Kurzhaar / Kurzhaar Dachshund Kaninchen,small,1
19,1190,Chihuahua Kurzhaar / Mischling,small,14
19,1190,Chihuahua Kurzhaar / Papillon,small,1
19,1190,Chihuahua Kurzhaar / Pinscher,medium,1
19,1190,Chihuahua Kurzhaar / Spitz,medium,1
19,1190,Chihuahua Langhaar,small,42
19,1190,Chihuahua Langhaar / Mischling,small,6
19,1190,Chihuahua Langhaar / Shetland Sheepdog,medium,1
19,1190,Chihuahua Langhaar / Yorkshire Terrier,small,1
19,1190,Chihuahua Langhaar / Zwergspitz (Pomeranian),medium,1
19,1190,Chinese Crested Dog hairless,small,2
19,1190,Chinese Crested Dog powderpuff,small,10
19,1190,Chow-Chow,large,2
19,1190,Ciobanesc Romanesc Carpatin,large,1
19,1190,Ciobanesc Romanesc de Bucovina / Cane Corso Italiano,large,1
19,1190,Clumber Spaniel,medium,1
19,1190,Coban Köpegi (Anatolischer Hirtenhund),large,1
19,1190,Coban Köpegi (Anatolischer Hirtenhund) / Mischling,large,1
19,1190,Cockerpoo,medium,4
19,1190,Cockerpoo / Mischling,medium,1
19,1190,Collie Kurzhaar (Smooth),medium,1
19,1190,Collie Kurzhaar (Smooth) / Mischling,medium,2
19,1190,Collie Kurzhaar (Smooth) / Siberian Husky,large,1
19,1190,Collie Langhaar (Rough),medium,7
19,1190,Collie Langhaar (Rough) / Deutscher Schäferhund,large,1
19,1190,Collie Langhaar (Rough) / Mischling,medium,4
19,1190,Coton de Tulear,small,5
19,1190,Curly-Coated Retriever,large,1
19,1190,Dackel,small,30
19,1190,Dackel / Beagle,medium,1
19,1190,Dackel / Chihuahua Kurzhaar,small,2
19,1190,Dackel / English Cocker Spaniel mehrfärbig,medium,1
19,1190,Dackel / Havaneser,small,1
19,1190,Dackel / Mischling,small,20
19,1190,Dackel / Rauhhaar Dachshund Zwerg,small,1
19,1190,Dalmatiner,medium,10
19,1190,Dalmatiner / English Setter,medium,1
19,1190,Dalmatiner / Jack Russell Terrier,medium,1
19,1190,Dalmatiner / Samojede,large,1
19,1190,Deutsch Drahthaar,medium,5
19,1190,Deutsch Kurzhaar,medium,4
19,1190,Deutsch Kurzhaar / Deutscher Jagdterrier,medium,1
19,1190,Deutsch Kurzhaar / Kleinpudel Braun,medium,1
19,1190,Deutsch Kurzhaar / Labrador Retriever,large,1
19,1190,Deutsch Langhaar,medium,1
19,1190,Deutsch Langhaar / Labrador Retriever,large,1
19,1190,Deutsch Langhaar / Mischling,medium,1
19,1190,Deutsche Bracke / Mischling,medium,1
19,1190,Deutsche Dogge blau,large,4
19,1190,Deutsche Dogge gefleckt,large,1
19,1190,Deutsche Dogge gestromt,large,1
19,1190,Deutscher Boxer gelb,large,5
19,1190,Deutscher Boxer gelb / Beagle,large,1
19,1190,Deutscher Boxer gestromt,large,1
19,1190,Deutscher Jagdterrier,medium,2
19,1190,Deutscher Jagdterrier / Mischling,medium,2
19,1190,Deutscher Jagdterrier / Rauhhaar Dachshund Normal,medium,1
19,1190,Deutscher Pinscher,medium,1
19,1190,Deutscher Pinscher / Deutscher Schäferhund,large,1
19,1190,Deutscher Pinscher / Labrador Retriever,large,1
19,1190,Deutscher Pinscher / Mischling,medium,2
19,1190,Deutscher Schäferhund,large,25
19,1190,Deutscher Schäferhund / Belgischer Schäferhund,large,3
19,1190,Deutscher Schäferhund / Berner Sennenhund,large,1
19,1190,Deutscher Schäferhund / Black and Tan Coonhound,large,1
19,1190,Deutscher Schäferhund / Collie Langhaar (Rough),large,2
19,1190,Deutscher Schäferhund / Golden Retriever,large,1
19,1190,Deutscher Schäferhund / Labrador Retriever,large,1
19,1190,Deutscher Schäferhund / Magyar Vizsla Kurzhaar,large,1
19,1190,Deutscher Schäferhund / Malinois,large,1
19,1190,Deutscher Schäferhund / Mischling,large,16
19,1190,Deutscher Schäferhund / Pinscher,large,1
19,1190,Deutscher Schäferhund / Shetland Sheepdog,large,1
19,1190,Deutscher Schäferhund / Siberian Husky,large,1
19,1190,Deutscher Schäferhund / Tiroler Bracke,large,1
19,1190,Deutscher Schäferhund / Whippet,large,1
19,1190,Deutscher Schäferhund / Zwergpinscher,large,1
19,1190,Deutscher Schäferhund / Österreichischer Pinscher,large,1
19,1190,Deutscher Schäferhund Langstockhaar,large,2
19,1190,Deutscher Schäferhund Langstockhaar / Labrador Retriever,large,1
19,1190,Deutscher Schäferhund Langstockhaar / Mischling,large,1
19,1190,Deutscher Spitz,medium,6
19,1190,Deutscher Spitz / Kleinspitz Braun/Schwarz,medium,1
19,1190,Deutscher Spitz / Mischling,medium,2
19,1190,Dobermann braun-rot,large,4
19,1190,Dobermann schwarz-rot,large,1
19,1190,Dog de Bordeaux (Bordeauxdogge),large,1
19,1190,Elo,medium,3
19,1190,English Cocker Spaniel einfärbig,medium,12
19,1190,English Cocker Spaniel einfärbig / Grosspudel Apricot,large,1
19,1190,English Cocker Spaniel einfärbig / Grosspudel Weiss,large,1
19,1190,English Cocker Spaniel einfärbig / Irish Red Setter,medium,1
19,1190,English Cocker Spaniel einfärbig / Kleinpudel Apricot,medium,1
19,1190,English Cocker Spaniel einfärbig / Kleinpudel Rot,medium,1
19,1190,English Cocker Spaniel einfärbig / Lagotto romagnolo,medium,1
19,1190,English Cocker Spaniel einfärbig / Mehrfarben Kleinpudel sch,medium,1
19,1190,English Cocker Spaniel einfärbig / Mischling,medium,1
19,1190,English Cocker Spaniel einfärbig / Zwergpudel Apricot,medium,2
19,1190,English Cocker Spaniel einfärbig / Zwergpudel Braun,medium,1
19,1190,English Cocker Spaniel mehrfärbig,medium,16
19,1190,English Cocker Spaniel mehrfärbig / Kleinpudel Apricot,medium,1
19,1190,English Cocker Spaniel mehrfärbig / Mischling,medium,4
19,1190,English Cocker Spaniel mehrfärbig / Pudel,medium,2
19,1190,English Pointer,medium,4
19,1190,English Pointer / Beagle,medium,1
19,1190,English Pointer / Mischling,medium,3
19,1190,English Setter,medium,5
19,1190,English Setter / Border Collie,medium,1
19,1190,English Setter / Schweizerische Laufhunde,large,1
19,1190,English Springer Spaniel,medium,8
19,1190,English Toy Terrier,small,1
19,1190,Entlebucher Sennenhund,medium,2
19,1190,Entlebucher Sennenhund / Mischling,medium,1
19,1190,Epagneul breton,medium,6
19,1190,Epagneul breton / Mischling,medium,4
19,1190,Epagneul picard,medium,1
19,1190,Erdelyi Kopo / Dackel,medium,1
19,1190,Eurasier,medium,5
19,1190,Eurasier / Chow-Chow,large,1
19,1190,Field Spaniel,medium,2
19,1190,Field Spaniel / Mischling,medium,1
19,1190,Fila Brasileiro,large,1
19,1190,Flat-Coated Retriever,large,13
19,1190,Flat-Coated Retriever / Golden Retriever,large,1
19,1190,Fox Terrier drahthaar,medium,6
19,1190,Fox Terrier drahthaar / Mischling,medium,1
19,1190,Fox Terrier glatthaar,medium,4
19,1190,Fox Terrier glatthaar / Border Collie,medium,1
19,1190,Fox Terrier glatthaar / Jack Russell Terrier,medium,1
19,1190,Fox Terrier glatthaar / Labrador Retriever,large,1
19,1190,Fox Terrier glatthaar / Mischling,medium,1
19,1190,Französische Bulldogge,medium,47
19,1190,Französische Bulldogge / Beagle,medium,1
19,1190,Französische Bulldogge / Miniatur Bull Terrier,medium,1
19,1190,Französische Bulldogge / Mischling,medium,2
19,1190,Galgo Espanol,medium,7
19,1190,Galgo Espanol / Deutscher Schäferhund,large,1
19,1190,Golden Retriever,large,82
19,1190,Golden Retriever / Australian Terrier,large,1
19,1190,Golden Retriever / Basset Hound,large,1
19,1190,Golden Retriever / Clumber Spaniel,large,1
19,1190,Golden Retriever / Dackel,large,1
19,1190,Golden Retriever / Deutscher Schäferhund,large,1
19,1190,Golden Retriever / Grosspudel Apricot,large,3
19,1190,Golden Retriever / Grosspudel Weiss,large,2
19,1190,Golden Retriever / Irish Red Setter,large,1
19,1190,Golden Retriever / Kleiner Münsterländer,large,1
19,1190,Golden Retriever / Kleinpudel Apricot,large,2
19,1190,Golden Retriever / Labradoodle,large,1
19,1190,Golden Retriever / Labrador Retriever,large,3
19,1190,Golden Retriever / Mischling,large,6
19,1190,Golden Retriever / Pudel,large,6
19,1190,Golden Retriever / Pudelpointer,large,1
19,1190,Golden Retriever / Zwergpudel schwarz aus Mehrfarben,large,1
19,1190,Gordon Setter,medium,3
19,1190,Grand Basset griffon vendeen,medium,1
19,1190,Greyhound,medium,1
19,1190,Griffon Korthals / Deutsch Drahthaar,medium,1
19,1190,Griffon belge,small,1
19,1190,Griffon belge / Mischling,small,1
19,1190,Griffon bruxellois,small,2
19,1190,Grosser Münsterländer,large,2
19,1190,Grosser Schweizer Sennenhund,large,2
19,1190,Grosspudel Apricot,large,4
19,1190,Grosspudel Apricot / Labrador Retriever,large,1
19,1190,Grosspudel Falb,large,1
19,1190,Grosspudel Grau,large,1
19,1190,Grosspudel Schwarz,large,8
19,1190,Grosspudel Weiss,large,2
19,1190,Grosspudel falb aus Mehrfarben,large,2
19,1190,Grosspudel falb aus Mehrfarben / Golden Retriever,large,1
19,1190,Havaneser,small,42
19,1190,Havaneser / Bichon frise,small,2
19,1190,Havaneser / Bolonka Zwetna,small,1
19,1190,Havaneser / Kurzhaar Dachshund Normal,small,1
19,1190,Havaneser / Mischling,small,6
19,1190,Havaneser / Pudel,medium,1
19,1190,Havaneser / Yorkshire Terrier,small,1
19,1190,Havaneser / Zwergpudel Braun,medium,1
19,1190,Havaneser / Zwergpudel Grau,medium,1
19,1190,Havaneser / Zwergpudel Schwarz,medium,1
19,1190,Holländischer Schäferhund Kurzhaar,large,1
19,1190,Hovawart,large,6
19,1190,Hovawart / Labrador Retriever,large,1
19,1190,Hovawart / Mischling,large,1
19,1190,Irish Red Setter,medium,7
19,1190,Irish Red Setter / Grosspudel Braun,large,1
19,1190,Irish Red and White Setter,medium,3
19,1190,Irish Soft Coated Wheaten Terrier,medium,1
19,1190,Irish Terrier,medium,7
19,1190,Irish Terrier / Mischling,medium,1
19,1190,Irish Terrier / Rauhhaar Dachshund Normal,medium,1
19,1190,Istrianer Bracke Kurzhaar (Kratkodlaki Gonic) / Mischling,medium,1
19,1190,Istrianer Bracke Rauhhaar (Ostrodlaki Gonic) / Mischling,medium,1
19,1190,Italienisches Windspiel,small,16
19,1190,Italienisches Windspiel / Jack Russell Terrier,medium,1
19,1190,Jack Russell Terrier,medium,44
19,1190,Jack Russell Terrier / Beagle,medium,1
19,1190,Jack Russell Terrier / Chihuahua Kurzhaar,medium,2
19,1190,Jack Russell Terrier / Deutsch Kurzhaar,medium,1
19,1190,Jack Russell Terrier / Fox Terrier drahthaar,medium,1
19,1190,Jack Russell Terrier / Labrador Retriever,large,1
19,1190,Jack Russell Terrier / Mischling,medium,24
19,1190,Jack Russell Terrier / Siberian Husky,large,1
19,1190,Jack Russell Terrier / Yorkshire Terrier,medium,1
19,1190,Jagdterrier / Mischling,medium,1
19,1190,Japanischer Spitz,medium,1
19,1190,Japanischer Spitz / Kleiner Münsterländer,medium,1
19,1190,Japanischer Spitz / Mischling,medium,2
19,1190,Japanischer Terrier,small,1
19,1190,King Charles Spaniel,small,2
19,1190,Klein- oder Mittelpudel,medium,5
19,1190,Klein- oder Mittelpudel / English Cocker Spaniel mehrfärbig,medium,1
19,1190,Kleiner Münsterländer,medium,2
19,1190,Kleiner Münsterländer / Deutsch Drahthaar,medium,1
19,1190,Kleinpudel Apricot,medium,4
19,1190,Kleinpudel Apricot / Kleinpudel Rot,medium,1
19,1190,Kleinpudel Braun,medium,3
19,1190,Kleinpudel Falb,medium,3
19,1190,Kleinpudel Schwarz,medium,2
19,1190,Kleinpudel Schwarz / Kurzhaar Dachshund Normal,medium,1
19,1190,Kleinpudel Weiss,medium,2
19,1190,Kleinpudel schwarz aus Mehrfarben,medium,2
19,1190,Kleinspitz Braun/Schwarz,medium,1
19,1190,Kleinspitz Neufarben,medium,2
19,1190,Kooikerhondje,medium,5
19,1190,Kurzhaar Dachshund Kaninchen,small,8
19,1190,Kurzhaar Dachshund Kaninchen / Australian Terrier,medium,1
19,1190,Kurzhaar Dachshund Kaninchen / Beagle,medium,1
19,1190,Kurzhaar Dachshund Kaninchen / Chihuahua Langhaar,small,1
19,1190,Kurzhaar Dachshund Kaninchen / Deutscher Schäferhund,large,1
19,1190,Kurzhaar Dachshund Kaninchen / Erdelyi Kopo,medium,1
19,1190,Kurzhaar Dachshund Kaninchen / Französische Bulldogge,medium,1
19,1190,Kurzhaar Dachshund Kaninchen / Mischling,small,3
19,1190,Kurzhaar Dachshund Kaninchen / Welsh Corgi Pembroke,medium,1
19,1190,Kurzhaar Dachshund Normal,small,10
19,1190,Kurzhaar Dachshund Normal / Alpenländische Dachsbracke,medium,1
19,1190,Kurzhaar Dachshund Normal / Beagle,medium,1
19,1190,Kurzhaar Dachshund Normal / Brandlbracke,medium,1
19,1190,Kurzhaar Dachshund Normal / Deutscher Schäferhund,large,1
19,1190,Kurzhaar Dachshund Normal / Labrador Retriever,large,1
19,1190,Kurzhaar Dachshund Normal / Lhasa Apso,small,1
19,1190,Kurzhaar Dachshund Normal / Malinois,medium,1
19,1190,Kurzhaar Dachshund Normal / Mischling,small,6
19,1190,Kurzhaar Dachshund Zwerg,small,19
19,1190,Kurzhaar Dachshund Zwerg / Mischling,small,1
19,1190,Labradoodle,medium,11
19,1190,Labrador Retriever,large,166
19,1190,Labrador Retriever / American Shepherd,large,1
19,1190,Labrador Retriever / Australian Shepherd,large,1
19,1190,Labrador Retriever / Barbet,large,1
19,1190,Labrador Retriever / Beagle,large,1
19,1190,Labrador Retriever / Berner Sennenhund,large,2
19,1190,Labrador Retriever / Border Collie,large,3
19,1190,Labrador Retriever / Curly-Coated Retriever,large,1
19,1190,Labrador Retriever / Dalmatiner,large,2
19,1190,Labrador Retriever / Deutsch Kurzhaar,large,1
19,1190,Labrador Retriever / Deutscher Schäferhund,large,4
19,1190,Labrador Retriever / English Pointer,large,2
19,1190,Labrador Retriever / English Springer Spaniel,large,1
19,1190,Labrador Retriever / Golden Retriever,large,5
19,1190,Labrador Retriever / Grosspudel Apricot,large,3
19,1190,Labrador Retriever / Grosspudel Rot,large,1
19,1190,Labrador Retriever / Holländischer Schäferhund Kurzhaar,large,1
19,1190,Labrador Retriever / Jack Russell Terrier,large,1
19,1190,Labrador Retriever / Kurzhaar Dachshund Normal,large,1
19,1190,Labrador Retriever / Mischling,large,42
19,1190,Labrador Retriever / Podenco Canario,large,1
19,1190,Labrador Retriever / Pudel,large,1
19,1190,Labrador Retriever / Pudelpointer,large,2
19,1190,Labrador Retriever / Shar Pei,large,1
19,1190,Labrador Retriever / Siberian Husky,large,1
19,1190,Labrador Retriever / Toypudel Braun,large,1
19,1190,Labrador Retriever / Zwergpudel Apricot,large,3
19,1190,Lagotto romagnolo,medium,28
19,1190,Lagotto romagnolo / English Cocker Spaniel einfärbig,medium,1
19,1190,Lakeland Terrier,medium,1
19,1190,Langhaar Dachshund Kaninchen,small,2
19,1190,Langhaar Dachshund Kaninchen / English Cocker Spaniel einfär,medium,1
19,1190,Langhaar Dachshund Kaninchen / Mischling,small,1
19,1190,Langhaar Dachshund Normal,small,2
19,1190,Langhaar Dachshund Normal / Border Collie,medium,1
19,1190,Langhaar Dachshund Normal / Mischling,small,2
19,1190,Langhaar Dachshund Zwerg,small,2
19,1190,Leonberger,large,2
19,1190,Lhasa Apso,small,3
19,1190,Magyar Vizsla Drahthaar,medium,22
19,1190,Magyar Vizsla Drahthaar / Border Terrier,medium,1
19,1190,Magyar Vizsla Drahthaar / Deutscher Schäferhund,large,1
19,1190,Magyar Vizsla Drahthaar / Mischling,medium,1
19,1190,Magyar Vizsla Kurzhaar,medium,10
19,1190,Malinois,medium,6
19,1190,Malinois / Cairn Terrier,medium,1
19,1190,Malinois / Labrador Retriever,large,1
19,1190,Malinois / Mischling,medium,3
19,1190,Malteser,small,70
19,1190,Malteser / Chihuahua Langhaar,small,1
19,1190,Malteser / Flat-Coated Retriever,large,1
19,1190,Malteser / Grosspudel Apricot,large,1
19,1190,Malteser / Havaneser,small,2
19,1190,Malteser / Mischling,small,14
19,1190,Malteser / Pekingese,small,1
19,1190,Malteser / Pudel,medium,5
19,1190,Malteser / Pudelpointer,medium,1
19,1190,Malteser / Schnauzer schwarz,medium,1
19,1190,Malteser / Shih Tzu,small,1
19,1190,Malteser / Toypudel Apricot,medium,1
19,1190,Malteser / Toypudel Braun,medium,1
19,1190,Malteser / Toypudel Rot,medium,1
19,1190,Malteser / Toypudel schwarz aus Mehrfarben,medium,1
19,1190,Malteser / Yorkshire Terrier,small,1
19,1190,Malteser / Zwergpudel Apricot,medium,4
19,1190,Malteser / Zwergpudel Braun,medium,2
19,1190,Mehrfarben Zwergpudel schwarz loh,medium,1
19,1190,Mehrfarbenpudel schwarz-weiß,medium,1
19,1190,Miniatur Bull Terrier,medium,2
19,1190,Mittelspitz Braun/Schwarz,medium,3
19,1190,Mittelspitz Braun/Schwarz / Golden Retriever,large,1
19,1190,Mittelspitz Weiss,medium,2
19,1190,Mops (Carlin),small,30
19,1190,Mops (Carlin) / Mischling,small,2
19,1190,Mudi,medium,2
19,1190,Mudi / Irish Wolfhound,large,1
19,1190,Mudi / Parson Russell Terrier,medium,1
19,1190,Neufundländer,large,2
19,1190,Norfolk Terrier,small,1
19,1190,Norfolk Terrier / Cairn Terrier,small,1
19,1190,Norsk Buhund / Mischling,medium,1
19,1190,Norsk Buhund / Mudi,medium,1
19,1190,Norwich Terrier,small,2
19,1190,Nova Scotia Duck Tolling Retriever,medium,5
19,1190,Nova Scotia Duck Tolling Retriever / Deutscher Schäferhund,large,1
19,1190,Ogar Polski,medium,1
19,1190,Old English Sheepdog (Bobtail),large,1
19,1190,Old English Sheepdog (Bobtail) / Grosspudel Weiss,large,1
19,1190,Olde English Bulldogge,large,3
19,1190,Olde English Bulldogge / Mischling,large,1
19,1190,Papillon,small,2
19,1190,Papillon / King Charles Spaniel,small,1
19,1190,Parson Russell Terrier,medium,19
19,1190,Parson Russell Terrier / Mischling,medium,2
19,1190,Patterdale-Terrier / Mischling,small,1
19,1190,Pekingese,small,5
19,1190,Pekingese / Chihuahua Kurzhaar,small,1
19,1190,Pekingese / Dackel,small,2
19,1190,Pekingese / Mischling,small,2
19,1190,Pekingese / Tibetan Spaniel,small,1
19,1190,Perro de agua Espanol,medium,7
19,1190,Perro sin pelo del Peru (Grande),large,1
19,1190,Petit bleu de Gascogne,medium,1
19,1190,Petit brabancon,small,1
19,1190,Pinscher,medium,2
19,1190,Pinscher / Deutscher Spitz,medium,1
19,1190,Pinscher / Kurzhaar Dachshund Normal,medium,1
19,1190,Pinscher / Mischling,medium,3
19,1190,Pinscher / Pinscher,medium,1
19,1190,Pinscher / Terrier Brasileiro,medium,1
19,1190,Pit Bull Terrier,large,3
19,1190,Pit Bull Terrier / Mischling,large,1
19,1190,Podenco Canario,medium,2
19,1190,Podenco Ibicenco Kurzhaar,medium,1
19,1190,Podenco Ibicenco Rauhhaar / Rauhhaar Dachshund Normal,medium,1
19,1190,Podengo Portugues Kurzhaar Medio / Mischling,medium,1
19,1190,Posavski Gonic,medium,2
19,1190,Prager Rattler / Mischling,small,1
19,1190,Pudel,medium,9
19,1190,Pudel / Cavalier King Charles Spaniel,medium,2
19,1190,Pudel / Mischling,medium,2
19,1190,Pudel / Yorkshire Terrier,medium,1
19,1190,Pudelpointer,medium,2
19,1190,Pudelpointer / Border Terrier,medium,1
19,1190,Pudelpointer / Mischling,medium,1
19,1190,Puli andersfarbig,medium,1
19,1190,Puli andersfarbig / Havaneser,medium,1
19,1190,Puli andersfarbig / Zwergschnauzer pfeffer-salz,medium,1
19,1190,Puli weiss / Mischling,medium,1
19,1190,Pumi,medium,2
19,1190,Pumi / Mischling,medium,2
19,1190,Pumi / Puli andersfarbig,medium,2
19,1190,Pyrenäen Berghund / Labrador Retriever,large,1
19,1190,Rauhhaar Dachshund Kaninchen,small,1
19,1190,Rauhhaar Dachshund Normal,small,12
19,1190,Rauhhaar Dachshund Normal / Rauhhaar Dachshund Kaninchen,small,1
19,1190,Rauhhaar Dachshund Normal / Schwarzer Terrier,large,1
19,1190,Rauhhaar Dachshund Zwerg,small,27
19,1190,Rauhhaar Dachshund Zwerg / Jack Russell Terrier,medium,1
19,1190,Rauhhaar Dachshund Zwerg / Yorkshire Terrier,small,1
19,1190,Rhodesian Ridgeback,large,13
19,1190,Rhodesian Ridgeback / Mischling,large,1
19,1190,Riesenschnauzer pfeffer-salz,large,1
19,1190,Riesenschnauzer schwarz,large,1
19,1190,Rottweiler,large,7
19,1190,Rottweiler / Mischling,large,1
19,1190,Russkiy Toy Kurzhaar,small,1
19,1190,Saluki,large,2
19,1190,Saluki / English Setter,large,1
19,1190,Saluki / Labrador Retriever,large,1
19,1190,Samojede,large,7
19,1190,Sarplaninac,large,1
19,1190,Schnauzer pfeffersalz,medium,3
19,1190,Schnauzer pfeffersalz / Malteser,medium,1
19,1190,Schnauzer pfeffersalz / Mischling,medium,1
19,1190,Schnauzer pfeffersalz / Puli andersfarbig,medium,1
19,1190,Schnauzer pfeffersalz / Terrier Brasileiro,medium,1
19,1190,Schnauzer schwarz / Siberian Husky,large,1
19,1190,Schwarzer Terrier / Schnauzer schwarz,large,1
19,1190,Schweizerische Niederlaufhunde / Schnauzer schwarz,medium,1
19,1190,Scottish Terrier,medium,2
19,1190,Shar Pei,medium,3
19,1190,Shar Pei / Labrador Retriever,large,1
19,1190,Shar Pei / Mischling,medium,1
19,1190,Shetland Sheepdog,medium,8
19,1190,Shiba,medium,14
19,1190,Shiba / Mischling,medium,1
19,1190,Shih Tzu,small,15
19,1190,Shih Tzu / Dackel,small,1
19,1190,Shih Tzu / Mischling,small,2
19,1190,Shih Tzu / Yorkshire Terrier,small,1
19,1190,Siberian Husky,large,25
19,1190,Siberian Husky / Australian Shepherd,large,1
19,1190,Siberian Husky / Deutscher Schäferhund Langstockhaar,large,1
19,1190,Siberian Husky / Galgo Espanol,large,1
19,1190,Siberian Husky / Grosser Schweizer Sennenhund,large,1
19,1190,Siberian Husky / Mischling,large,6
19,1190,Siberian Husky / Siberian Husky,large,1
19,1190,Silken Windsprite,medium,2
19,1190,Slovensky Kopov / Whippet,medium,1
19,1190,Spinone Italiano,large,2
19,1190,Spitz / Mischling,medium,4
19,1190,Staffordshire Bullterrier,medium,5
19,1190,Staffordshire Bullterrier / Airedale Terrier,medium,1
19,1190,Staffordshire Bullterrier / Mischling,medium,1
19,1190,Steirische Rauhaarbracke / Rauhhaar Dachshund Normal,medium,1
19,1190,Sussex Spaniel / Mischling,medium,1
19,1190,Terrier Brasileiro,medium,1
19,1190,Terrier Brasileiro / Pinscher,medium,1
19,1190,Terrier Brasileiro / Tibetan Terrier,medium,1
19,1190,Tibetan Terrier,medium,4
19,1190,Tiroler Bracke,medium,1
19,1190,Tiroler Bracke / Mischling,medium,2
19,1190,Tornjak,large,1
19,1190,Tornjak / Perro sin pelo del Peru (Medio),large,1
19,1190,Toypudel Apricot,medium,17
19,1190,Toypudel Apricot / Bichon frise,medium,2
19,1190,Toypudel Apricot / Malteser,medium,1
19,1190,Toypudel Braun,medium,2
19,1190,Toypudel Falb,medium,1
19,1190,Toypudel Rot,medium,1
19,1190,Toypudel Schwarz,medium,2
19,1190,Toypudel schwarz aus Mehrfarben,medium,1
19,1190,Tschechoslowakischer Wolfhund,large,1
19,1190,Tschechoslowakischer Wolfhund / Mischling,large,1
19,1190,Unbekannt,unknown,70
19,1190,Unbekannt / Mischling,unknown,259
19,1190,Weimaraner Kurzhaar,large,8
19,1190,Weimaraner Kurzhaar / Labrador Retriever,large,1
19,1190,Weimaraner Langhaar,large,1
19,1190,Welsh Corgi Cardigan,medium,3
19,1190,Welsh Corgi Cardigan / Mischling,medium,4
19,1190,Welsh Corgi Pembroke,medium,6
19,1190,Welsh Corgi Pembroke / Mischling,medium,1
19,1190,Welsh Springer Spaniel,medium,1
19,1190,Welsh Terrier,medium,4
19,1190,West Highland White Terrier,small,18
19,1190,West Highland White Terrier / Mischling,small,1
19,1190,Whippet,medium,12
19,1190,Whippet / Galgo Espanol,medium,1
19,1190,Whippet / Mischling,medium,1
19,1190,Whippet / Schnauzer schwarz,medium,1
19,1190,Windhund,large,1
19,1190,Windhund / Podenco Canario,large,1
19,1190,Wolfspitz,large,1
19,1190,Wolfspitz / Mischling,large,1
19,1190,Yorkshire Terrier,small,46
19,1190,Yorkshire Terrier / Chihuahua Langhaar,small,1
19,1190,Yorkshire Terrier / Deutscher Pinscher,medium,1
19,1190,Yorkshire Terrier / Malteser,small,4
19,1190,Yorkshire Terrier / Mischling,small,5
19,1190,Yorkshire Terrier / Norfolk Terrier,small,1
19,1190,Yorkshire Terrier / Pinscher,medium,1
19,1190,Yorkshire Terrier / Zwergschnauzer schwarz-silber,medium,1
19,1190,Zwergpinscher,medium,11
19,1190,Zwergpinscher / Deutscher Spitz,medium,1
19,1190,Zwergpinscher / Mischling,medium,2
19,1190,Zwergpudel Apricot,medium,32
19,1190,Zwergpudel Apricot / Malteser,medium,1
19,1190,Zwergpudel Apricot / Mischling,medium,1
19,1190,Zwergpudel Apricot / Zwergspitz (Pomeranian),medium,1
19,1190,Zwergpudel Braun,medium,1
19,1190,Zwergpudel Braun / Bichon frise,medium,1
19,1190,Zwergpudel Braun / Cavalier King Charles Spaniel,medium,1
19,1190,Zwergpudel Braun / Golden Retriever,large,1
19,1190,Zwergpudel Braun / Havaneser,medium,1
19,1190,Zwergpudel Falb,medium,2
19,1190,Zwergpudel Rot,medium,2
19,1190,Zwergpudel Rot / Malteser,medium,1
19,1190,Zwergpudel Schwarz,medium,1
19,1190,Zwergpudel Weiss,medium,1
19,1190,Zwergpudel Weiss / Jack Russell Terrier,medium,1
19,1190,Zwergpudel falb aus Mehrfarben,medium,3
19,1190,Zwergschnauzer pfeffer-salz,medium,9
19,1190,Zwergschnauzer pfeffer-salz / Mischling,medium,1
19,1190,Zwergschnauzer weiss,medium,1
19,1190,Zwergspitz (Pomeranian),medium,52
19,1190,Zwergspitz (Pomeranian) / Chihuahua Kurzhaar,medium,1
19,1190,Zwergspitz (Pomeranian) / Golden Retriever,large,1
19,1190,Zwergspitz (Pomeranian) / Malteser,medium,1
19,1190,Zwergspitz (Pomeranian) / Mischling,medium,2
19,1190,Zwergspitz (Pomeranian) / Siberian Husky,large,1
19,1190,Österreichischer Pinscher,medium,1
19,1190,Österreichischer Pinscher / Mischling,medium,2
20,1200,Airedale Terrier,medium,1
20,1200,Airedale Terrier / Fox Terrier drahthaar,medium,1
20,1200,Akita,large,4
20,1200,Akita / Siberian Husky,large,1
20,1200,Alaskan Malamute,large,1
20,1200,American Akita,large,2
20,1200,American Bulldog,large,1
20,1200,American Bully,large,2
20,1200,American Cocker Spaniel,medium,1
20,1200,American Cocker Spaniel / Kleinpudel Apricot,medium,1
20,1200,American Pocket Bully,medium,1
20,1200,American Staffordshire Terrier,large,45
20,1200,American Staffordshire Terrier / Bulldog,large,1
20,1200,American Staffordshire Terrier / Mischling,large,8
20,1200,American Staffordshire Terrier / Pit Bull Terrier,large,2
20,1200,American Staffordshire Terrier / Rottweiler,large,1
20,1200,Appenzeller Sennenhund,large,1
20,1200,Appenzeller Sennenhund / Beagle,large,1
20,1200,Appenzeller Sennenhund / Berner Sennenhund,large,1
20,1200,Appenzeller Sennenhund / Labrador Retriever,large,1
20,1200,Australian Cattledog / Mischling,medium,1
20,1200,Australian Kelpie / Jack Russell Terrier,medium,1
20,1200,Australian Kelpie / Labrador Retriever,large,1
20,1200,Australian Shepherd,medium,24
20,1200,Australian Shepherd / Australian Cattledog,medium,1
20,1200,Australian Shepherd / Border Collie,medium,2
20,1200,Australian Shepherd / Dackel,medium,1
20,1200,Australian Shepherd / Deutscher Schäferhund,large,1
20,1200,Australian Shepherd / Samojede,large,1
20,1200,Australian Terrier / Mischling,medium,1
20,1200,Basenji,medium,2
20,1200,Basset Hound,medium,1
20,1200,Bayrischer Gebirgsschweisshund,medium,1
20,1200,Bayrischer Gebirgsschweisshund / Labrador Retriever,large,1
20,1200,Bayrischer Gebirgsschweisshund / Tiroler Bracke,medium,1
20,1200,Beagle,medium,20
20,1200,Beagle / Bosanski Ostrodlaki Gonic - Barac,medium,1
20,1200,Beagle / Deutscher Pinscher,medium,1
20,1200,Beagle / Fox Terrier glatthaar,medium,2
20,1200,Beagle / Mischling,medium,7
20,1200,Beagle / Tibetan Terrier,medium,1
20,1200,Bearded Collie,medium,2
20,1200,Bearded Collie / Mischling,medium,1
20,1200,Belgischer Schäferhund,large,4
20,1200,Belgischer Schäferhund / Bayrischer Gebirgsschweisshund,large,1
20,1200,Belgischer Schäferhund / Mischling,large,1
20,1200,Berger Blanc Suisse,large,3
20,1200,Berger Blanc Suisse / Siberian Husky,large,1
20,1200,Berger de Beauce (Beauceron),large,3
20,1200,Berger de Beauce (Beauceron) / Mischling,large,1
20,1200,Berger de Picardie (Berger Picard) / Mischling,medium,1
20,1200,Berner Sennenhund,large,1
20,1200,Berner Sennenhund / Hovawart,large,1
20,1200,Berner Sennenhund / Mischling,large,2
20,1200,Bichon frise,small,17
20,1200,Bichon frise / Havaneser,small,2
20,1200,Bichon frise / Mischling,small,1
20,1200,Bichon frise / Toypudel Apricot,medium,1
20,1200,Bichon/Yorkie / Malteser,small,1
20,1200,Biewer Terrier,small,2
20,1200,Biewer Terrier / Mischling,small,1
20,1200,Biewer Terrier / Yorkshire Terrier,small,2
20,1200,Black and Tan Coonhound,large,1
20,1200,Bologneser,small,2
20,1200,Bolonka Zwetna,small,4
20,1200,Border Collie,medium,20
20,1200,Border Collie / Cane Corso Italiano,large,1
20,1200,Border Collie / Deutscher Schäferhund,large,1
20,1200,Border Collie / English Pointer,medium,1
20,1200,Border Collie / Grosspudel Braun,large,1
20,1200,Border Collie / Kuvasz,large,1
20,1200,Border Collie / Labrador Retriever,large,3
20,1200,Border Collie / Mischling,medium,7
20,1200,Border Collie / Parson Russell Terrier,medium,1
20,1200,Border Collie / Spitz,medium,1
20,1200,Border Terrier,medium,1
20,1200,Border Terrier / Mischling,medium,1
20,1200,Bosanski Ostrodlaki Gonic - Barac,medium,1
20,1200,Boston Terrier,medium,1
20,1200,Bracke / Mischling,medium,2
20,1200,Brandlbracke / English Cocker Spaniel einfärbig,medium,1
20,1200,Bull Terrier (Standard),medium,1
20,1200,Bull Terrier (Standard) / Mischling,medium,1
20,1200,Bulldog,medium,1
20,1200,Bulldog / Cane Corso Italiano,large,1
20,1200,Bulldog / Mischling,medium,1
20,1200,Cairn Terrier / Fox Terrier drahthaar,medium,1
20,1200,Cairn Terrier / Mischling,small,1
20,1200,Canaan Dog / Labrador Retriever,large,1
20,1200,Cane Corso Italiano,large,6
20,1200,Cao de Agua Portugues (Portug. Wasserhund),large,2
20,1200,Cavalier King Charles Spaniel,small,8
20,1200,Cavalier King Charles Spaniel / Zwergpudel Apricot,medium,1
20,1200,Chesapeake Bay Retriever,large,1
20,1200,Chihuahua Kurzhaar,small,83
20,1200,Chihuahua Kurzhaar / Chihuahua Kurzhaar,small,1
20,1200,Chihuahua Kurzhaar / Mischling,small,15
20,1200,Chihuahua Kurzhaar / Zwergpinscher,medium,1
20,1200,Chihuahua Langhaar,small,44
20,1200,Chihuahua Langhaar / Mischling,small,5
20,1200,Chinese Crested Dog hairless,small,2
20,1200,Chinese Crested Dog powderpuff,small,1
20,1200,Chow-Chow,large,3
20,1200,Collie Kurzhaar (Smooth),medium,1
20,1200,Collie Kurzhaar (Smooth) / Golden Retriever,large,1
20,1200,Collie Kurzhaar (Smooth) / Mischling,medium,1
20,1200,Collie Kurzhaar (Smooth) / Pudelpointer,medium,1
20,1200,Collie Langhaar (Rough),medium,7
20,1200,Collie Langhaar (Rough) / Beagle,medium,1
20,1200,Coton de Tulear,small,2
20,1200,Dackel,small,15
20,1200,Dackel / Bulldog,medium,1
20,1200,Dackel / Labrador Retriever,large,1
20,1200,Dackel / Mischling,small,18
20,1200,Dalmatiner,medium,4
20,1200,Dalmatiner / Französische Bulldogge,medium,1
20,1200,Deutsch Drahthaar,medium,1
20,1200,Deutsch Drahthaar / Deutscher Jagdterrier,medium,1
20,1200,Deutsch Kurzhaar,medium,4
20,1200,Deutsch Kurzhaar / Dalmatiner,medium,2
20,1200,Deutsch Kurzhaar / Mischling,medium,1
20,1200,Deutsch Kurzhaar / Terrier Brasileiro,medium,1
20,1200,Deutsche Bracke / Mops (Carlin),medium,1
20,1200,Deutsche Dogge blau,large,2
20,1200,Deutsche Dogge gelb,large,1
20,1200,Deutscher Boxer gelb,large,5
20,1200,Deutscher Boxer gelb / Belgischer Schäferhund,large,1
20,1200,Deutscher Boxer gelb / Bulldog,large,1
20,1200,Deutscher Boxer gelb / Mischling,large,1
20,1200,Deutscher Boxer gestromt,large,3
20,1200,Deutscher Jagdterrier / Mischling,medium,1
20,1200,Deutscher Jagdterrier / Pekingese,medium,1
20,1200,Deutscher Pinscher,medium,4
20,1200,Deutscher Pinscher / Labrador Retriever,large,1
20,1200,Deutscher Pinscher / Mischling,medium,3
20,1200,Deutscher Pinscher / Schnauzer pfeffersalz,medium,1
20,1200,Deutscher Schäferhund,large,15
20,1200,Deutscher Schäferhund / American Staffordshire Terrier,large,1
20,1200,Deutscher Schäferhund / Beagle,large,1
20,1200,Deutscher Schäferhund / Border Collie,large,1
20,1200,Deutscher Schäferhund / Collie Kurzhaar (Smooth),large,1
20,1200,Deutscher Schäferhund / Deutsche Bracke,large,1
20,1200,Deutscher Schäferhund / English Cocker Spaniel einfärbig,large,1
20,1200,Deutscher Schäferhund / Kurzhaar Dachshund Normal,large,2
20,1200,Deutscher Schäferhund / Labrador Retriever,large,1
20,1200,Deutscher Schäferhund / Mischling,large,17
20,1200,Deutscher Schäferhund Langstockhaar,large,2
20,1200,Deutscher Schäferhund Langstockhaar / Mischling,large,1
20,1200,Deutscher Spitz,medium,4
20,1200,Deutscher Spitz / Border Collie,medium,1
20,1200,Dobermann braun-rot,large,2
20,1200,Dobermann schwarz-rot,large,1
20,1200,Dog de Bordeaux (Bordeauxdogge),large,2
20,1200,Dogo Argentino,large,3
20,1200,Dogo Argentino / Mischling,large,1
20,1200,English Cocker Spaniel einfärbig,medium,7
20,1200,English Cocker Spaniel einfärbig / Grosspudel Weiss,large,1
20,1200,English Cocker Spaniel einfärbig / Kleinpudel Braun,medium,2
20,1200,English Cocker Spaniel einfärbig / Mischling,medium,1
20,1200,English Cocker Spaniel einfärbig / Zwergpudel Apricot,medium,1
20,1200,English Cocker Spaniel mehrfärbig,medium,8
20,1200,English Cocker Spaniel mehrfärbig / King Charles Spaniel,medium,1
20,1200,English Cocker Spaniel mehrfärbig / Mischling,medium,2
20,1200,English Pointer / Deutsche Dogge schwarz,large,1
20,1200,English Setter,medium,2
20,1200,English Setter / English Cocker Spaniel einfärbig,medium,1
20,1200,English Setter / Labrador Retriever,large,1
20,1200,English Setter / Mischling,medium,1
20,1200,English Springer Spaniel,medium,2
20,1200,English Toy Terrier,small,1
20,1200,Epagneul breton / Chihuahua Kurzhaar,medium,1
20,1200,Eurasier,medium,2
20,1200,Eurasier / Chow-Chow,large,1
20,1200,Eurasier / Old English Sheepdog (Bobtail),large,2
20,1200,Flat-Coated Retriever,large,2
20,1200,Flat-Coated Retriever / Mischling,large,3
20,1200,Fox Terrier drahthaar,medium,1
20,1200,Fox Terrier drahthaar / Mischling,medium,5
20,1200,Fox Terrier drahthaar / Parson Russell Terrier,medium,1
20,1200,Fox Terrier glatthaar,medium,1
20,1200,Fox Terrier glatthaar / Jack Russell Terrier,medium,1
20,1200,Fox Terrier glatthaar / Mischling,medium,2
20,1200,Französische Bulldogge,medium,48
20,1200,Französische Bulldogge / Billy,large,1
20,1200,Französische Bulldogge / Mischling,medium,1
20,1200,Galgo Espanol,medium,2
20,1200,Galgo Espanol / Mischling,medium,1
20,1200,Galgo Espanol / Podenco Ibicenco Kurzhaar,medium,1
20,1200,Golden Retriever,large,32
20,1200,Golden Retriever / Deutscher Jagdterrier,large,1
20,1200,Golden Retriever / English Cocker Spaniel mehrfärbig,large,1
20,1200,Golden Retriever / Grosspudel Apricot,large,1
20,1200,Golden Retriever / Grosspudel Weiss,large,1
20,1200,Golden Retriever / Kooikerhondje,large,1
20,1200,Golden Retriever / Labrador Retriever,large,1
20,1200,Golden Retriever / Mischling,large,3
20,1200,Golden Retriever / Pudel,large,1
20,1200,Golden Retriever / Zwergspitz (Pomeranian),large,1
20,1200,Gordon Setter,medium,2
20,1200,Greyhound,medium,1
20,1200,Grosser Münsterländer,large,1
20,1200,Grosser Schweizer Sennenhund,large,1
20,1200,Grosspudel Apricot,large,2
20,1200,Grosspudel Weiss,large,1
20,1200,Hannoverscher Schweisshund / Mischling,medium,1
20,1200,Havaneser,small,26
20,1200,Havaneser / Bichon frise,small,2
20,1200,Havaneser / Cairn Terrier,small,1
20,1200,Havaneser / English Cocker Spaniel mehrfärbig,medium,1
20,1200,Havaneser / Jack Russell Terrier,medium,1
20,1200,Havaneser / Malteser,small,1
20,1200,Havaneser / Mischling,small,4
20,1200,Havaneser / West Highland White Terrier,small,1
20,1200,Havaneser / Zwergpudel Apricot,medium,1
20,1200,Hellinikos Ichnilatis / Labrador Retriever,large,1
20,1200,Hokkaido,medium,1
20,1200,Holländischer Schäferhund Kurzhaar / Mischling,large,1
20,1200,Holländischer Schäferhund Rauhhaar / Holländischer Schäferhu,large,1
20,1200,Hovawart,large,1
20,1200,Hovawart / Berner Sennenhund,large,1
20,1200,Irish Terrier,medium,1
20,1200,Irish Wolfhound,large,1
20,1200,Irish Wolfhound / Mischling,large,1
20,1200,Istrianer Bracke Kurzhaar (Kratkodlaki Gonic),medium,1
20,1200,Italienisches Windspiel,small,4
20,1200,Italienisches Windspiel / Labrador Retriever,large,1
20,1200,Jack Russell Terrier,medium,28
20,1200,Jack Russell Terrier / Dalmatiner,medium,1
20,1200,Jack Russell Terrier / Kurzhaar Dachshund Normal,medium,2
20,1200,Jack Russell Terrier / Mischling,medium,17
20,1200,Jagdterrier / Mischling,medium,1
20,1200,Japanischer Spitz,medium,2
20,1200,Japanischer Terrier,small,1
20,1200,Jämthund / Mischling,large,1
20,1200,Kaukasischer Ovtcharka,large,2
20,1200,King Charles Spaniel,small,1
20,1200,Klein- oder Mittelpudel,medium,3
20,1200,Klein- oder Mittelpudel / Mischling,medium,1
20,1200,Kleiner Münsterländer,medium,2
20,1200,Kleiner Münsterländer / Mischling,medium,1
20,1200,Kleinpudel Apricot,medium,2
20,1200,Kleinpudel Schwarz,medium,3
20,1200,Kleinpudel Weiss,medium,2
20,1200,Kleinpudel Weiss / Mischling,medium,1
20,1200,Kleinspitz Neufarben,medium,1
20,1200,Kooikerhondje,medium,2
20,1200,Kooikerhondje / Epagneul breton,medium,1
20,1200,Kurzhaar Dachshund Kaninchen,small,3
20,1200,Kurzhaar Dachshund Kaninchen / Mischling,small,2
20,1200,Kurzhaar Dachshund Normal,small,7
20,1200,Kurzhaar Dachshund Normal / Mischling,small,3
20,1200,Kurzhaar Dachshund Normal / Pekingese,small,1
20,1200,Kurzhaar Dachshund Normal / Rauhhaar Dachshund Normal,small,1
20,1200,Kurzhaar Dachshund Zwerg,small,5
20,1200,Labradoodle,medium,1
20,1200,Labrador Retriever,large,61
20,1200,Labrador Retriever / American Staffordshire Terrier,large,1
20,1200,Labrador Retriever / Beagle,large,1
20,1200,Labrador Retriever / Canaan Dog,large,1
20,1200,Labrador Retriever / Deutsch Drahthaar,large,1
20,1200,Labrador Retriever / Deutsch Kurzhaar,large,1
20,1200,Labrador Retriever / Deutscher Schäferhund,large,1
20,1200,Labrador Retriever / Golden Retriever,large,1
20,1200,Labrador Retriever / Grosspudel Schwarz,large,1
20,1200,Labrador Retriever / Grosspudel Weiss,large,1
20,1200,Labrador Retriever / Irish Red Setter,large,1
20,1200,Labrador Retriever / Korea Jindo Dog,large,2
20,1200,Labrador Retriever / Mehrfarbenpudel schwarz-loh,large,1
20,1200,Labrador Retriever / Mischling,large,38
20,1200,Labrador Retriever / Podenco Ibicenco Kurzhaar,large,1
20,1200,Labrador Retriever / Siberian Husky,large,1
20,1200,Labrador Retriever / Weimaraner Kurzhaar,large,1
20,1200,Labrador Retriever / Zwergpudel Weiss,large,1
20,1200,Labrador Retriever / Österreichischer Pinscher,large,1
20,1200,Lagotto romagnolo,medium,9
20,1200,Lagotto romagnolo / English Cocker Spaniel mehrfärbig,medium,1
20,1200,Langhaar Dachshund Kaninchen,small,1
20,1200,Langhaar Dachshund Kaninchen / Mischling,small,1
20,1200,Langhaar Dachshund Normal,small,1
20,1200,Langhaar Dachshund Normal / Australian Shepherd,medium,1
20,1200,Langhaar Dachshund Normal / Belgischer Schäferhund,large,1
20,1200,Langhaar Dachshund Normal / Collie Langhaar (Rough),medium,1
20,1200,Langhaar Dachshund Normal / Mischling,small,1
20,1200,Langhaar Dachshund Normal / Pinscher,medium,1
20,1200,Langhaar Dachshund Zwerg,small,3
20,1200,Lapinporokoira / Mischling,medium,1
20,1200,Leonberger,large,1
20,1200,Lhasa Apso,small,1
20,1200,Magyar Vizsla Drahthaar,medium,5
20,1200,Magyar Vizsla Drahthaar / Bracke,medium,1
20,1200,Magyar Vizsla Drahthaar / Deutscher Schäferhund,large,1
20,1200,Magyar Vizsla Drahthaar / Mischling,medium,1
20,1200,Magyar Vizsla Kurzhaar,medium,1
20,1200,Malinois,medium,2
20,1200,Malinois / Belgischer Schäferhund,large,1
20,1200,Malinois / Deutscher Schäferhund,large,1
20,1200,Malinois / Mischling,medium,1
20,1200,Malteser,small,73
20,1200,Malteser / Bichon frise,small,1
20,1200,Malteser / Grosspudel Braun,large,1
20,1200,Malteser / Havaneser,small,1
20,1200,Malteser / Kleinpudel Braun,medium,2
20,1200,Malteser / Mischling,small,14
20,1200,Malteser / Pudel,medium,2
20,1200,Malteser / Pudelpointer,medium,2
20,1200,Malteser / Shih Tzu,small,1
20,1200,Malteser / Yorkshire Terrier,small,3
20,1200,Manchester Terrier / Grosspudel Braun,large,1
20,1200,Mehrfarben Kleinpudel schwarz weiss,medium,1
20,1200,Mittelspitz Braun/Schwarz,medium,1
20,1200,Mittelspitz Neufarben,medium,1
20,1200,Mittelspitz Neufarben / Mischling,medium,1
20,1200,Mops (Carlin),small,17
20,1200,Mops (Carlin) / Chihuahua Kurzhaar,small,2
20,1200,Mops (Carlin) / Mischling,small,1
20,1200,Mudi,medium,1
20,1200,Mudi / Chihuahua Langhaar,medium,1
20,1200,Mudi / Mischling,medium,3
20,1200,Mudi / Wolfspitz,large,1
20,1200,Norbottenspets / Mischling,medium,1
20,1200,Norfolk Terrier,small,2
20,1200,Norfolk Terrier / Mischling,small,2
20,1200,Norsk Buhund / Mischling,medium,1
20,1200,Norwich Terrier,small,1
20,1200,Old English Sheepdog (Bobtail) / Mischling,large,1
20,1200,Olde English Bulldogge,large,3
20,1200,Papillon,small,1
20,1200,Parson Russell Terrier,medium,7
20,1200,Parson Russell Terrier / Mischling,medium,1
20,1200,Parson Russell Terrier / Rauhhaar Dachshund Normal,medium,1
20,1200,Pekingese,small,6
20,1200,Pekingese / Affenpinscher,medium,1
20,1200,Pekingese / Chihuahua Kurzhaar,small,1
20,1200,Pekingese / Chihuahua Langhaar,small,1
20,1200,Pekingese / Mischling,small,8
20,1200,Pekingese / Pinscher,medium,1
20,1200,Perro de agua Espanol,medium,1
20,1200,Pinscher,medium,2
20,1200,Pinscher / Deutscher Jagdterrier,medium,1
20,1200,Pinscher / Mischling,medium,1
20,1200,Pinscher / Pekingese,medium,1
20,1200,Pinscher / Pinscher,medium,1
20,1200,Pit Bull Terrier,large,7
20,1200,Pit Bull Terrier / American Staffordshire Terrier,large,2
20,1200,Pit Bull Terrier / Mischling,large,5
20,1200,Podenco Canario,medium,4
20,1200,Podenco Canario / Greyhound,medium,1
20,1200,Podenco Ibicenco Kurzhaar,medium,1
20,1200,Podenco Ibicenco Kurzhaar / Mischling,medium,1
20,1200,Podengo Portugues Rauhhaar Pequeno / Mischling,small,1
20,1200,Polski Owczarek Podhalanski,large,1
20,1200,Polski Owczarek Podhalanski / Akita,large,1
20,1200,Polski Owczarek Podhalanski / Siberian Husky,large,1
20,1200,Posavski Gonic / Mischling,medium,1
20,1200,Pudel,medium,5
20,1200,Pudel / Dackel,medium,1
20,1200,Pudel / Mischling,medium,3
20,1200,Pudelpointer,medium,4
20,1200,Puli andersfarbig,medium,2
20,1200,Puli andersfarbig / Australian Shepherd,medium,1
20,1200,Puli andersfarbig / Mischling,medium,2
20,1200,Pumi,medium,1
20,1200,Rauhhaar Dachshund Normal,small,4
20,1200,Rauhhaar Dachshund Normal / Mischling,small,2
20,1200,Rauhhaar Dachshund Normal / Welsh Corgi Pembroke,medium,1
20,1200,Rauhhaar Dachshund Normal / Yorkshire Terrier,small,1
20,1200,Rauhhaar Dachshund Zwerg,small,5
20,1200,Rauhhaar Dachshund Zwerg / Mischling,small,5
20,1200,Rhodesian Ridgeback,large,3
20,1200,Riesenschnauzer pfeffer-salz,large,1
20,1200,Riesenschnauzer pfeffer-salz / Mischling,large,3
20,1200,Rottweiler,large,4
20,1200,Rottweiler / Mischling,large,1
20,1200,Russkiy Toy Kurzhaar,small,1
20,1200,Russkiy Toy Langhaar,small,1
20,1200,Saluki,large,1
20,1200,Samojede,large,7
20,1200,Samojede / Mischling,large,1
20,1200,Sandros Leisha Dog / Mischling,large,1
20,1200,Schipperke,small,1
20,1200,Schnauzer pfeffersalz,medium,1
20,1200,Schnauzer pfeffersalz / Mischling,medium,5
20,1200,Schnauzer pfeffersalz / Schwarzer Terrier,large,1
20,1200,Schnauzer schwarz,medium,1
20,1200,Schnauzer schwarz / Mischling,medium,1
20,1200,Schnauzer schwarz / Schwarzer Terrier,large,1
20,1200,Scottish Terrier,medium,1
20,1200,Shar Pei,medium,6
20,1200,Shar Pei / Labrador Retriever,large,1
20,1200,Shar Pei / Mischling,medium,3
20,1200,Shetland Sheepdog,medium,4
20,1200,Shiba,medium,14
20,1200,Shiba / Beagle,medium,1
20,1200,Shiba / Chihuahua Kurzhaar,medium,1
20,1200,Shih Tzu,small,14
20,1200,Shih Tzu / Chihuahua Kurzhaar,small,1
20,1200,Siberian Husky,large,10
20,1200,Siberian Husky / Deutscher Schäferhund,large,1
20,1200,Siberian Husky / Mischling,large,3
20,1200,Sloughi / Mischling,large,1
20,1200,Spitz,medium,10
20,1200,Spitz / Chihuahua Langhaar,medium,1
20,1200,Spitz / Golden Retriever,large,1
20,1200,Spitz / Mischling,medium,8
20,1200,Spitz / Papillon,medium,1
20,1200,Spitz / Yorkshire Terrier,medium,1
20,1200,Staffordshire Bullterrier,medium,5
20,1200,Terrier Brasileiro,medium,1
20,1200,Terrier Brasileiro / Mischling,medium,1
20,1200,Thai Ridgeback Dog / Jack Russell Terrier,medium,1
20,1200,Tibetan Spaniel,small,1
20,1200,Tibetan Spaniel / Mischling,small,2
20,1200,Tibetan Terrier,medium,3
20,1200,Tibetan Terrier / Mischling,medium,1
20,1200,Tiroler Bracke,medium,1
20,1200,Tornjak / Französische Bulldogge,large,1
20,1200,Toypudel Apricot,medium,5
20,1200,Toypudel Braun,medium,1
20,1200,Toypudel Rot,medium,1
20,1200,Toypudel Weiss,medium,1
20,1200,Tschechoslowakischer Wolfhund,large,1
20,1200,Unbekannt,unknown,32
20,1200,Unbekannt / Mischling,unknown,152
20,1200,Västgötaspets / Mischling,medium,1
20,1200,Weimaraner Kurzhaar,large,1
20,1200,Weimaraner Kurzhaar / Mischling,large,1
20,1200,Welsh Corgi Cardigan / Labrador Retriever,large,1
20,1200,Welsh Corgi Pembroke,medium,8
20,1200,Welsh Corgi Pembroke / Akita,large,1
20,1200,Welsh Corgi Pembroke / Labrador Retriever,large,1
20,1200,Welsh Corgi Pembroke / Mischling,medium,1
20,1200,Welsh Corgi Pembroke / Zwergspitz (Pomeranian),medium,1
20,1200,Welsh Springer Spaniel / Mischling,medium,1
20,1200,Welsh Terrier,medium,1
20,1200,West Highland White Terrier,small,9
20,1200,West Highland White Terrier / Malteser,small,1
20,1200,Whippet,medium,3
20,1200,Whippet / Labrador Retriever,large,1
20,1200,Whippet / Mischling,medium,1
20,1200,Whippet / Spinone Italiano,large,1
20,1200,Windhund,large,1
20,1200,Wolfspitz,large,3
20,1200,Xoloitzcuintle Grande,large,1
20,1200,Yorkshire Terrier,small,49
20,1200,Yorkshire Terrier / Bologneser,small,1
20,1200,Yorkshire Terrier / Chihuahua Kurzhaar,small,2
20,1200,Yorkshire Terrier / Französische Bulldogge,medium,1
20,1200,Yorkshire Terrier / Mischling,small,3
20,1200,Zwergpinscher,medium,8
20,1200,Zwergpinscher / Chihuahua Kurzhaar,medium,1
20,1200,Zwergpinscher / Mischling,medium,3
20,1200,Zwergpudel Apricot,medium,14
20,1200,Zwergpudel Apricot / Bichon frise,medium,1
20,1200,Zwergpudel Apricot / English Cocker Spaniel einfärbig,medium,1
20,1200,Zwergpudel Braun,medium,2
20,1200,Zwergpudel Grau,medium,2
20,1200,Zwergpudel Rot,medium,3
20,1200,Zwergpudel Rot / Cavalier King Charles Spaniel,medium,1
20,1200,Zwergpudel Schwarz / Malteser,medium,1
20,1200,Zwergpudel Weiss / Yorkshire Terrier,medium,1
20,1200,Zwergschnauzer pfeffer-salz,medium,2
20,1200,Zwergschnauzer pfeffer-salz / Mischling,medium,1
20,1200,Zwergschnauzer schwarz,medium,1
20,1200,Zwergspitz (Pomeranian),medium,38
20,1200,Zwergspitz (Pomeranian) / Grossspitz Braun/Schwarz,large,2
20,1200,Zwergspitz (Pomeranian) / Mischling,medium,3
20,1200,Österreichischer Pinscher / Mischling,medium,5
21,1210,Affenpinscher / Griffon belge,medium,1
21,1210,Affenpinscher / Mischling,medium,2
21,1210,Afghanischer Windhund / Border Terrier,large,1
21,1210,Afghanischer Windhund / Labrador Retriever,large,1
21,1210,Afghanischer Windhund / Mischling,large,2
21,1210,Airedale Terrier,medium,8
21,1210,Akita,large,19
21,1210,Akita / Beagle,large,1
21,1210,Akita / Labrador Retriever,large,1
21,1210,Akita / Mischling,large,5
21,1210,Alaskan Malamute,large,10
21,1210,Alaskan Malamute / Collie Langhaar (Rough),large,1
21,1210,Alaskan Malamute / Mischling,large,1
21,1210,Alaskan Malamute / Siberian Husky,large,1
21,1210,Alaskan Malamute / Tschechoslowakischer Wolfhund,large,1
21,1210,Alpenländische Dachsbracke / Beagle,medium,1
21,1210,Alpenländische Dachsbracke / Kurzhaar Dachshund Normal,medium,1
21,1210,Alpenländische Dachsbracke / Mischling,medium,1
21,1210,American Akita,large,5
21,1210,American Bulldog,large,3
21,1210,American Bully,large,4
21,1210,American Cocker Spaniel,medium,6
21,1210,American Cocker Spaniel / Klein- oder Mittelpudel,medium,1
21,1210,American Cocker Spaniel / Kleinpudel Braun,medium,1
21,1210,American Cocker Spaniel / Labradoodle,medium,1
21,1210,American Cocker Spaniel / Labrador Retriever,large,1
21,1210,American Cocker Spaniel / Mischling,medium,2
21,1210,American Cocker Spaniel / Staffordshire Bullterrier,medium,1
21,1210,American Cocker Spaniel / Zwergpudel Apricot,medium,2
21,1210,American Foxhound / English Foxhound,large,1
21,1210,American Hairless Terrier,small,1
21,1210,American Pocket Bully,medium,2
21,1210,American Shepherd,medium,5
21,1210,American Staffordshire Terrier,large,221
21,1210,American Staffordshire Terrier / Bulldog,large,1
21,1210,American Staffordshire Terrier / Deutscher Boxer gelb,large,1
21,1210,American Staffordshire Terrier / Deutscher Schäferhund,large,1
21,1210,American Staffordshire Terrier / Labrador Retriever,large,2
21,1210,American Staffordshire Terrier / Mastiff,large,1
21,1210,American Staffordshire Terrier / Mischling,large,32
21,1210,American Staffordshire Terrier / Pit Bull Terrier,large,3
21,1210,American Staffordshire Terrier / Rhodesian Ridgeback,large,2
21,1210,American Staffordshire Terrier / Staffordshire Bullterrier,large,1
21,1210,Amerikanischer Collie,medium,1
21,1210,Anglo?francais de petite venerie,medium,1
21,1210,Appenzeller Gebirgsschweisshund / Mischling,large,2
21,1210,Appenzeller Sennenhund,large,3
21,1210,Appenzeller Sennenhund / Border Collie,large,1
21,1210,Appenzeller Sennenhund / Labrador Retriever,large,1
21,1210,Appenzeller Sennenhund / Mischling,large,2
21,1210,Aussiedoodle,medium,2
21,1210,Australian Cattledog,medium,3
21,1210,Australian Kelpie,medium,4
21,1210,Australian Kelpie / Australian Shepherd,medium,1
21,1210,Australian Kelpie / Border Collie,medium,1
21,1210,Australian Kelpie / Mischling,medium,1
21,1210,Australian Kelpie / Mudi,medium,1
21,1210,Australian Kelpie / Siberian Husky,large,1
21,1210,Australian Shepherd,medium,103
21,1210,Australian Shepherd / Appenzeller Sennenhund,large,1
21,1210,Australian Shepherd / Australian Kelpie,medium,1
21,1210,Australian Shepherd / Berger de Beauce (Beauceron),large,1
21,1210,Australian Shepherd / Border Collie,medium,3
21,1210,Australian Shepherd / Collie Langhaar (Rough),medium,1
21,1210,Australian Shepherd / English Setter,medium,1
21,1210,Australian Shepherd / Golden Retriever,large,2
21,1210,Australian Shepherd / Grosspudel Schwarz,large,1
21,1210,Australian Shepherd / Klein- oder Mittelpudel,medium,1
21,1210,Australian Shepherd / Kuvasz,large,1
21,1210,Australian Shepherd / Labrador Retriever,large,3
21,1210,Australian Shepherd / Mischling,medium,12
21,1210,Australian Shepherd / Parson Russell Terrier,medium,1
21,1210,Australian Shepherd / Siberian Husky,large,2
21,1210,Australian Shepherd / Tervueren,large,1
21,1210,Australian Shepherd / Zwergspitz (Pomeranian),medium,1
21,1210,Australian Terrier,medium,2
21,1210,Australian Terrier / Mischling,medium,2
21,1210,Australian Terrier / Rauhhaar Dachshund Normal,medium,1
21,1210,Barbet,medium,1
21,1210,Barsoi,large,1
21,1210,Basenji,medium,2
21,1210,Basenji / Beagle,medium,1
21,1210,Basenji / Malinois,medium,1
21,1210,Basenji / Mischling,medium,4
21,1210,Basenji / Shar Pei,medium,1
21,1210,Basset Hound,medium,4
21,1210,Bayrischer Gebirgsschweisshund,medium,4
21,1210,Bayrischer Gebirgsschweisshund / Beagle,medium,1
21,1210,Bayrischer Gebirgsschweisshund / Mischling,medium,1
21,1210,Beagle,medium,58
21,1210,Beagle / Alpenländische Dachsbracke,medium,1
21,1210,Beagle / Australian Cattledog,medium,1
21,1210,Beagle / Bayrischer Gebirgsschweisshund,medium,1
21,1210,Beagle / Bracco Italiano,large,1
21,1210,Beagle / Braque Saint-Germain,large,2
21,1210,Beagle / Dackel,medium,1
21,1210,Beagle / Deutscher Schäferhund,large,1
21,1210,Beagle / English Cocker Spaniel mehrfärbig,medium,1
21,1210,Beagle / Golden Retriever,large,1
21,1210,Beagle / Jack Russell Terrier,medium,1
21,1210,Beagle / Jura Laufhund,medium,1
21,1210,Beagle / Labrador Retriever,large,2
21,1210,Beagle / Mischling,medium,21
21,1210,Beagle / Papillon,medium,1
21,1210,Beagle / Pinscher,medium,1
21,1210,Beagle / Yorkshire Terrier,medium,1
21,1210,Beagle / Zwergpinscher,medium,1
21,1210,Bearded Collie,medium,10
21,1210,Bearded Collie / Australian Shepherd,medium,1
21,1210,Bearded Collie / Mischling,medium,2
21,1210,Belgischer Schäferhund,large,14
21,1210,Belgischer Schäferhund / Akita,large,1
21,1210,Belgischer Schäferhund / Berger de Beauce (Beauceron),large,1
21,1210,Belgischer Schäferhund / Border Collie,large,1
21,1210,Belgischer Schäferhund / Französische Bulldogge,large,1
21,1210,Belgischer Schäferhund / Galgo Espanol,large,1
21,1210,Belgischer Schäferhund / Greyhound,large,1
21,1210,Belgischer Schäferhund / Kleinspitz Braun/Schwarz,large,1
21,1210,Belgischer Schäferhund / Labrador Retriever,large,1
21,1210,Belgischer Schäferhund / Malinois,large,3
21,1210,Belgischer Schäferhund / Mischling,large,10
21,1210,Belgischer Schäferhund / Siberian Husky,large,1
21,1210,Berger Blanc Suisse,large,19
21,1210,Berger de Beauce (Beauceron),large,2
21,1210,Berger de Brie (Briard),large,3
21,1210,Berger de Brie (Briard) / Riesenschnauzer schwarz,large,1
21,1210,Berger de Picardie (Berger Picard),medium,2
21,1210,Berger de Picardie (Berger Picard) / Golden Retriever,large,1
21,1210,Berger des Pyrenees a face rase,medium,1
21,1210,Berger des Pyrenees a poil long / Berger des Pyrenees a face,medium,1
21,1210,Berner Sennenhund,large,40
21,1210,Berner Sennenhund / Australian Shepherd,large,1
21,1210,Berner Sennenhund / Border Collie,large,1
21,1210,Berner Sennenhund / Deutscher Schäferhund,large,2
21,1210,Berner Sennenhund / Hovawart,large,1
21,1210,Berner Sennenhund / Labrador Retriever,large,1
21,1210,Berner Sennenhund / Mischling,large,5
21,1210,Berner Sennenhund / Samojede,large,1
21,1210,Bichon frise,small,30
21,1210,Bichon frise / Havaneser,small,7
21,1210,Bichon frise / Mischling,small,2
21,1210,Bichon frise / Mops (Carlin),small,1
21,1210,Bichon frise / Pekingese,small,1
21,1210,Bichon frise / Shih Tzu,small,1
21,1210,Bichon frise / Yorkshire Terrier,small,1
21,1210,Bichon frise / Zwergpudel Apricot,medium,1
21,1210,Bichon/Yorkie,small,1
21,1210,Bichon/Yorkie / Malteser,small,1
21,1210,Bichon/Yorkie / Mischling,small,1
21,1210,Biewer Terrier,small,4
21,1210,Biewer Terrier / Yorkshire Terrier,small,1
21,1210,Boerboel,large,1
21,1210,Bologneser,small,12
21,1210,Bologneser / Shih Tzu,small,1
21,1210,Bolonka Zwetna,small,25
21,1210,Bolonka Zwetna / Pudel,medium,1
21,1210,Bolonka Zwetna / Toypudel Apricot,medium,1
21,1210,Bolonka Zwetna / Toypudel Schwarz,medium,1
21,1210,Border Collie,medium,102
21,1210,Border Collie / Australian Shepherd,medium,2
21,1210,Border Collie / Berner Sennenhund,large,1
21,1210,Border Collie / Bracke,medium,1
21,1210,Border Collie / Dackel,medium,1
21,1210,Border Collie / Deutscher Schäferhund,large,2
21,1210,Border Collie / English Pointer,medium,1
21,1210,Border Collie / Flat-Coated Retriever,large,1
21,1210,Border Collie / Fox Terrier drahthaar,medium,1
21,1210,Border Collie / Golden Retriever,large,2
21,1210,Border Collie / Jack Russell Terrier,medium,1
21,1210,Border Collie / Kleiner Münsterländer,medium,2
21,1210,Border Collie / Labrador Retriever,large,5
21,1210,Border Collie / Langhaar Dachshund Normal,medium,1
21,1210,Border Collie / Malteser,medium,1
21,1210,Border Collie / Mischling,medium,30
21,1210,Border Collie / Papillon,medium,1
21,1210,Border Collie / Pinscher,medium,1
21,1210,Border Collie / Podenco Canario,medium,1
21,1210,Border Collie / Rauhhaar Dachshund Normal,medium,2
21,1210,Border Collie / Saarlooswolfhond,large,1
21,1210,Border Collie / Shetland Sheepdog,medium,1
21,1210,Border Collie / Spitz,medium,1
21,1210,Border Collie / Tornjak,large,1
21,1210,Border Collie / Zwergschnauzer pfeffer-salz,medium,1
21,1210,Border Collie / Zwergspitz (Pomeranian),medium,1
21,1210,Border Collie / Österreichischer Pinscher,medium,1
21,1210,Border Terrier,medium,8
21,1210,Border Terrier / Border Collie,medium,1
21,1210,Border Terrier / Irish Terrier,medium,1
21,1210,Border Terrier / Langhaar Dachshund Normal,medium,1
21,1210,Border Terrier / Mischling,medium,4
21,1210,Border Terrier / Rauhhaar Dachshund Normal,medium,1
21,1210,Bosanski Ostrodlaki Gonic - Barac / Mischling,medium,2
21,1210,Boston Terrier,medium,10
21,1210,Boston Terrier / Bulldog,medium,1
21,1210,Boston Terrier / Französische Bulldogge,medium,2
21,1210,Bracke,medium,2
21,1210,Bracke / Mischling,medium,10
21,1210,Bracke / Rauhhaar Dachshund Zwerg,medium,1
21,1210,Brandlbracke,medium,1
21,1210,Brandlbracke / Kurzhaar Dachshund Normal,medium,1
21,1210,Brandlbracke / Labrador Retriever,large,1
21,1210,Brandlbracke / Mischling,medium,1
21,1210,Braque Saint-Germain / Dansk-Svensk Gardshund,large,1
21,1210,Braque d'Auvergne / Mischling,large,1
21,1210,Braque francais - Type Pyrenees (Petite) / Podengo Portugues,medium,1
21,1210,Broholmer,large,2
21,1210,Bull Terrier (Standard),medium,13
21,1210,Bull Terrier (Standard) / American Staffordshire Terrier,large,1
21,1210,Bull Terrier (Standard) / Staffordshire Bullterrier,medium,1
21,1210,Bulldog,medium,26
21,1210,Bulldog / Französische Bulldogge,medium,1
21,1210,Bulldog / Mischling,medium,6
21,1210,Bulldog / Pit Bull Terrier,large,1
21,1210,Bullmastiff,large,3
21,1210,Cairn Terrier,small,2
21,1210,Canaan Dog / Jack Russell Terrier,medium,1
21,1210,Cane Corso Italiano,large,26
21,1210,Cane Corso Italiano / Australian Kelpie,large,1
21,1210,Cane Corso Italiano / Labrador Retriever,large,1
21,1210,Cane Corso Italiano / Malinois,large,2
21,1210,Cane Corso Italiano / Mischling,large,4
21,1210,Cao de Agua Portugues (Portug. Wasserhund),large,14
21,1210,Catahoula Leopard Dog,large,2
21,1210,Cavalier King Charles Spaniel,small,32
21,1210,Cavalier King Charles Spaniel / Beagle,medium,1
21,1210,Cavalier King Charles Spaniel / Kleinpudel Apricot,medium,1
21,1210,Cavalier King Charles Spaniel / Malteser,small,1
21,1210,Cavalier King Charles Spaniel / Papillon,small,1
21,1210,Cavalier King Charles Spaniel / Pudel,medium,2
21,1210,Cavalier King Charles Spaniel / Pudelpointer,medium,1
21,1210,Cavalier King Charles Spaniel / Zwergpudel Apricot,medium,1
21,1210,Cavalier King Charles Spaniel / Zwergpudel Braun,medium,1
21,1210,Cavalier King Charles Spaniel / Zwergpudel Schwarz,medium,1
21,1210,Chesapeake Bay Retriever,large,1
21,1210,Chesapeake Bay Retriever / Mischling,large,1
21,1210,Chihuahua Kurzhaar,small,401
21,1210,Chihuahua Kurzhaar / Beagle,medium,1
21,1210,Chihuahua Kurzhaar / Chihuahua Kurzhaar,small,1
21,1210,Chihuahua Kurzhaar / Chihuahua Langhaar,small,2
21,1210,Chihuahua Kurzhaar / Dackel,small,2
21,1210,Chihuahua Kurzhaar / Deutscher Pinscher,medium,3
21,1210,Chihuahua Kurzhaar / Italienisches Windspiel,small,1
21,1210,Chihuahua Kurzhaar / Kleinspitz Neufarben,medium,1
21,1210,Chihuahua Kurzhaar / Mischling,small,41
21,1210,Chihuahua Kurzhaar / Papillon,small,2
21,1210,Chihuahua Kurzhaar / Pinscher,medium,3
21,1210,Chihuahua Kurzhaar / Prager Rattler,small,1
21,1210,Chihuahua Kurzhaar / Pudel,medium,2
21,1210,Chihuahua Kurzhaar / Yorkshire Terrier,small,2
21,1210,Chihuahua Kurzhaar / Zwergpinscher,medium,5
21,1210,Chihuahua Kurzhaar / Zwergspitz (Pomeranian),medium,1
21,1210,Chihuahua Kurzhaar / Österreichischer Pinscher,medium,1
21,1210,Chihuahua Langhaar,small,174
21,1210,Chihuahua Langhaar / Chihuahua Kurzhaar,small,1
21,1210,Chihuahua Langhaar / Deutsche Dogge gelb,large,1
21,1210,Chihuahua Langhaar / Deutscher Pinscher,medium,1
21,1210,Chihuahua Langhaar / Malteser,small,3
21,1210,Chihuahua Langhaar / Mischling,small,16
21,1210,Chihuahua Langhaar / Pekingese,small,3
21,1210,Chihuahua Langhaar / Pinscher,medium,1
21,1210,Chihuahua Langhaar / Russkiy Toy Langhaar,small,1
21,1210,Chihuahua Langhaar / Spitz,medium,2
21,1210,Chihuahua Langhaar / Zwergspitz (Pomeranian),medium,1
21,1210,Chin,small,2
21,1210,Chinese Crested Dog hairless,small,9
21,1210,Chinese Crested Dog hairless / Mischling,small,1
21,1210,Chinese Crested Dog powderpuff,small,12
21,1210,Chodsky Pes,medium,2
21,1210,Chow-Chow,large,10
21,1210,Chow-Chow / Border Collie,large,1
21,1210,Chow-Chow / Eurasier,large,2
21,1210,Ciobanesc Romanesc Mioritic,large,1
21,1210,Ciobanesc Romanesc de Bucovina,large,1
21,1210,Cirneco dell'Etna / Fox Terrier glatthaar,medium,1
21,1210,Clumber Spaniel / Kleinpudel Rot,medium,1
21,1210,Coban Köpegi (Anatolischer Hirtenhund),large,1
21,1210,Coban Köpegi (Anatolischer Hirtenhund) / Deutscher Schäferhu,large,1
21,1210,Coban Köpegi (Anatolischer Hirtenhund) / Labrador Retriever,large,1
21,1210,Coban Köpegi (Anatolischer Hirtenhund) / Mischling,large,2
21,1210,Cockerpoo,medium,4
21,1210,Collie Kurzhaar (Smooth),medium,2
21,1210,Collie Kurzhaar (Smooth) / Australian Cattledog,medium,1
21,1210,Collie Kurzhaar (Smooth) / Deutscher Schäferhund,large,1
21,1210,Collie Kurzhaar (Smooth) / Mischling,medium,1
21,1210,Collie Langhaar (Rough),medium,16
21,1210,Collie Langhaar (Rough) / Appenzeller Sennenhund,large,1
21,1210,Collie Langhaar (Rough) / Belgischer Schäferhund,large,1
21,1210,Collie Langhaar (Rough) / Berner Sennenhund,large,1
21,1210,Collie Langhaar (Rough) / Dalmatiner,medium,1
21,1210,Collie Langhaar (Rough) / Golden Retriever,large,1
21,1210,Collie Langhaar (Rough) / Labrador Retriever,large,1
21,1210,Collie Langhaar (Rough) / Mischling,medium,5
21,1210,Coton de Tulear,small,5
21,1210,Curly-Coated Retriever,large,1
21,1210,Dackel,small,40
21,1210,Dackel / Beagle,medium,1
21,1210,Dackel / Bracke,medium,1
21,1210,Dackel / Deutscher Pinscher,medium,1
21,1210,Dackel / English Cocker Spaniel einfärbig,medium,1
21,1210,Dackel / English Cocker Spaniel mehrfärbig,medium,1
21,1210,Dackel / Jack Russell Terrier,medium,2
21,1210,Dackel / King Charles Spaniel,small,1
21,1210,Dackel / Mischling,small,61
21,1210,Dackel / Pekingese,small,1
21,1210,Dackel / Pudel,medium,1
21,1210,Dackel / Schnauzer pfeffersalz,medium,1
21,1210,Dackel / Österreichischer Pinscher,medium,2
21,1210,Dalmatiner,medium,21
21,1210,Dalmatiner / American Staffordshire Terrier,large,1
21,1210,Dalmatiner / Dobermann schwarz-rot,large,1
21,1210,Dalmatiner / Labrador Retriever,large,1
21,1210,Dalmatiner / Mischling,medium,2
21,1210,Dansk-Svensk Gardshund,medium,1
21,1210,Deerhound,large,1
21,1210,Deutsch Drahthaar,medium,3
21,1210,Deutsch Drahthaar / Australian Terrier,medium,1
21,1210,Deutsch Drahthaar / Mischling,medium,4
21,1210,Deutsch Kurzhaar,medium,12
21,1210,Deutsch Kurzhaar / Deutsch Kurzhaar,medium,1
21,1210,Deutsch Kurzhaar / English Springer Spaniel,medium,1
21,1210,Deutsch Kurzhaar / Greyhound,medium,1
21,1210,Deutsch Kurzhaar / Mischling,medium,11
21,1210,Deutsch Kurzhaar / Spitz,medium,1
21,1210,Deutsche Bracke,medium,2
21,1210,Deutsche Bracke / Labrador Retriever,large,1
21,1210,Deutsche Dogge blau,large,7
21,1210,Deutsche Dogge blau / Mischling,large,1
21,1210,Deutsche Dogge gefleckt,large,1
21,1210,Deutsche Dogge gelb,large,1
21,1210,Deutsche Dogge gelb / English Cocker Spaniel einfärbig,large,1
21,1210,Deutsche Dogge gestromt,large,1
21,1210,Deutsche Dogge schwarz,large,2
21,1210,Deutscher Boxer gelb,large,13
21,1210,Deutscher Boxer gelb / Beagle,large,1
21,1210,Deutscher Boxer gelb / Deutscher Schäferhund,large,1
21,1210,Deutscher Boxer gelb / Malinois,large,1
21,1210,Deutscher Boxer gelb / Mischling,large,3
21,1210,Deutscher Boxer gelb / Mops (Carlin),large,1
21,1210,Deutscher Boxer gestromt,large,5
21,1210,Deutscher Boxer gestromt / Mischling,large,1
21,1210,Deutscher Jagdterrier,medium,3
21,1210,Deutscher Jagdterrier / Deutscher Schäferhund,large,2
21,1210,Deutscher Jagdterrier / Fox Terrier glatthaar,medium,1
21,1210,Deutscher Jagdterrier / Mischling,medium,10
21,1210,Deutscher Jagdterrier / Rauhhaar Dachshund Zwerg,medium,1
21,1210,Deutscher Pinscher,medium,7
21,1210,Deutscher Pinscher / Basenji,medium,1
21,1210,Deutscher Pinscher / Chihuahua Kurzhaar,medium,1
21,1210,Deutscher Pinscher / Chihuahua Langhaar,medium,1
21,1210,Deutscher Pinscher / Collie Kurzhaar (Smooth),medium,1
21,1210,Deutscher Pinscher / Dackel,medium,1
21,1210,Deutscher Pinscher / Mischling,medium,9
21,1210,Deutscher Schäferhund,large,63
21,1210,Deutscher Schäferhund / Akita,large,2
21,1210,Deutscher Schäferhund / Australian Shepherd,large,1
21,1210,Deutscher Schäferhund / Beagle,large,2
21,1210,Deutscher Schäferhund / Belgischer Schäferhund,large,1
21,1210,Deutscher Schäferhund / Berner Sennenhund,large,1
21,1210,Deutscher Schäferhund / Bulldog,large,1
21,1210,Deutscher Schäferhund / Cane Corso Italiano,large,1
21,1210,Deutscher Schäferhund / Chihuahua Kurzhaar,large,1
21,1210,Deutscher Schäferhund / Coban Köpegi (Anatolischer Hirtenhun,large,1
21,1210,Deutscher Schäferhund / Collie Langhaar (Rough),large,3
21,1210,Deutscher Schäferhund / Deutsch Kurzhaar,large,1
21,1210,Deutscher Schäferhund / Deutscher Pinscher,large,1
21,1210,Deutscher Schäferhund / English Pointer,large,1
21,1210,Deutscher Schäferhund / Golden Retriever,large,1
21,1210,Deutscher Schäferhund / Hovawart,large,1
21,1210,Deutscher Schäferhund / Irish Red and White Setter,large,1
21,1210,Deutscher Schäferhund / Irish Terrier,large,1
21,1210,Deutscher Schäferhund / Jack Russell Terrier,large,3
21,1210,Deutscher Schäferhund / Kaukasischer Ovtcharka,large,1
21,1210,Deutscher Schäferhund / Kurzhaar Dachshund Normal,large,1
21,1210,Deutscher Schäferhund / Labrador Retriever,large,7
21,1210,Deutscher Schäferhund / Lancashire Heeler,large,1
21,1210,Deutscher Schäferhund / Malinois,large,1
21,1210,Deutscher Schäferhund / Mischling,large,68
21,1210,Deutscher Schäferhund / Pinscher,large,1
21,1210,Deutscher Schäferhund / Rauhhaar Dachshund Zwerg,large,1
21,1210,Deutscher Schäferhund / Rottweiler,large,1
21,1210,Deutscher Schäferhund / Shar Pei,large,1
21,1210,Deutscher Schäferhund / Siberian Husky,large,2
21,1210,Deutscher Schäferhund / Spitz,large,1
21,1210,Deutscher Schäferhund / St. Bernhardshund Kurzhaar,large,1
21,1210,Deutscher Schäferhund / Västgötaspets,large,1
21,1210,Deutscher Schäferhund / Wolfspitz,large,1
21,1210,Deutscher Schäferhund Langstockhaar,large,18
21,1210,Deutscher Schäferhund Langstockhaar / Mischling,large,2
21,1210,Deutscher Schäferhund Langstockhaar / Siberian Husky,large,1
21,1210,Deutscher Spitz,medium,15
21,1210,Deutscher Spitz / Bearded Collie,medium,1
21,1210,Deutscher Spitz / Deutscher Spitz,medium,1
21,1210,Deutscher Spitz / Mischling,medium,6
21,1210,Deutscher Spitz / Yorkshire Terrier,medium,1
21,1210,Dobermann braun-rot,large,9
21,1210,Dobermann braun-rot / Deutsch Kurzhaar,large,1
21,1210,Dobermann braun-rot / Mischling,large,1
21,1210,Dobermann schwarz-rot,large,5
21,1210,Dobermann schwarz-rot / Mischling,large,1
21,1210,Dog de Bordeaux (Bordeauxdogge),large,5
21,1210,Dog de Bordeaux (Bordeauxdogge) / Mischling,large,1
21,1210,Dogo Argentino,large,4
21,1210,Dogo Argentino / American Bulldog,large,1
21,1210,Dogo Canario,large,4
21,1210,Elo,medium,4
21,1210,English Cocker Spaniel einfärbig,medium,36
21,1210,English Cocker Spaniel einfärbig / Cao de Agua Portugues (Po,large,1
21,1210,English Cocker Spaniel einfärbig / Kleinpudel Apricot,medium,2
21,1210,English Cocker Spaniel einfärbig / Kleinpudel Braun,medium,1
21,1210,English Cocker Spaniel einfärbig / Kleinpudel Grau,medium,1
21,1210,English Cocker Spaniel einfärbig / Mischling,medium,4
21,1210,English Cocker Spaniel einfärbig / Pudel,medium,1
21,1210,English Cocker Spaniel einfärbig / Zwergpudel Falb,medium,1
21,1210,English Cocker Spaniel einfärbig / Zwergpudel Schwarz,medium,1
21,1210,English Cocker Spaniel mehrfärbig,medium,26
21,1210,English Cocker Spaniel mehrfärbig / Grosspudel Weiss,large,1
21,1210,English Cocker Spaniel mehrfärbig / Mischling,medium,3
21,1210,English Cocker Spaniel mehrfärbig / Pudel,medium,1
21,1210,English Cocker Spaniel mehrfärbig / Zwergpudel Apricot,medium,1
21,1210,English Cocker Spaniel mehrfärbig / Zwergpudel Weiss,medium,1
21,1210,English Pointer,medium,3
21,1210,English Pointer / English Setter,medium,1
21,1210,English Pointer / Mischling,medium,2
21,1210,English Setter,medium,3
21,1210,English Setter / Mischling,medium,2
21,1210,English Springer Spaniel,medium,7
21,1210,English Springer Spaniel / Mischling,medium,2
21,1210,English Toy Terrier,small,1
21,1210,Entlebucher Sennenhund,medium,14
21,1210,Entlebucher Sennenhund / Labrador Retriever,large,2
21,1210,Entlebucher Sennenhund / Mischling,medium,1
21,1210,Epagneul breton,medium,3
21,1210,Epagneul breton / Mischling,medium,2
21,1210,Erdelyi Kopo,medium,1
21,1210,Erdelyi Kopo / Mischling,medium,1
21,1210,Eurasier,medium,6
21,1210,Eurasier / Berner Sennenhund,large,1
21,1210,Eurasier / Chow-Chow,large,1
21,1210,Eurasier / Deutscher Schäferhund,large,1
21,1210,Finnen-Spitz / Shiba,medium,1
21,1210,Flat-Coated Retriever,large,23
21,1210,Flat-Coated Retriever / American Water Spaniel,large,1
21,1210,Flat-Coated Retriever / Border Collie,large,1
21,1210,Flat-Coated Retriever / Mischling,large,3
21,1210,Fox Terrier drahthaar,medium,5
21,1210,Fox Terrier drahthaar / Beagle,medium,1
21,1210,Fox Terrier drahthaar / Mischling,medium,9
21,1210,Fox Terrier drahthaar / Parson Russell Terrier,medium,1
21,1210,Fox Terrier drahthaar / Zwergschnauzer weiss,medium,1
21,1210,Fox Terrier glatthaar,medium,4
21,1210,Fox Terrier glatthaar / Berner Sennenhund,large,1
21,1210,Fox Terrier glatthaar / Deutsch Kurzhaar,medium,1
21,1210,Fox Terrier glatthaar / Labrador Retriever,large,1
21,1210,Fox Terrier glatthaar / Mischling,medium,6
21,1210,Französische Bulldogge,medium,237
21,1210,Französische Bulldogge / Boston Terrier,medium,1
21,1210,Französische Bulldogge / Bulldog,medium,1
21,1210,Französische Bulldogge / Chow-Chow,large,1
21,1210,Französische Bulldogge / Miniatur Bull Terrier,medium,2
21,1210,Französische Bulldogge / Mischling,medium,8
21,1210,Galgo Espanol,medium,5
21,1210,Galgo Espanol / Mischling,medium,2
21,1210,Golden Retriever,large,137
21,1210,Golden Retriever / Akita,large,1
21,1210,Golden Retriever / Australian Shepherd,large,1
21,1210,Golden Retriever / Border Collie,large,2
21,1210,Golden Retriever / English Springer Spaniel,large,1
21,1210,Golden Retriever / Golden Retriever,large,1
21,1210,Golden Retriever / Grosspudel Apricot,large,2
21,1210,Golden Retriever / Grosspudel Braun,large,1
21,1210,Golden Retriever / Grosspudel Weiss,large,2
21,1210,Golden Retriever / Labradoodle,large,1
21,1210,Golden Retriever / Labrador Retriever,large,7
21,1210,Golden Retriever / Mischling,large,24
21,1210,Golden Retriever / Pyrenäen Berghund,large,1
21,1210,Golden Retriever / Schnauzer pfeffersalz,large,1
21,1210,Golden Retriever / Siberian Husky,large,1
21,1210,Golden Retriever / Spitz,large,1
21,1210,Golden Retriever / Sussex Spaniel,large,1
21,1210,Gordon Setter,medium,1
21,1210,Gordon Setter / Mischling,medium,1
21,1210,Gos d'Atura Catala,medium,1
21,1210,Greyhound,medium,5
21,1210,Greyhound / Fox Terrier glatthaar,medium,1
21,1210,Greyhound / Mischling,medium,2
21,1210,Griffon Korthals / Mischling,small,1
21,1210,Groenendael,large,1
21,1210,Grosser Münsterländer,large,2
21,1210,Grosser Münsterländer / Mischling,large,1
21,1210,Grosspudel Apricot,large,10
21,1210,Grosspudel Apricot / Golden Retriever,large,1
21,1210,Grosspudel Braun,large,1
21,1210,Grosspudel Braun / Golden Retriever,large,2
21,1210,Grosspudel Falb,large,3
21,1210,Grosspudel Grau / Golden Retriever,large,1
21,1210,Grosspudel Schwarz,large,4
21,1210,Grosspudel Schwarz / Labrador Retriever,large,1
21,1210,Grosspudel Weiss,large,1
21,1210,Grosspudel Weiss / Labrador Retriever,large,1
21,1210,Grosspudel Weiss / Mischling,large,1
21,1210,Grosspudel Weiss / Zwergpudel falb aus Mehrfarben,large,1
21,1210,Grosspudel schwarz aus Mehrfarben,large,1
21,1210,Grossspitz Braun/Schwarz,large,2
21,1210,Grossspitz Braun/Schwarz / Mischling,large,2
21,1210,Grönlandshund / Mischling,large,1
21,1210,Harzer Fuchs / Bracke,medium,1
21,1210,Havaneser,small,127
21,1210,Havaneser / Bichon frise,small,2
21,1210,Havaneser / Bolonka Zwetna,small,2
21,1210,Havaneser / Deutsch Langhaar,medium,1
21,1210,Havaneser / Malteser,small,9
21,1210,Havaneser / Mischling,small,28
21,1210,Havaneser / Pudel,medium,1
21,1210,Havaneser / Pudelpointer,medium,4
21,1210,Havaneser / Spitz,medium,1
21,1210,Havaneser / Tibetan Terrier,medium,1
21,1210,Havaneser / Toypudel Apricot,medium,1
21,1210,Havaneser / Yorkshire Terrier,small,3
21,1210,Havaneser / Zwergpudel Apricot,medium,1
21,1210,Hellinikos Ichnilatis,medium,1
21,1210,Hellinikos Ichnilatis / Border Collie,medium,1
21,1210,Hellinikos Ichnilatis / Mischling,medium,3
21,1210,Holländischer Schäferhund Kurzhaar,large,5
21,1210,Holländischer Schäferhund Kurzhaar / Collie Kurzhaar (Smooth,large,2
21,1210,Holländischer Schäferhund Kurzhaar / Labrador Retriever,large,1
21,1210,Holländischer Schäferhund Kurzhaar / Malinois,large,1
21,1210,Holländischer Schäferhund Kurzhaar / Mischling,large,4
21,1210,Holländischer Schäferhund Langhaar / Stabyhoun,large,1
21,1210,Holländischer Schäferhund Rauhhaar / Deutscher Schäferhund,large,1
21,1210,Hovawart,large,15
21,1210,Hovawart / Mischling,large,1
21,1210,Hrvatski Ovcar / Mischling,medium,1
21,1210,Irish Red Setter,medium,7
21,1210,Irish Red Setter / Epagneul breton,medium,1
21,1210,Irish Red Setter / Mischling,medium,1
21,1210,Irish Red and White Setter,medium,7
21,1210,Irish Red and White Setter / Mischling,medium,1
21,1210,Irish Soft Coated Wheaten Terrier,medium,1
21,1210,Irish Terrier,medium,5
21,1210,Irish Terrier / Irish Glen of Imaal Terrier,medium,1
21,1210,Irish Terrier / Mischling,medium,1
21,1210,Irish Wolfhound,large,4
21,1210,Irish Wolfhound / Schnauzer schwarz,large,1
21,1210,Islandhund / Finnen-Spitz,medium,1
21,1210,Istrianer Bracke Kurzhaar (Kratkodlaki Gonic) / Labrador Ret,medium,1
21,1210,Istrianer Bracke Kurzhaar (Kratkodlaki Gonic) / Mischling,medium,1
21,1210,Italienisches Windspiel,small,5
21,1210,Italienisches Windspiel / Labrador Retriever,large,2
21,1210,Jack Russell Terrier,medium,100
21,1210,Jack Russell Terrier / Beagle,medium,1
21,1210,Jack Russell Terrier / Chihuahua Kurzhaar,medium,3
21,1210,Jack Russell Terrier / Chihuahua Langhaar,medium,2
21,1210,Jack Russell Terrier / Collie Langhaar (Rough),medium,1
21,1210,Jack Russell Terrier / Dackel,medium,3
21,1210,Jack Russell Terrier / Dalmatiner,medium,2
21,1210,Jack Russell Terrier / Deutsch Kurzhaar,medium,1
21,1210,Jack Russell Terrier / Deutscher Pinscher,medium,1
21,1210,Jack Russell Terrier / Deutscher Schäferhund,large,1
21,1210,Jack Russell Terrier / Fox Terrier glatthaar,medium,1
21,1210,Jack Russell Terrier / Havaneser,medium,1
21,1210,Jack Russell Terrier / Kooikerhondje,medium,1
21,1210,Jack Russell Terrier / Kurzhaar Dachshund Normal,medium,1
21,1210,Jack Russell Terrier / Labrador Retriever,large,3
21,1210,Jack Russell Terrier / Malinois,medium,1
21,1210,Jack Russell Terrier / Malteser,medium,2
21,1210,Jack Russell Terrier / Mischling,medium,43
21,1210,Jack Russell Terrier / Papillon,medium,1
21,1210,Jack Russell Terrier / Parson Russell Terrier,medium,1
21,1210,Jack Russell Terrier / Pekingese,medium,2
21,1210,Jack Russell Terrier / Pinscher,medium,4
21,1210,Jack Russell Terrier / Pudel,medium,1
21,1210,Jack Russell Terrier / Rauhhaar Dachshund Normal,medium,1
21,1210,Jack Russell Terrier / Schnauzer pfeffersalz,medium,1
21,1210,Jack Russell Terrier / Shar Pei,medium,1
21,1210,Jack Russell Terrier / Spitz,medium,2
21,1210,Jack Russell Terrier / Welsh Terrier,medium,2
21,1210,Jack Russell Terrier / Zwergpinscher,medium,1
21,1210,Jack Russell Terrier / Österreichischer Pinscher,medium,1
21,1210,Jagdterrier / Mischling,medium,2
21,1210,Japanischer Spitz,medium,1
21,1210,Japanischer Spitz / Beagle,medium,1
21,1210,Japanischer Spitz / Jack Russell Terrier,medium,1
21,1210,Japanischer Spitz / Mops (Carlin),medium,1
21,1210,Japanischer Terrier,small,1
21,1210,Kaukasischer Ovtcharka,large,1
21,1210,Kerry Blue Terrier,medium,1
21,1210,King Charles Spaniel,small,4
21,1210,King Charles Spaniel / English Cocker Spaniel mehrfärbig,medium,1
21,1210,King Charles Spaniel / Papillon,small,1
21,1210,Klein- oder Mittelpudel,medium,6
21,1210,Klein- oder Mittelpudel / English Cocker Spaniel einfärbig,medium,1
21,1210,Klein- oder Mittelpudel / Golden Retriever,large,1
21,1210,Klein- oder Mittelpudel / Mischling,medium,1
21,1210,Kleiner Münsterländer,medium,3
21,1210,Kleiner Münsterländer / Border Collie,medium,1
21,1210,Kleiner Münsterländer / Mischling,medium,1
21,1210,Kleinpudel Apricot,medium,3
21,1210,Kleinpudel Apricot / English Cocker Spaniel mehrfärbig,medium,1
21,1210,Kleinpudel Apricot / Malteser,medium,2
21,1210,Kleinpudel Braun,medium,2
21,1210,Kleinpudel Braun / Golden Retriever,large,1
21,1210,Kleinpudel Braun / Mischling,medium,1
21,1210,Kleinpudel Braun / Zwergspitz (Pomeranian),medium,1
21,1210,Kleinpudel Falb,medium,3
21,1210,Kleinpudel Rot,medium,2
21,1210,Kleinpudel Rot / American Cocker Spaniel,medium,2
21,1210,Kleinpudel Schwarz,medium,1
21,1210,Kleinpudel Schwarz / Zwergschnauzer schwarz,medium,1
21,1210,Kleinpudel Weiss,medium,1
21,1210,Kleinpudel Weiss / Malteser,medium,1
21,1210,Kleinpudel falb aus Mehrfarben,medium,1
21,1210,Kleinpudel schwarz aus Mehrfarben,medium,1
21,1210,Kleinpudel schwarz aus Mehrfarben / Puli andersfarbig,medium,1
21,1210,Kleinspitz Braun/Schwarz,medium,4
21,1210,Kleinspitz Braun/Schwarz / Mischling,medium,1
21,1210,Kleinspitz Neufarben,medium,2
21,1210,Kleinspitz Weiss,medium,4
21,1210,Kleinspitz Weiss / Mischling,medium,1
21,1210,Komondor / Schweizerische Laufhunde,large,1
21,1210,Kooikerhondje,medium,11
21,1210,Kooikerhondje / Beagle,medium,1
21,1210,Kromfohrländer,medium,2
21,1210,Kromfohrländer / Mischling,medium,1
21,1210,Kurzhaar Dachshund Kaninchen,small,12
21,1210,Kurzhaar Dachshund Kaninchen / English Cocker Spaniel einfär,medium,2
21,1210,Kurzhaar Dachshund Kaninchen / Jack Russell Terrier,medium,2
21,1210,Kurzhaar Dachshund Kaninchen / Mischling,small,6
21,1210,Kurzhaar Dachshund Kaninchen / Zwergpinscher,medium,1
21,1210,Kurzhaar Dachshund Normal,small,22
21,1210,Kurzhaar Dachshund Normal / Beagle,medium,1
21,1210,Kurzhaar Dachshund Normal / Jack Russell Terrier,medium,2
21,1210,Kurzhaar Dachshund Normal / Labrador Retriever,large,3
21,1210,Kurzhaar Dachshund Normal / Langhaar Dachshund Normal,small,1
21,1210,Kurzhaar Dachshund Normal / Mischling,small,6
21,1210,Kurzhaar Dachshund Normal / Rottweiler,large,1
21,1210,Kurzhaar Dachshund Normal / Zwergpudel Schwarz,medium,1
21,1210,Kurzhaar Dachshund Zwerg,small,21
21,1210,Kurzhaar Dachshund Zwerg / Zwergpudel Schwarz,medium,1
21,1210,Kuvasz,large,1
21,1210,Kuvasz / Golden Retriever,large,1
21,1210,Kuvasz / Mischling,large,1
21,1210,Labradoodle,medium,4
21,1210,Labradoodle / American Staffordshire Terrier,large,1
21,1210,Labradoodle / Mischling,medium,1
21,1210,Labrador Retriever,large,263
21,1210,Labrador Retriever / Afghanischer Windhund,large,1
21,1210,Labrador Retriever / American Bully,large,1
21,1210,Labrador Retriever / American Staffordshire Terrier,large,2
21,1210,Labrador Retriever / Australian Shepherd,large,3
21,1210,Labrador Retriever / Beagle,large,1
21,1210,Labrador Retriever / Border Collie,large,2
21,1210,Labrador Retriever / Brandlbracke,large,2
21,1210,Labrador Retriever / Cane Corso Italiano,large,1
21,1210,Labrador Retriever / Collie Kurzhaar (Smooth),large,1
21,1210,Labrador Retriever / Dackel,large,1
21,1210,Labrador Retriever / Deutsch Drahthaar,large,1
21,1210,Labrador Retriever / Deutsch Kurzhaar,large,2
21,1210,Labrador Retriever / Deutsche Bracke,large,1
21,1210,Labrador Retriever / Deutscher Schäferhund,large,8
21,1210,Labrador Retriever / English Pointer,large,4
21,1210,Labrador Retriever / Eurasier,large,1
21,1210,Labrador Retriever / Flat-Coated Retriever,large,2
21,1210,Labrador Retriever / Fox Terrier drahthaar,large,1
21,1210,Labrador Retriever / Fox Terrier glatthaar,large,1
21,1210,Labrador Retriever / Golden Retriever,large,7
21,1210,Labrador Retriever / Grosspudel Apricot,large,2
21,1210,Labrador Retriever / Grosspudel Braun,large,1
21,1210,Labrador Retriever / Grosspudel Schwarz,large,2
21,1210,Labrador Retriever / Hovawart,large,1
21,1210,Labrador Retriever / Istrianer Bracke Kurzhaar (Kratkodlaki,large,1
21,1210,Labrador Retriever / Istrianer Bracke Rauhhaar (Ostrodlaki G,large,1
21,1210,Labrador Retriever / Italienisches Windspiel,large,1
21,1210,Labrador Retriever / Jack Russell Terrier,large,4
21,1210,Labrador Retriever / Kleiner Münsterländer,large,1
21,1210,Labrador Retriever / Kleinpudel Rot,large,1
21,1210,Labrador Retriever / Kurzhaar Dachshund Normal,large,1
21,1210,Labrador Retriever / Labrador Retriever,large,1
21,1210,Labrador Retriever / Magyar Vizsla Drahthaar,large,2
21,1210,Labrador Retriever / Mischling,large,114
21,1210,Labrador Retriever / Mudi,large,1
21,1210,Labrador Retriever / Pinscher,large,3
21,1210,Labrador Retriever / Rottweiler,large,1
21,1210,Labrador Retriever / Samojede,large,1
21,1210,Labrador Retriever / Shar Pei,large,1
21,1210,Labrador Retriever / Shiba,large,1
21,1210,Labrador Retriever / Siberian Husky,large,2
21,1210,Labrador Retriever / Staffordshire Bullterrier,large,1
21,1210,Labrador Retriever / Weimaraner Kurzhaar,large,1
21,1210,Labrador Retriever / Westsibirischer Laika,large,1
21,1210,Labrador Retriever / Whippet,large,1
21,1210,Labrador Retriever / Zwergspitz (Pomeranian),large,1
21,1210,Labrador Retriever / Österreichischer Pinscher,large,1
21,1210,Lagotto romagnolo,medium,47
21,1210,Lagotto romagnolo / American Cocker Spaniel,medium,1
21,1210,Lagotto romagnolo / Kleinpudel Schwarz,medium,1
21,1210,Landseer,large,4
21,1210,Landseer / Dalmatiner,large,1
21,1210,Landseer / English Setter,large,1
21,1210,Langhaar Dachshund Kaninchen,small,3
21,1210,Langhaar Dachshund Kaninchen / Mischling,small,2
21,1210,Langhaar Dachshund Normal,small,1
21,1210,Langhaar Dachshund Normal / Border Collie,medium,1
21,1210,Langhaar Dachshund Normal / Japanischer Spitz,medium,1
21,1210,Langhaar Dachshund Normal / Mischling,small,1
21,1210,Langhaar Dachshund Normal / Pinscher,medium,1
21,1210,Langhaar Dachshund Zwerg,small,5
21,1210,Langhaar Dachshund Zwerg / Parson Russell Terrier,medium,1
21,1210,Leonberger,large,2
21,1210,Leonberger / Mischling,large,1
21,1210,Lhasa Apso,small,4
21,1210,Lhasa Apso / Mischling,small,1
21,1210,Magyar Agar,large,4
21,1210,Magyar Vizsla Drahthaar,medium,26
21,1210,Magyar Vizsla Drahthaar / Deutsch Drahthaar,medium,1
21,1210,Magyar Vizsla Drahthaar / Deutsch Kurzhaar,medium,1
21,1210,Magyar Vizsla Drahthaar / Mischling,medium,5
21,1210,Magyar Vizsla Drahthaar / Tiroler Bracke,medium,1
21,1210,Magyar Vizsla Kurzhaar,medium,14
21,1210,Magyar Vizsla Kurzhaar / Labrador Retriever,large,1
21,1210,Magyar Vizsla Kurzhaar / Mischling,medium,4
21,1210,Malinois,medium,34
21,1210,Malinois / Akita,large,1
21,1210,Malinois / Deutscher Schäferhund,large,2
21,1210,Malinois / Deutscher Schäferhund Langstockhaar,large,1
21,1210,Malinois / Dobermann braun-rot,large,2
21,1210,Malinois / Holländischer Schäferhund Kurzhaar,large,1
21,1210,Malinois / Mischling,medium,7
21,1210,Malteser,small,243
21,1210,Malteser / Bichon frise,small,1
21,1210,Malteser / Chihuahua Kurzhaar,small,2
21,1210,Malteser / Chihuahua Langhaar,small,1
21,1210,Malteser / Deutsch Drahthaar,medium,1
21,1210,Malteser / English Cocker Spaniel einfärbig,medium,1
21,1210,Malteser / Grosser Münsterländer,large,1
21,1210,Malteser / Grosspudel Rot,large,1
21,1210,Malteser / Havaneser,small,7
21,1210,Malteser / Jack Russell Terrier,medium,1
21,1210,Malteser / Kleinpudel Apricot,medium,1
21,1210,Malteser / Kleinpudel Braun,medium,2
21,1210,Malteser / Mehrfarben Toypudel schwarz weiss,medium,1
21,1210,Malteser / Mischling,small,35
21,1210,Malteser / Pekingese,small,2
21,1210,Malteser / Pudel,medium,9
21,1210,Malteser / Pudelpointer,medium,4
21,1210,Malteser / Rauhhaar Dachshund Normal,small,1
21,1210,Malteser / Shih Tzu,small,2
21,1210,Malteser / Spitz,medium,1
21,1210,Malteser / Toypudel Apricot,medium,4
21,1210,Malteser / Toypudel Braun,medium,3
21,1210,Malteser / Toypudel Rot,medium,1
21,1210,Malteser / West Highland White Terrier,small,1
21,1210,Malteser / Yorkshire Terrier,small,6
21,1210,Malteser / Zwergpudel Apricot,medium,8
21,1210,Malteser / Zwergpudel Falb,medium,1
21,1210,Malteser / Zwergpudel Rot,medium,2
21,1210,Mastiff,large,1
21,1210,Mastiff / Rottweiler,large,1
21,1210,Mastin espanol,large,1
21,1210,Mehrfarben Grosspudel schwarz weiss / Golden Retriever,large,1
21,1210,Mehrfarben Kleinpudel schwarz loh / Malteser,medium,1
21,1210,Mehrfarben Kleinpudel schwarz weiss / Mehrfarben Zwergpudel,medium,1
21,1210,Mehrfarben Toypudel schwarz weiss / Malteser,medium,1
21,1210,Mehrfarbenpudel schwarz-weiß,medium,1
21,1210,Miniatur Bull Terrier,medium,9
21,1210,Miniatur Bull Terrier / Französische Bulldogge,medium,1
21,1210,Mittelspitz Braun/Schwarz,medium,9
21,1210,Mittelspitz Braun/Schwarz / Beagle,medium,1
21,1210,Mittelspitz Braun/Schwarz / Border Collie,medium,1
21,1210,Mittelspitz Braun/Schwarz / Border Terrier,medium,1
21,1210,Mittelspitz Braun/Schwarz / Chihuahua Langhaar,medium,1
21,1210,Mittelspitz Braun/Schwarz / Irish Terrier,medium,1
21,1210,Mittelspitz Braun/Schwarz / Mischling,medium,3
21,1210,Mittelspitz Braun/Schwarz / Zwergpudel Apricot,medium,1
21,1210,Mittelspitz Neufarben,medium,2
21,1210,Mittelspitz Weiss,medium,1
21,1210,Mittelspitz Weiss / Mischling,medium,1
21,1210,Mittelspitz Weiss / Shih Tzu,medium,1
21,1210,Mops (Carlin),small,64
21,1210,Mops (Carlin) / American Staffordshire Terrier,large,1
21,1210,Mops (Carlin) / Chihuahua Kurzhaar,small,1
21,1210,Mops (Carlin) / Deutscher Pinscher,medium,1
21,1210,Mops (Carlin) / Französische Bulldogge,medium,1
21,1210,Mops (Carlin) / Mischling,small,6
21,1210,Mops (Carlin) / Pekingese,small,1
21,1210,Mops (Carlin) / Shih Tzu,small,1
21,1210,Mops (Carlin) / Yorkshire Terrier,small,1
21,1210,Mudi,medium,6
21,1210,Mudi / Collie Kurzhaar (Smooth),medium,1
21,1210,Mudi / Golden Retriever,large,3
21,1210,Mudi / Mischling,medium,7
21,1210,Mudi / Shar Pei,medium,1
21,1210,Neufundländer / Mischling,large,1
21,1210,Norbottenspets / Mischling,medium,1
21,1210,Norfolk Terrier,small,2
21,1210,Norfolk Terrier / Mischling,small,1
21,1210,Norsk Elghund Grä / Mischling,medium,1
21,1210,Norsk Lundehund,small,1
21,1210,Norwich Terrier,small,3
21,1210,Nova Scotia Duck Tolling Retriever,medium,4
21,1210,Ogar Polski / Brandlbracke,medium,1
21,1210,Old English Sheepdog (Bobtail),large,3
21,1210,Olde English Bulldogge,large,17
21,1210,Olde English Bulldogge / Mischling,large,1
21,1210,Papillon,small,26
21,1210,Papillon / Mischling,small,3
21,1210,Papillon / Zwergpinscher,medium,1
21,1210,Parson Russell Terrier,medium,24
21,1210,Parson Russell Terrier / Kleinspitz Weiss,medium,1
21,1210,Parson Russell Terrier / Mischling,medium,5
21,1210,Patterdale-Terrier,small,2
21,1210,Pekingese,small,35
21,1210,Pekingese / Chihuahua Kurzhaar,small,3
21,1210,Pekingese / Chihuahua Langhaar,small,1
21,1210,Pekingese / Deutscher Pinscher,medium,1
21,1210,Pekingese / Jack Russell Terrier,medium,1
21,1210,Pekingese / Malteser,small,1
21,1210,Pekingese / Mischling,small,21
21,1210,Pekingese / Mops (Carlin),small,1
21,1210,Pekingese / Shar Pei,medium,1
21,1210,Perro de agua Espanol,medium,13
21,1210,Perro sin pelo del Peru (Grande),large,1
21,1210,Perro sin pelo del Peru (Medio),medium,1
21,1210,Phalene,small,2
21,1210,Pinscher,medium,5
21,1210,Pinscher / Beagle,medium,1
21,1210,Pinscher / Belgischer Schäferhund,large,1
21,1210,Pinscher / Chihuahua Kurzhaar,medium,2
21,1210,Pinscher / Golden Retriever,large,1
21,1210,Pinscher / Italienisches Windspiel,medium,1
21,1210,Pinscher / Jack Russell Terrier,medium,3
21,1210,Pinscher / Japanischer Spitz,medium,1
21,1210,Pinscher / Kurzhaar Dachshund Normal,medium,2
21,1210,Pinscher / Mischling,medium,13
21,1210,Pinscher / Pinscher,medium,1
21,1210,Pinscher / Zwergpinscher,medium,1
21,1210,Pinscher / Zwergspitz (Pomeranian),medium,1
21,1210,Pit Bull Terrier,large,29
21,1210,Pit Bull Terrier / American Staffordshire Terrier,large,1
21,1210,Pit Bull Terrier / Labrador Retriever,large,1
21,1210,Pit Bull Terrier / Mischling,large,6
21,1210,Pit Bull Terrier / Shar Pei,large,1
21,1210,Pit Bull Terrier / Siberian Husky,large,1
21,1210,Podenco Canario,medium,4
21,1210,Podenco Canario / Mischling,medium,1
21,1210,Podenco Ibicenco Kurzhaar,medium,1
21,1210,Podenco Ibicenco Kurzhaar / Italienisches Windspiel,medium,1
21,1210,Podenco Ibicenco Kurzhaar / Mischling,medium,1
21,1210,Podenco Ibicenco Kurzhaar / Rhodesian Ridgeback,large,1
21,1210,Podengo Portugues Kurzhaar Grande / Afghanischer Windhund,large,1
21,1210,Podengo Portugues Kurzhaar Grande / Jack Russell Terrier,medium,1
21,1210,Podengo Portugues Kurzhaar Medio,medium,2
21,1210,Podengo Portugues Kurzhaar Medio / Mischling,medium,2
21,1210,Podengo Portugues Rauhhaar Pequeno / Golden Retriever,large,1
21,1210,Posavski Gonic,medium,1
21,1210,Prager Rattler,small,8
21,1210,Prager Rattler / Mischling,small,1
21,1210,Pudel,medium,30
21,1210,Pudel / English Cocker Spaniel mehrfärbig,medium,1
21,1210,Pudel / Malteser,medium,1
21,1210,Pudel / Mischling,medium,6
21,1210,Pudelpointer,medium,1
21,1210,Pudelpointer / English Cocker Spaniel einfärbig,medium,1
21,1210,Pudelpointer / Labrador Retriever,large,2
21,1210,Pudelpointer / Mischling,medium,2
21,1210,Puli andersfarbig,medium,5
21,1210,Puli andersfarbig / Border Collie,medium,1
21,1210,Puli andersfarbig / Coban Köpegi (Anatolischer Hirtenhund),large,1
21,1210,Puli andersfarbig / Mischling,medium,2
21,1210,Puli andersfarbig / Zwergschnauzer pfeffer-salz,medium,1
21,1210,Pumi / Mischling,medium,3
21,1210,Pumi / Weimaraner Kurzhaar,large,1
21,1210,Pumi / Zwergschnauzer pfeffer-salz,medium,1
21,1210,Pyrenäen Berghund,large,1
21,1210,Rauhhaar Dachshund Kaninchen,small,1
21,1210,Rauhhaar Dachshund Normal,small,8
21,1210,Rauhhaar Dachshund Normal / Chihuahua Kurzhaar,small,1
21,1210,Rauhhaar Dachshund Normal / Irish Soft Coated Wheaten Terrie,small,1
21,1210,Rauhhaar Dachshund Normal / Kurzhaar Dachshund Normal,small,1
21,1210,Rauhhaar Dachshund Normal / Labrador Retriever,large,1
21,1210,Rauhhaar Dachshund Normal / Mischling,small,5
21,1210,Rauhhaar Dachshund Normal / Rauhhaar Dachshund Kaninchen,small,1
21,1210,Rauhhaar Dachshund Normal / Yorkshire Terrier,small,1
21,1210,Rauhhaar Dachshund Normal / Zwergschnauzer schwarz-silber,medium,1
21,1210,Rauhhaar Dachshund Zwerg,small,16
21,1210,Rauhhaar Dachshund Zwerg / Border Collie,medium,1
21,1210,Rauhhaar Dachshund Zwerg / English Cocker Spaniel mehrfärbig,medium,1
21,1210,Rauhhaar Dachshund Zwerg / Jack Russell Terrier,medium,1
21,1210,Rauhhaar Dachshund Zwerg / Mischling,small,3
21,1210,Rhodesian Ridgeback,large,19
21,1210,Rhodesian Ridgeback / Deutscher Boxer gelb,large,2
21,1210,Rhodesian Ridgeback / Magyar Vizsla Kurzhaar,large,1
21,1210,Rhodesian Ridgeback / Malinois,large,1
21,1210,Rhodesian Ridgeback / Mischling,large,5
21,1210,Riesenschnauzer pfeffer-salz,large,3
21,1210,Riesenschnauzer schwarz,large,7
21,1210,Rottweiler,large,29
21,1210,Rottweiler / Australian Shepherd,large,1
21,1210,Rottweiler / Neufundländer,large,1
21,1210,Russisch-Europäischer Laika / Fox Terrier glatthaar,medium,1
21,1210,Russisch-Europäischer Laika / Spitz,medium,1
21,1210,Russkiy Toy Kurzhaar,small,7
21,1210,Russkiy Toy Kurzhaar / Beagle,medium,1
21,1210,Russkiy Toy Langhaar,small,1
21,1210,Saarlooswolfhond,large,1
21,1210,Saluki / Afghanischer Windhund,large,1
21,1210,Saluki / Beagle,large,1
21,1210,Samojede,large,16
21,1210,Samojede / Mischling,large,1
21,1210,Sandros Leisha Dog,large,2
21,1210,Sarplaninac,large,1
21,1210,Schipperke / Mischling,small,1
21,1210,Schnauzer pfeffersalz,medium,5
21,1210,Schnauzer pfeffersalz / Mischling,medium,18
21,1210,Schnauzer pfeffersalz / Rauhhaar Dachshund Normal,medium,1
21,1210,Schnauzer schwarz / Deutsch Drahthaar,medium,1
21,1210,Schnauzer schwarz / Mehrfarben Grosspudel schwarz loh,large,1
21,1210,Schnauzer schwarz / Mischling,medium,3
21,1210,Schwarzer Terrier,large,1
21,1210,Schwarzer Terrier / Mischling,large,1
21,1210,Scottish Terrier,medium,5
21,1210,Shar Pei,medium,11
21,1210,Shar Pei / Labrador Retriever,large,1
21,1210,Shar Pei / Mischling,medium,3
21,1210,Shetland Sheepdog,medium,27
21,1210,Shetland Sheepdog / Mischling,medium,3
21,1210,Shiba,medium,33
21,1210,Shiba / Japanischer Spitz,medium,1
21,1210,Shiba / Mischling,medium,2
21,1210,Shih Tzu,small,48
21,1210,Shih Tzu / Bichon frise,small,1
21,1210,Shih Tzu / Chihuahua Langhaar,small,1
21,1210,Shih Tzu / Griffon bleu de Gascogne,small,1
21,1210,Shih Tzu / Havaneser,small,1
21,1210,Shih Tzu / Kleinpudel Schwarz,medium,1
21,1210,Shih Tzu / Malteser,small,1
21,1210,Shih Tzu / Mischling,small,2
21,1210,Shih Tzu / Pekingese,small,1
21,1210,Shih Tzu / Pudel,medium,1
21,1210,Shih Tzu / Yorkshire Terrier,small,2
21,1210,Shih Tzu / Zwergpudel Apricot,medium,1
21,1210,Shikoku,medium,1
21,1210,Siberian Husky,large,67
21,1210,Siberian Husky / Akita,large,1
21,1210,Siberian Husky / Alaskan Malamute,large,1
21,1210,Siberian Husky / Australian Shepherd,large,2
21,1210,Siberian Husky / Berger Blanc Suisse,large,1
21,1210,Siberian Husky / Collie Kurzhaar (Smooth),large,1
21,1210,Siberian Husky / Deutsch Kurzhaar,large,1
21,1210,Siberian Husky / Deutscher Schäferhund,large,2
21,1210,Siberian Husky / Deutscher Schäferhund Langstockhaar,large,1
21,1210,Siberian Husky / Holländischer Schäferhund Kurzhaar,large,1
21,1210,Siberian Husky / Labrador Retriever,large,4
21,1210,Siberian Husky / Mischling,large,22
21,1210,Siberian Husky / Shiba,large,1
21,1210,Slovensky Kopov,medium,2
21,1210,Spinone Italiano,large,1
21,1210,Spinone Italiano / Mischling,large,1
21,1210,Spitz,medium,25
21,1210,Spitz / Malteser,medium,1
21,1210,Spitz / Mischling,medium,18
21,1210,Srpski Gonic / Mischling,medium,1
21,1210,Srpski Trobojni Gonic / Srpski Gonic,medium,1
21,1210,St. Bernhardshund Kurzhaar,large,4
21,1210,St. Bernhardshund Langhaar,large,1
21,1210,Staffordshire Bullterrier,medium,29
21,1210,Staffordshire Bullterrier / Dogo Argentino,large,1
21,1210,Staffordshire Bullterrier / Mischling,medium,1
21,1210,Steirische Rauhaarbracke,medium,2
21,1210,Sussex Spaniel,medium,1
21,1210,Sussex Spaniel / Beagle,medium,1
21,1210,Terrier Brasileiro,medium,5
21,1210,Terrier Brasileiro / Kurzhaar Dachshund Normal,medium,1
21,1210,Terrier Brasileiro / Mischling,medium,2
21,1210,Tervueren,large,8
21,1210,Tervueren / Labrador Retriever,large,1
21,1210,Thai Ridgeback Dog / Mischling,medium,1
21,1210,Tibetan Spaniel,small,5
21,1210,Tibetan Spaniel / Mischling,small,1
21,1210,Tibetan Terrier,medium,5
21,1210,Tibetan Terrier / English Cocker Spaniel mehrfärbig,medium,1
21,1210,Tibetan Terrier / Havaneser,medium,1
21,1210,Tibetan Terrier / Mischling,medium,2
21,1210,Tibetan Terrier / Rauhhaar Dachshund Zwerg,medium,1
21,1210,Tiroler Bracke / Deutsch Kurzhaar,medium,1
21,1210,Tiroler Bracke / Mischling,medium,1
21,1210,Tornjak,large,1
21,1210,Tornjak / Mischling,large,1
21,1210,Toypudel Apricot,medium,12
21,1210,Toypudel Apricot / Malteser,medium,2
21,1210,Toypudel Apricot / Mischling,medium,1
21,1210,Toypudel Braun,medium,4
21,1210,Toypudel Braun / Mischling,medium,1
21,1210,Toypudel Rot,medium,7
21,1210,Toypudel Schwarz,medium,2
21,1210,Toypudel Weiss,medium,1
21,1210,Toypudel Weiss / Malteser,medium,1
21,1210,Toypudel falb aus Mehrfarben,medium,1
21,1210,Toypudel schwarz aus Mehrfarben,medium,1
21,1210,Tschechoslowakischer Wolfhund,large,3
21,1210,Unbekannt,unknown,181
21,1210,Unbekannt / Mischling,unknown,643
21,1210,Unbekannt / Mudi,medium,1
21,1210,Volpino Italiano,small,1
21,1210,Weimaraner Kurzhaar,large,4
21,1210,Weimaraner Kurzhaar / Labrador Retriever,large,1
21,1210,Weimaraner Kurzhaar / Maremmano - Abruzzese,large,1
21,1210,Weimaraner Kurzhaar / Mischling,large,1
21,1210,Welsh Corgi Cardigan,medium,3
21,1210,Welsh Corgi Cardigan / Afghanischer Windhund,large,1
21,1210,Welsh Corgi Cardigan / Mischling,medium,6
21,1210,Welsh Corgi Cardigan / Mudi,medium,1
21,1210,Welsh Corgi Pembroke,medium,15
21,1210,Welsh Corgi Pembroke / Border Collie,medium,1
21,1210,Welsh Corgi Pembroke / Kurzhaar Dachshund Kaninchen,medium,1
21,1210,Welsh Corgi Pembroke / Mischling,medium,2
21,1210,Welsh Corgi Pembroke / Västgötaspets,medium,1
21,1210,Welsh Springer Spaniel,medium,4
21,1210,Welsh Springer Spaniel / Pudel,medium,1
21,1210,Welsh Terrier,medium,6
21,1210,Welsh Terrier / Mischling,medium,1
21,1210,West Highland White Terrier,small,32
21,1210,West Highland White Terrier / Mischling,small,1
21,1210,West Highland White Terrier / Toypudel Apricot,medium,1
21,1210,Westfälische Dachsbracke / Alpenländische Dachsbracke,medium,1
21,1210,Whippet,medium,21
21,1210,Whippet / Belgischer Schäferhund,large,1
21,1210,Whippet / Bracke,medium,1
21,1210,Whippet / Mischling,medium,2
21,1210,Windhund,large,1
21,1210,Windhund / Labrador Retriever,large,1
21,1210,Xoloitzcuintle Medio,medium,1
21,1210,Xoloitzcuintle Miniatura,small,1
21,1210,Yorkshire Terrier,small,209
21,1210,Yorkshire Terrier / Biewer Terrier,small,1
21,1210,Yorkshire Terrier / Klein- oder Mittelpudel,medium,1
21,1210,Yorkshire Terrier / Malteser,small,4
21,1210,Yorkshire Terrier / Mischling,small,24
21,1210,Yorkshire Terrier / Parson Russell Terrier,medium,1
21,1210,Yorkshire Terrier / Pekingese,small,1
21,1210,Yorkshire Terrier / Pudel,medium,1
21,1210,Yorkshire Terrier / Pudelpointer,medium,1
21,1210,Yorkshire Terrier / Rauhhaar Dachshund Normal,small,1
21,1210,Yorkshire Terrier / Schnauzer pfeffersalz,medium,1
21,1210,Yorkshire Terrier / Zwergspitz (Pomeranian),medium,1
21,1210,Zwergpinscher,medium,44
21,1210,Zwergpinscher / Chihuahua Kurzhaar,medium,2
21,1210,Zwergpinscher / Chihuahua Langhaar,medium,2
21,1210,Zwergpinscher / Deutscher Schäferhund,large,1
21,1210,Zwergpinscher / Mischling,medium,10
21,1210,Zwergpinscher / Prager Rattler,medium,1
21,1210,Zwergpudel Apricot,medium,43
21,1210,Zwergpudel Apricot / English Cocker Spaniel einfärbig,medium,1
21,1210,Zwergpudel Apricot / Malteser,medium,2
21,1210,Zwergpudel Apricot / Mischling,medium,1
21,1210,Zwergpudel Apricot / Mops (Carlin),medium,1
21,1210,Zwergpudel Braun,medium,8
21,1210,Zwergpudel Braun / English Cocker Spaniel einfärbig,medium,1
21,1210,Zwergpudel Braun / King Charles Spaniel,medium,1
21,1210,Zwergpudel Braun / Malteser,medium,1
21,1210,Zwergpudel Braun / Mischling,medium,1
21,1210,Zwergpudel Braun / Yorkshire Terrier,medium,1
21,1210,Zwergpudel Falb,medium,1
21,1210,Zwergpudel Grau,medium,3
21,1210,Zwergpudel Rot,medium,7
21,1210,Zwergpudel Schwarz,medium,8
21,1210,Zwergpudel Schwarz / English Cocker Spaniel einfärbig,medium,1
21,1210,Zwergpudel Schwarz / Malteser,medium,1
21,1210,Zwergpudel Schwarz / Pumi,medium,1
21,1210,Zwergpudel Weiss,medium,7
21,1210,Zwergpudel Weiss / Mischling,medium,1
21,1210,Zwergschnauzer pfeffer-salz,medium,11
21,1210,Zwergschnauzer pfeffer-salz / Fox Terrier drahthaar,medium,1
21,1210,Zwergschnauzer pfeffer-salz / Mischling,medium,4
21,1210,Zwergschnauzer schwarz,medium,4
21,1210,Zwergschnauzer schwarz-silber,medium,3
21,1210,Zwergschnauzer schwarz-silber / Bichon frise,medium,1
21,1210,Zwergschnauzer weiss,medium,1
21,1210,Zwergspitz (Pomeranian),medium,137
21,1210,Zwergspitz (Pomeranian) / Border Collie,medium,1
21,1210,Zwergspitz (Pomeranian) / Chihuahua Kurzhaar,medium,1
21,1210,Zwergspitz (Pomeranian) / Chihuahua Langhaar,medium,3
21,1210,Zwergspitz (Pomeranian) / Deutscher Schäferhund,large,1
21,1210,Zwergspitz (Pomeranian) / Deutscher Spitz,medium,1
21,1210,Zwergspitz (Pomeranian) / Jack Russell Terrier,medium,1
21,1210,Zwergspitz (Pomeranian) / Kleinpudel Schwarz,medium,1
21,1210,Zwergspitz (Pomeranian) / Malteser,medium,1
21,1210,Zwergspitz (Pomeranian) / Mischling,medium,7
21,1210,Zwergspitz (Pomeranian) / Mops (Carlin),medium,1
21,1210,Zwergspitz (Pomeranian) / Shih Tzu,medium,1
21,1210,Zwergspitz (Pomeranian) / Toypudel Braun,medium,1
21,1210,Zwergspitz (Pomeranian) / Zwergpudel Schwarz,medium,1
21,1210,Österreichischer Pinscher,medium,8
21,1210,Österreichischer Pinscher / American Foxhound,large,1
21,1210,Österreichischer Pinscher / Chihuahua Kurzhaar,medium,1
21,1210,Österreichischer Pinscher / Chihuahua Langhaar,medium,1
21,1210,Österreichischer Pinscher / Jack Russell Terrier,medium,2
21,1210,Österreichischer Pinscher / Labrador Retriever,large,1
21,1210,Österreichischer Pinscher / Mischling,medium,14
21,1210,Österreichischer Pinscher / Spitz,medium,1
22,1220,Affenpinscher,medium,1
22,1220,Affenpinscher / Mischling,medium,2
22,1220,Afghanischer Windhund / Mischling,large,2
22,1220,Aidi,medium,2
22,1220,Aidi / Mischling,medium,1
22,1220,Airedale Terrier,medium,6
22,1220,Airedale Terrier / Chihuahua Kurzhaar,medium,1
22,1220,Airedale Terrier / Deutscher Schäferhund,large,1
22,1220,Airedale Terrier / Jack Russell Terrier,medium,1
22,1220,Airedale Terrier / Kurzhaar Dachshund Normal,medium,1
22,1220,Airedale Terrier / Mischling,medium,2
22,1220,Akita,large,27
22,1220,Akita / Deutscher Schäferhund,large,2
22,1220,Akita / Kurzhaar Dachshund Normal,large,1
22,1220,Akita / Mischling,large,2
22,1220,Akita / Siberian Husky,large,3
22,1220,Alaskan Malamute,large,11
22,1220,Alaskan Malamute / Deutscher Schäferhund,large,3
22,1220,Alaskan Malamute / Deutscher Schäferhund Langstockhaar,large,1
22,1220,Alpenländische Dachsbracke,medium,1
22,1220,Alpenländische Dachsbracke / Labrador Retriever,large,1
22,1220,Alpenländische Dachsbracke / Mischling,medium,2
22,1220,American Akita,large,9
22,1220,American Akita / Siberian Husky,large,1
22,1220,American Bulldog,large,3
22,1220,American Bulldog / Mischling,large,1
22,1220,American Bully,large,11
22,1220,American Bully / Pit Bull Terrier,large,1
22,1220,American Cocker Spaniel,medium,4
22,1220,American Cocker Spaniel / Deutsch Langhaar,medium,1
22,1220,American Cocker Spaniel / English Cocker Spaniel einfärbig,medium,1
22,1220,American Cocker Spaniel / Klein- oder Mittelpudel,medium,1
22,1220,American Cocker Spaniel / Kleinpudel Apricot,medium,1
22,1220,American Cocker Spaniel / Kleinpudel Rot,medium,1
22,1220,American Cocker Spaniel / Mischling,medium,2
22,1220,American Cocker Spaniel / Stabyhoun,medium,1
22,1220,American Cocker Spaniel / Zwergpudel Apricot,medium,4
22,1220,American Cocker Spaniel / Zwergpudel Braun,medium,1
22,1220,American Cocker Spaniel / Zwergpudel Rot,medium,1
22,1220,American Cocker Spaniel / Zwergpudel Weiss,medium,1
22,1220,American Hairless Terrier,small,2
22,1220,American Pocket Bully,medium,2
22,1220,American Shepherd,medium,3
22,1220,American Shepherd / Mischling,medium,1
22,1220,American Staffordshire Terrier,large,204
22,1220,American Staffordshire Terrier / Bull Terrier (Standard),large,2
22,1220,American Staffordshire Terrier / Bulldog,large,2
22,1220,American Staffordshire Terrier / Jack Russell Terrier,large,1
22,1220,American Staffordshire Terrier / Labrador Retriever,large,2
22,1220,American Staffordshire Terrier / Mischling,large,42
22,1220,American Staffordshire Terrier / Olde English Bulldogge,large,1
22,1220,American Staffordshire Terrier / Pit Bull Terrier,large,8
22,1220,Amerikanischer Collie,medium,1
22,1220,Appenzeller Gebirgsschweisshund / Mischling,large,2
22,1220,Appenzeller Sennenhund,large,3
22,1220,Appenzeller Sennenhund / Berner Sennenhund,large,1
22,1220,Appenzeller Sennenhund / Deutscher Schäferhund,large,1
22,1220,Appenzeller Sennenhund / Mischling,large,1
22,1220,Appenzeller Sennenhund / Welsh Corgi Pembroke,large,1
22,1220,Aussiedoodle,medium,2
22,1220,Australian Cattledog,medium,3
22,1220,Australian Cattledog / Jack Russell Terrier,medium,1
22,1220,Australian Cattledog / Mischling,medium,1
22,1220,Australian Kelpie,medium,1
22,1220,Australian Kelpie / Australian Cattledog,medium,1
22,1220,Australian Kelpie / Collie Langhaar (Rough),medium,1
22,1220,Australian Kelpie / Labrador Retriever,large,1
22,1220,Australian Kelpie / Mischling,medium,3
22,1220,Australian Shepherd,medium,152
22,1220,Australian Shepherd / Bearded Collie,medium,1
22,1220,Australian Shepherd / Border Collie,medium,5
22,1220,Australian Shepherd / Deutscher Schäferhund,large,1
22,1220,Australian Shepherd / Golden Retriever,large,3
22,1220,Australian Shepherd / Grosspudel Weiss,large,1
22,1220,Australian Shepherd / Irish Terrier,medium,1
22,1220,Australian Shepherd / Jack Russell Terrier,medium,1
22,1220,Australian Shepherd / Kleiner Münsterländer,medium,1
22,1220,Australian Shepherd / Kleinpudel Rot,medium,1
22,1220,Australian Shepherd / Kromfohrländer,medium,1
22,1220,Australian Shepherd / Labrador Retriever,large,3
22,1220,Australian Shepherd / Mischling,medium,17
22,1220,Australian Shepherd / Pudelpointer,medium,1
22,1220,Australian Shepherd / Shetland Sheepdog,medium,1
22,1220,Australian Shepherd / Siberian Husky,large,5
22,1220,Australian Shepherd / Zwergpudel Braun,medium,1
22,1220,Australian Shepherd / Zwergpudel Falb,medium,1
22,1220,Australian Shepherd / Zwergspitz (Pomeranian),medium,1
22,1220,Australian Silky Terrier,small,1
22,1220,Australian Terrier,medium,1
22,1220,Australian Terrier / Mischling,medium,2
22,1220,Azawakh / Hellinikos Ichnilatis,large,1
22,1220,Barbet,medium,5
22,1220,Barsoi,large,1
22,1220,Basenji,medium,4
22,1220,Basenji / Fox Terrier drahthaar,medium,1
22,1220,Basenji / Jack Russell Terrier,medium,1
22,1220,Basenji / Mischling,medium,1
22,1220,Basenji / Zwergpinscher,medium,1
22,1220,Basset Hound,medium,2
22,1220,Basset Hound / Mischling,medium,1
22,1220,Basset artesien normand,medium,1
22,1220,Basset bleu de Gascogne,medium,2
22,1220,Basset fauve de Bretagne,medium,2
22,1220,Basset fauve de Bretagne / Beagle,medium,1
22,1220,Bayrischer Gebirgsschweisshund,medium,3
22,1220,Bayrischer Gebirgsschweisshund / English Cocker Spaniel mehr,medium,1
22,1220,Bayrischer Gebirgsschweisshund / Mischling,medium,2
22,1220,Beagle,medium,78
22,1220,Beagle / American Foxhound,large,2
22,1220,Beagle / Border Collie,medium,1
22,1220,Beagle / Brandlbracke,medium,2
22,1220,Beagle / Bulldog,medium,1
22,1220,Beagle / Dalmatiner,medium,1
22,1220,Beagle / Deutsch Drahthaar,medium,1
22,1220,Beagle / Deutsche Bracke,medium,1
22,1220,Beagle / Deutscher Boxer gestromt,large,1
22,1220,Beagle / Deutscher Pinscher,medium,1
22,1220,Beagle / Fox Terrier glatthaar,medium,2
22,1220,Beagle / Golden Retriever,large,1
22,1220,Beagle / Istrianer Bracke Kurzhaar (Kratkodlaki Gonic),medium,1
22,1220,Beagle / Jack Russell Terrier,medium,7
22,1220,Beagle / Labrador Retriever,large,1
22,1220,Beagle / Magyar Vizsla Kurzhaar,medium,1
22,1220,Beagle / Mischling,medium,14
22,1220,Beagle / Mops (Carlin),medium,1
22,1220,Beagle / Pinscher,medium,1
22,1220,Beagle / Rauhhaar Dachshund Zwerg,medium,1
22,1220,Beagle / Tiroler Bracke,medium,1
22,1220,Beagle / Windhund,large,1
22,1220,Beagle Harrier / American Foxhound,large,1
22,1220,Bearded Collie,medium,7
22,1220,Bearded Collie / Berner Sennenhund,large,1
22,1220,Bearded Collie / Border Collie,medium,1
22,1220,Bearded Collie / Mischling,medium,2
22,1220,Bedlington Terrier,medium,1
22,1220,Belgischer Schäferhund,large,19
22,1220,Belgischer Schäferhund / Border Collie,large,1
22,1220,Belgischer Schäferhund / Braque Saint-Germain,large,1
22,1220,Belgischer Schäferhund / Cane Corso Italiano,large,1
22,1220,Belgischer Schäferhund / Deutscher Schäferhund,large,5
22,1220,Belgischer Schäferhund / Fox Terrier drahthaar,large,1
22,1220,Belgischer Schäferhund / Labrador Retriever,large,2
22,1220,Belgischer Schäferhund / Malinois,large,1
22,1220,Belgischer Schäferhund / Mischling,large,16
22,1220,Belgischer Schäferhund / Pinscher,large,1
22,1220,Belgischer Schäferhund / Siberian Husky,large,1
22,1220,Berger Blanc Suisse,large,21
22,1220,Berger de Beauce (Beauceron),large,6
22,1220,Berger de Beauce (Beauceron) / Australian Kelpie,large,1
22,1220,Berger de Brie (Briard),large,6
22,1220,Berger de Picardie (Berger Picard),medium,1
22,1220,Berger de Picardie (Berger Picard) / Mischling,medium,2
22,1220,Berger des Pyrenees a face rase,medium,1
22,1220,Berger des Pyrenees a face rase / Mischling,medium,1
22,1220,Berger des Pyrenees a poil long,medium,1
22,1220,Berner Sennenhund,large,37
22,1220,Berner Sennenhund / Appenzeller Sennenhund,large,4
22,1220,Berner Sennenhund / Australian Shepherd,large,1
22,1220,Berner Sennenhund / Beagle,large,1
22,1220,Berner Sennenhund / Border Collie,large,2
22,1220,Berner Sennenhund / Collie Langhaar (Rough),large,1
22,1220,Berner Sennenhund / Deutscher Boxer gelb,large,1
22,1220,Berner Sennenhund / Deutscher Jagdterrier,large,1
22,1220,Berner Sennenhund / Entlebucher Sennenhund,large,2
22,1220,Berner Sennenhund / Golden Retriever,large,1
22,1220,Berner Sennenhund / Grosspudel Braun,large,1
22,1220,Berner Sennenhund / Hovawart,large,1
22,1220,Berner Sennenhund / Labrador Retriever,large,2
22,1220,Berner Sennenhund / Leonberger,large,1
22,1220,Berner Sennenhund / Mehrfarbenpudel schwarz-loh,large,1
22,1220,Berner Sennenhund / Mischling,large,4
22,1220,Bichon frise,small,33
22,1220,Bichon frise / Havaneser,small,2
22,1220,Bichon frise / Kleinpudel Falb,medium,1
22,1220,Bichon frise / Mischling,small,1
22,1220,Bichon frise / Pudel,medium,1
22,1220,Bichon frise / Shih Tzu,small,1
22,1220,Bichon frise / Toypudel Apricot,medium,2
22,1220,Bichon frise / Toypudel schwarz aus Mehrfarben,medium,1
22,1220,Bichon/Yorkie,small,1
22,1220,Biewer Terrier,small,9
22,1220,Biewer Terrier / Pudel,medium,1
22,1220,Biewer Terrier / Yorkshire Terrier,small,5
22,1220,Boerboel / Cane Corso Italiano,large,1
22,1220,Bologneser,small,9
22,1220,Bolonka Zwetna,small,31
22,1220,Border Collie,medium,151
22,1220,Border Collie / Appenzeller Sennenhund,large,1
22,1220,Border Collie / Australian Shepherd,medium,11
22,1220,Border Collie / Border Collie,medium,1
22,1220,Border Collie / Brandlbracke,medium,1
22,1220,Border Collie / Cesky Terrier,medium,1
22,1220,Border Collie / Collie Langhaar (Rough),medium,1
22,1220,Border Collie / Deutscher Schäferhund,large,1
22,1220,Border Collie / Deutscher Spitz,medium,1
22,1220,Border Collie / English Cocker Spaniel einfärbig,medium,1
22,1220,Border Collie / English Setter,medium,1
22,1220,Border Collie / Field Spaniel,medium,1
22,1220,Border Collie / Flat-Coated Retriever,large,2
22,1220,Border Collie / Golden Retriever,large,5
22,1220,Border Collie / Hrvatski Ovcar,medium,1
22,1220,Border Collie / Jack Russell Terrier,medium,3
22,1220,Border Collie / Kooikerhondje,medium,1
22,1220,Border Collie / Labrador Retriever,large,9
22,1220,Border Collie / Mischling,medium,40
22,1220,Border Collie / Parson Russell Terrier,medium,1
22,1220,Border Collie / Samojede,large,1
22,1220,Border Collie / Shetland Sheepdog,medium,1
22,1220,Border Collie / Siberian Husky,large,1
22,1220,Border Collie / Spitz,medium,1
22,1220,Border Collie / Welsh Corgi Pembroke,medium,1
22,1220,Border Collie / Whippet,medium,1
22,1220,Border Terrier,medium,5
22,1220,Border Terrier / Beagle,medium,1
22,1220,Border Terrier / Berger de Picardie (Berger Picard),medium,1
22,1220,Border Terrier / Französische Bulldogge,medium,1
22,1220,Border Terrier / Mischling,medium,10
22,1220,Border Terrier / Parson Russell Terrier,medium,1
22,1220,Border Terrier / Zwergschnauzer pfeffer-salz,medium,1
22,1220,Bosanski Ostrodlaki Gonic - Barac / Mischling,medium,1
22,1220,Boston Terrier,medium,22
22,1220,Boston Terrier / Beagle,medium,1
22,1220,Boston Terrier / Mischling,medium,2
22,1220,Bracco Italiano,large,1
22,1220,Bracke,medium,1
22,1220,Bracke / Aidi,medium,1
22,1220,Bracke / Deutsch Langhaar,medium,1
22,1220,Bracke / Deutscher Pinscher,medium,1
22,1220,Bracke / Dobermann braun-rot,large,1
22,1220,Bracke / Labrador Retriever,large,1
22,1220,Bracke / Mischling,medium,9
22,1220,Brandlbracke,medium,2
22,1220,Brandlbracke / Mischling,medium,2
22,1220,Braque d'Auvergne,large,2
22,1220,Braque d'Auvergne / Mischling,large,1
22,1220,Braque d'Auvergne / Terrier Brasileiro,large,1
22,1220,Braque du Bourbonnais / Mischling,large,1
22,1220,Bull Terrier (Standard),medium,13
22,1220,Bull Terrier (Standard) / American Staffordshire Terrier,large,1
22,1220,Bull Terrier (Standard) / Mischling,medium,2
22,1220,Bulldog,medium,46
22,1220,Bulldog / American Staffordshire Terrier,large,1
22,1220,Bulldog / Mischling,medium,3
22,1220,Bulldog / Mops (Carlin),medium,1
22,1220,Bullmastiff,large,3
22,1220,Ca de Bestiar (Mallorca Schäferhund) / Border Collie,medium,1
22,1220,Cairn Terrier,small,5
22,1220,Cairn Terrier / Border Terrier,medium,1
22,1220,Cairn Terrier / Malteser,small,1
22,1220,Cairn Terrier / Mischling,small,1
22,1220,Cairn Terrier / Shih Tzu,small,1
22,1220,Canaan Dog / Mischling,medium,1
22,1220,Cane Corso Italiano,large,55
22,1220,Cane Corso Italiano / Magyar Vizsla Kurzhaar,large,1
22,1220,Cane Corso Italiano / Mischling,large,3
22,1220,Cao de Agua Portugues (Portug. Wasserhund),large,28
22,1220,Catahoula Leopard Dog,large,1
22,1220,Cavalier King Charles Spaniel,small,69
22,1220,Cavalier King Charles Spaniel / Klein- oder Mittelpudel,medium,1
22,1220,Cavalier King Charles Spaniel / Kleinpudel Braun,medium,1
22,1220,Cavalier King Charles Spaniel / Mischling,small,3
22,1220,Cavalier King Charles Spaniel / Pudel,medium,3
22,1220,Cavalier King Charles Spaniel / Pudelpointer,medium,1
22,1220,Cavalier King Charles Spaniel / Zwergpudel Apricot,medium,3
22,1220,Cavalier King Charles Spaniel / Zwergpudel Braun,medium,2
22,1220,Cavalier King Charles Spaniel / Zwergpudel Schwarz,medium,1
22,1220,Cavalier King Charles Spaniel / Zwergpudel Weiss,medium,1
22,1220,Cesky Terrier / Mischling,medium,1
22,1220,Cesky Terrier / Toypudel Apricot,medium,1
22,1220,Chihuahua Kurzhaar,small,447
22,1220,Chihuahua Kurzhaar / American Staffordshire Terrier,large,1
22,1220,Chihuahua Kurzhaar / Border Terrier,medium,1
22,1220,Chihuahua Kurzhaar / Chihuahua Langhaar,small,1
22,1220,Chihuahua Kurzhaar / Collie Langhaar (Rough),medium,1
22,1220,Chihuahua Kurzhaar / Dackel,small,1
22,1220,Chihuahua Kurzhaar / Deutscher Pinscher,medium,2
22,1220,Chihuahua Kurzhaar / Deutscher Schäferhund Langstockhaar,large,1
22,1220,Chihuahua Kurzhaar / Französische Bulldogge,medium,1
22,1220,Chihuahua Kurzhaar / Havaneser,small,4
22,1220,Chihuahua Kurzhaar / Jack Russell Terrier,medium,4
22,1220,Chihuahua Kurzhaar / Kleinspitz Weiss,medium,1
22,1220,Chihuahua Kurzhaar / Langhaar Dachshund Kaninchen,small,1
22,1220,Chihuahua Kurzhaar / Malteser,small,3
22,1220,Chihuahua Kurzhaar / Mischling,small,62
22,1220,Chihuahua Kurzhaar / Mops (Carlin),small,2
22,1220,Chihuahua Kurzhaar / Papillon,small,1
22,1220,Chihuahua Kurzhaar / Pekingese,small,1
22,1220,Chihuahua Kurzhaar / Pinscher,medium,3
22,1220,Chihuahua Kurzhaar / Rauhhaar Dachshund Zwerg,small,1
22,1220,Chihuahua Kurzhaar / Shih Tzu,small,1
22,1220,Chihuahua Kurzhaar / Slovensky Cuvac,small,1
22,1220,Chihuahua Kurzhaar / Spitz,medium,3
22,1220,Chihuahua Kurzhaar / Toypudel Braun,medium,1
22,1220,Chihuahua Kurzhaar / Yorkshire Terrier,small,1
22,1220,Chihuahua Kurzhaar / Zwergpinscher,medium,3
22,1220,Chihuahua Kurzhaar / Zwergspitz (Pomeranian),medium,2
22,1220,Chihuahua Langhaar,small,213
22,1220,Chihuahua Langhaar / Border Collie,medium,1
22,1220,Chihuahua Langhaar / Cavalier King Charles Spaniel,small,1
22,1220,Chihuahua Langhaar / Chihuahua Kurzhaar,small,1
22,1220,Chihuahua Langhaar / Collie Langhaar (Rough),medium,1
22,1220,Chihuahua Langhaar / Klein- oder Mittelpudel,medium,1
22,1220,Chihuahua Langhaar / Kleinspitz Braun/Schwarz,medium,1
22,1220,Chihuahua Langhaar / Kleinspitz Weiss,medium,1
22,1220,Chihuahua Langhaar / Langhaar Dachshund Normal,small,1
22,1220,Chihuahua Langhaar / Malteser,small,2
22,1220,Chihuahua Langhaar / Mischling,small,22
22,1220,Chihuahua Langhaar / West Highland White Terrier,small,1
22,1220,Chihuahua Langhaar / Zwergspitz (Pomeranian),medium,5
22,1220,Chihuahua Langhaar / Österreichischer Pinscher,medium,1
22,1220,Chinese Crested Dog hairless,small,13
22,1220,Chinese Crested Dog powderpuff,small,8
22,1220,Chow-Chow,large,15
22,1220,Chow-Chow / Eurasier,large,1
22,1220,Chow-Chow / Labrador Retriever,large,2
22,1220,Chow-Chow / Mischling,large,1
22,1220,Chow-Chow / Mittelspitz Weiss,large,1
22,1220,Chow-Chow / Welsh Corgi Pembroke,large,1
22,1220,Ciobanesc Romanesc Carpatin / Golden Retriever,large,1
22,1220,Ciobanesc Romanesc Mioritic / Mischling,large,1
22,1220,Ciobanesc Romanesc de Bucovina / Ciobanesc Romanesc Carpatin,large,1
22,1220,Clumber Spaniel / Mischling,medium,1
22,1220,Coban Köpegi (Anatolischer Hirtenhund),large,2
22,1220,Coban Köpegi (Anatolischer Hirtenhund) / Mischling,large,1
22,1220,Cockerpoo,medium,7
22,1220,Collie Kurzhaar (Smooth),medium,2
22,1220,Collie Kurzhaar (Smooth) / Deutscher Schäferhund,large,1
22,1220,Collie Kurzhaar (Smooth) / Fox Terrier glatthaar,medium,1
22,1220,Collie Kurzhaar (Smooth) / Mischling,medium,1
22,1220,Collie Langhaar (Rough),medium,25
22,1220,Collie Langhaar (Rough) / Border Collie,medium,5
22,1220,Collie Langhaar (Rough) / Fox Terrier glatthaar,medium,1
22,1220,Collie Langhaar (Rough) / Holländischer Schäferhund Langhaar,large,1
22,1220,Collie Langhaar (Rough) / Labrador Retriever,large,1
22,1220,Collie Langhaar (Rough) / Mischling,medium,9
22,1220,Collie Langhaar (Rough) / Zwergspitz (Pomeranian),medium,1
22,1220,Coton de Tulear,small,4
22,1220,Curly-Coated Retriever,large,2
22,1220,Dackel,small,64
22,1220,Dackel / Bichon frise,small,1
22,1220,Dackel / Chihuahua Langhaar,small,1
22,1220,Dackel / Fox Terrier drahthaar,medium,1
22,1220,Dackel / Golden Retriever,large,1
22,1220,Dackel / Jack Russell Terrier,medium,3
22,1220,Dackel / Labrador Retriever,large,1
22,1220,Dackel / Leonberger,large,1
22,1220,Dackel / Mischling,small,77
22,1220,Dackel / Pinscher,medium,1
22,1220,Dackel / Puli andersfarbig,medium,1
22,1220,Dackel / Welsh Corgi Pembroke,medium,1
22,1220,Dackel / Yorkshire Terrier,small,1
22,1220,Dalmatiner,medium,21
22,1220,Dalmatiner / Belgischer Schäferhund,large,1
22,1220,Dalmatiner / Mischling,medium,2
22,1220,Dandie Dinmont Terrier / Deutscher Schäferhund,large,1
22,1220,Dandie Dinmont Terrier / Mischling,medium,1
22,1220,Dansk-Svensk Gardshund,medium,3
22,1220,Dansk-Svensk Gardshund / Jack Russell Terrier,medium,1
22,1220,Deutsch Drahthaar,medium,4
22,1220,Deutsch Drahthaar / Deutsch Kurzhaar,medium,2
22,1220,Deutsch Drahthaar / English Pointer,medium,1
22,1220,Deutsch Drahthaar / Mischling,medium,2
22,1220,Deutsch Drahthaar / Schnauzer pfeffersalz,medium,2
22,1220,Deutsch Drahthaar / Weimaraner Kurzhaar,large,1
22,1220,Deutsch Drahthaar / Yorkshire Terrier,medium,1
22,1220,Deutsch Drahthaar / Zwergpudel Weiss,medium,1
22,1220,Deutsch Kurzhaar,medium,13
22,1220,Deutsch Kurzhaar / Bloodhound (Chien de Saint-Hubert),medium,1
22,1220,Deutsch Kurzhaar / Chihuahua Kurzhaar,medium,1
22,1220,Deutsch Kurzhaar / Deutsch Drahthaar,medium,1
22,1220,Deutsch Kurzhaar / Deutsch Langhaar,medium,1
22,1220,Deutsch Kurzhaar / Deutscher Pinscher,medium,1
22,1220,Deutsch Kurzhaar / Greyhound,medium,1
22,1220,Deutsch Kurzhaar / Jack Russell Terrier,medium,1
22,1220,Deutsch Kurzhaar / Labrador Retriever,large,2
22,1220,Deutsch Kurzhaar / Magyar Vizsla Drahthaar,medium,1
22,1220,Deutsch Kurzhaar / Magyar Vizsla Kurzhaar,medium,1
22,1220,Deutsch Kurzhaar / Mischling,medium,8
22,1220,Deutsch Langhaar,medium,4
22,1220,Deutsch Langhaar / Collie Langhaar (Rough),medium,1
22,1220,Deutsch Langhaar / Kooikerhondje,medium,1
22,1220,Deutsch Langhaar / Mischling,medium,2
22,1220,Deutsche Bracke / Basset Hound,medium,1
22,1220,Deutsche Bracke / Collie Kurzhaar (Smooth),medium,1
22,1220,Deutsche Bracke / Deutsch Kurzhaar,medium,1
22,1220,Deutsche Bracke / Deutscher Jagdterrier,medium,1
22,1220,Deutsche Bracke / Jack Russell Terrier,medium,1
22,1220,Deutsche Bracke / Mischling,medium,1
22,1220,Deutsche Dogge blau,large,6
22,1220,Deutsche Dogge blau / Deutscher Schäferhund,large,1
22,1220,Deutsche Dogge blau / Mischling,large,1
22,1220,Deutsche Dogge gefleckt / Chihuahua Kurzhaar,large,1
22,1220,Deutsche Dogge gestromt / Labrador Retriever,large,1
22,1220,Deutsche Dogge schwarz,large,2
22,1220,Deutscher Boxer gelb,large,33
22,1220,Deutscher Boxer gelb / American Staffordshire Terrier,large,1
22,1220,Deutscher Boxer gelb / Malinois,large,1
22,1220,Deutscher Boxer gelb / Mischling,large,7
22,1220,Deutscher Boxer gestromt,large,9
22,1220,Deutscher Boxer gestromt / Mischling,large,2
22,1220,Deutscher Jagdterrier,medium,4
22,1220,Deutscher Jagdterrier / Dackel,medium,1
22,1220,Deutscher Jagdterrier / English Pointer,medium,1
22,1220,Deutscher Jagdterrier / Jack Russell Terrier,medium,1
22,1220,Deutscher Jagdterrier / Kurzhaar Dachshund Normal,medium,1
22,1220,Deutscher Jagdterrier / Mischling,medium,7
22,1220,Deutscher Pinscher,medium,11
22,1220,Deutscher Pinscher / American Foxhound,large,1
22,1220,Deutscher Pinscher / Bracke,medium,2
22,1220,Deutscher Pinscher / Chihuahua Kurzhaar,medium,1
22,1220,Deutscher Pinscher / Chinese Crested Dog hairless,medium,1
22,1220,Deutscher Pinscher / Dackel,medium,1
22,1220,Deutscher Pinscher / Deutscher Schäferhund Langstockhaar,large,1
22,1220,Deutscher Pinscher / Mischling,medium,12
22,1220,Deutscher Pinscher / Shar Pei,medium,1
22,1220,Deutscher Pinscher / Spitz,medium,1
22,1220,Deutscher Pinscher / Yorkshire Terrier,medium,1
22,1220,Deutscher Schäferhund,large,101
22,1220,Deutscher Schäferhund / Akita,large,1
22,1220,Deutscher Schäferhund / American Cocker Spaniel,large,1
22,1220,Deutscher Schäferhund / American Staffordshire Terrier,large,1
22,1220,Deutscher Schäferhund / Australian Cattledog,large,1
22,1220,Deutscher Schäferhund / Australian Kelpie,large,1
22,1220,Deutscher Schäferhund / Australian Shepherd,large,2
22,1220,Deutscher Schäferhund / Basenji,large,1
22,1220,Deutscher Schäferhund / Beagle,large,1
22,1220,Deutscher Schäferhund / Belgischer Schäferhund,large,2
22,1220,Deutscher Schäferhund / Berner Sennenhund,large,1
22,1220,Deutscher Schäferhund / Border Collie,large,6
22,1220,Deutscher Schäferhund / Collie Kurzhaar (Smooth),large,1
22,1220,Deutscher Schäferhund / Collie Langhaar (Rough),large,2
22,1220,Deutscher Schäferhund / Coton de Tulear,large,1
22,1220,Deutscher Schäferhund / Deutscher Jagdterrier,large,2
22,1220,Deutscher Schäferhund / Deutscher Schäferhund Langstockhaar,large,1
22,1220,Deutscher Schäferhund / Fox Terrier glatthaar,large,1
22,1220,Deutscher Schäferhund / Golden Retriever,large,1
22,1220,Deutscher Schäferhund / Holländischer Schäferhund Langhaar,large,2
22,1220,Deutscher Schäferhund / Hrvatski Ovcar,large,2
22,1220,Deutscher Schäferhund / Kurzhaar Dachshund Normal,large,1
22,1220,Deutscher Schäferhund / Labrador Retriever,large,9
22,1220,Deutscher Schäferhund / Malinois,large,1
22,1220,Deutscher Schäferhund / Mischling,large,89
22,1220,Deutscher Schäferhund / Mittelspitz Braun/Schwarz,large,1
22,1220,Deutscher Schäferhund / Mops (Carlin),large,1
22,1220,Deutscher Schäferhund / Mudi,large,2
22,1220,Deutscher Schäferhund / Rottweiler,large,1
22,1220,Deutscher Schäferhund / Shar Pei,large,3
22,1220,Deutscher Schäferhund / Siberian Husky,large,4
22,1220,Deutscher Schäferhund / Terrier Brasileiro,large,1
22,1220,Deutscher Schäferhund / Tschechoslowakischer Wolfhund,large,2
22,1220,Deutscher Schäferhund / Wolfspitz,large,1
22,1220,Deutscher Schäferhund Langstockhaar,large,23
22,1220,Deutscher Schäferhund Langstockhaar / Mischling,large,9
22,1220,Deutscher Spitz,medium,19
22,1220,Deutscher Spitz / Kurzhaar Dachshund Kaninchen,medium,1
22,1220,Deutscher Spitz / Mischling,medium,2
22,1220,Deutscher Spitz / Tibetan Terrier,medium,1
22,1220,Deutscher Wachtelhund / Jack Russell Terrier,medium,1
22,1220,Do-Khyi,large,2
22,1220,Dobermann braun-rot,large,13
22,1220,Dobermann braun-rot / Mischling,large,3
22,1220,Dobermann schwarz-rot,large,7
22,1220,Dobermann schwarz-rot / Mischling,large,1
22,1220,Dog de Bordeaux (Bordeauxdogge),large,7
22,1220,Dog de Bordeaux (Bordeauxdogge) / Mischling,large,1
22,1220,Dog de Bordeaux (Bordeauxdogge) / Rhodesian Ridgeback,large,1
22,1220,Dogo Argentino,large,5
22,1220,Dogo Argentino / Mischling,large,2
22,1220,Dogo Canario,large,5
22,1220,Dogo Canario / Cane Corso Italiano,large,1
22,1220,Dogo Canario / Staffordshire Bullterrier,large,1
22,1220,Elo,medium,9
22,1220,English Cocker Spaniel einfärbig,medium,51
22,1220,English Cocker Spaniel einfärbig / Golden Retriever,large,1
22,1220,English Cocker Spaniel einfärbig / Grosspudel Apricot,large,1
22,1220,English Cocker Spaniel einfärbig / Grosspudel Weiss,large,1
22,1220,English Cocker Spaniel einfärbig / Klein- oder Mittelpudel,medium,2
22,1220,English Cocker Spaniel einfärbig / Kleinpudel Apricot,medium,3
22,1220,English Cocker Spaniel einfärbig / Kleinpudel Rot,medium,1
22,1220,English Cocker Spaniel einfärbig / Kleinpudel Weiss,medium,1
22,1220,English Cocker Spaniel einfärbig / Mischling,medium,2
22,1220,English Cocker Spaniel einfärbig / Pekingese,medium,1
22,1220,English Cocker Spaniel einfärbig / Pudel,medium,1
22,1220,English Cocker Spaniel mehrfärbig,medium,51
22,1220,English Cocker Spaniel mehrfärbig / Beagle,medium,1
22,1220,English Cocker Spaniel mehrfärbig / Klein- oder Mittelpudel,medium,1
22,1220,English Cocker Spaniel mehrfärbig / Mischling,medium,4
22,1220,English Cocker Spaniel mehrfärbig / Pudel,medium,1
22,1220,English Cocker Spaniel mehrfärbig / Schnauzer pfeffersalz,medium,1
22,1220,English Cocker Spaniel mehrfärbig / Zwergpudel Apricot,medium,1
22,1220,English Coonhound,large,1
22,1220,English Pointer,medium,3
22,1220,English Pointer / Mischling,medium,4
22,1220,English Setter,medium,5
22,1220,English Setter / Flat-Coated Retriever,large,1
22,1220,English Setter / Mischling,medium,3
22,1220,English Springer Spaniel,medium,9
22,1220,English Springer Spaniel / English Setter,medium,1
22,1220,English Toy Terrier,small,1
22,1220,English Toy Terrier / Fox Terrier glatthaar,medium,1
22,1220,Entlebucher Sennenhund,medium,7
22,1220,Entlebucher Sennenhund / Appenzeller Sennenhund,large,2
22,1220,Entlebucher Sennenhund / Berner Sennenhund,large,1
22,1220,Entlebucher Sennenhund / Pinscher,medium,1
22,1220,Epagneul breton,medium,7
22,1220,Epagneul picard,medium,1
22,1220,Erdelyi Kopo / Black and Tan Coonhound,large,1
22,1220,Eurasier,medium,15
22,1220,Eurasier / Chow-Chow,large,4
22,1220,Eurasier / Mischling,medium,1
22,1220,Eurasier / Samojede,large,1
22,1220,Eurasier / Shar Pei,medium,1
22,1220,Finnen-Spitz / Islandhund,medium,1
22,1220,Finnen-Spitz / Mischling,medium,1
22,1220,Finnischer Lapphund (Suomen Lapinkoira) / Mischling,medium,2
22,1220,Finnischer Lapphund (Suomen Lapinkoira) / Västgötaspets,medium,1
22,1220,Flat-Coated Retriever,large,25
22,1220,Flat-Coated Retriever / Border Collie,large,2
22,1220,Flat-Coated Retriever / Irish Red Setter,large,1
22,1220,Flat-Coated Retriever / Mischling,large,1
22,1220,Fox Terrier drahthaar,medium,9
22,1220,Fox Terrier drahthaar / Jack Russell Terrier,medium,1
22,1220,Fox Terrier drahthaar / Kurzhaar Dachshund Normal,medium,1
22,1220,Fox Terrier drahthaar / Labrador Retriever,large,1
22,1220,Fox Terrier drahthaar / Mischling,medium,6
22,1220,Fox Terrier glatthaar,medium,7
22,1220,Fox Terrier glatthaar / Collie Kurzhaar (Smooth),medium,1
22,1220,Fox Terrier glatthaar / Deutscher Pinscher,medium,1
22,1220,Fox Terrier glatthaar / Jack Russell Terrier,medium,2
22,1220,Fox Terrier glatthaar / Mischling,medium,2
22,1220,Fox Terrier glatthaar / Zwergpinscher,medium,1
22,1220,Französische Bulldogge,medium,281
22,1220,Französische Bulldogge / American Staffordshire Terrier,large,1
22,1220,Französische Bulldogge / Boston Terrier,medium,1
22,1220,Französische Bulldogge / Bull Terrier (Standard),medium,1
22,1220,Französische Bulldogge / Bulldog,medium,1
22,1220,Französische Bulldogge / Chihuahua Kurzhaar,medium,1
22,1220,Französische Bulldogge / Chow-Chow,large,1
22,1220,Französische Bulldogge / Jack Russell Terrier,medium,2
22,1220,Französische Bulldogge / Miniatur Bull Terrier,medium,1
22,1220,Französische Bulldogge / Mischling,medium,7
22,1220,Französische Bulldogge / Rottweiler,large,1
22,1220,Galgo Espanol,medium,7
22,1220,Galgo Espanol / Mischling,medium,1
22,1220,Golden Retriever,large,230
22,1220,Golden Retriever / Australian Shepherd,large,2
22,1220,Golden Retriever / Beagle,large,2
22,1220,Golden Retriever / Border Collie,large,1
22,1220,Golden Retriever / Chien d`Artois,large,1
22,1220,Golden Retriever / Deutscher Schäferhund,large,2
22,1220,Golden Retriever / English Setter,large,1
22,1220,Golden Retriever / Grosspudel Apricot,large,5
22,1220,Golden Retriever / Grosspudel Falb,large,1
22,1220,Golden Retriever / Grosspudel Weiss,large,1
22,1220,Golden Retriever / Irish Red Setter,large,1
22,1220,Golden Retriever / Jack Russell Terrier,large,1
22,1220,Golden Retriever / Kaukasischer Ovtcharka,large,1
22,1220,Golden Retriever / Klein- oder Mittelpudel,large,1
22,1220,Golden Retriever / Kleinpudel Rot,large,2
22,1220,Golden Retriever / Labradoodle,large,2
22,1220,Golden Retriever / Labrador Retriever,large,8
22,1220,Golden Retriever / Maremmano - Abruzzese,large,1
22,1220,Golden Retriever / Mischling,large,33
22,1220,Golden Retriever / Papillon,large,1
22,1220,Golden Retriever / Parson Russell Terrier,large,1
22,1220,Golden Retriever / Pudel,large,2
22,1220,Golden Retriever / Pudelpointer,large,3
22,1220,Golden Retriever / Spitz,large,2
22,1220,Golden Retriever / Sussex Spaniel,large,1
22,1220,Golden Retriever / Welsh Corgi Cardigan,large,1
22,1220,Golden Retriever / Wolfspitz,large,1
22,1220,Golden Retriever / Zwergpudel Apricot,large,1
22,1220,Gordon Setter,medium,7
22,1220,Gordon Setter / Golden Retriever,large,1
22,1220,Gordon Setter / Mischling,medium,2
22,1220,Greyhound,medium,11
22,1220,Griffon Korthals / Mischling,small,1
22,1220,Griffon belge,small,3
22,1220,Griffon bruxellois,small,4
22,1220,Griffon nivernais / Mischling,small,1
22,1220,Grosser Münsterländer / Mischling,large,3
22,1220,Grosser Schweizer Sennenhund,large,8
22,1220,Grosspudel Apricot,large,13
22,1220,Grosspudel Apricot / Australian Shepherd,large,1
22,1220,Grosspudel Apricot / Golden Retriever,large,4
22,1220,Grosspudel Apricot / Mischling,large,1
22,1220,Grosspudel Falb,large,2
22,1220,Grosspudel Grau,large,1
22,1220,Grosspudel Rot,large,1
22,1220,Grosspudel Rot / Golden Retriever,large,1
22,1220,Grosspudel Schwarz,large,6
22,1220,Grosspudel Schwarz / Labrador Retriever,large,1
22,1220,Grosspudel Weiss,large,2
22,1220,Grosspudel Weiss / Golden Retriever,large,2
22,1220,Grosspudel falb aus Mehrfarben,large,1
22,1220,Grosspudel falb aus Mehrfarben / Golden Retriever,large,1
22,1220,Grosspudel schwarz aus Mehrfarben,large,3
22,1220,Grossspitz Braun/Schwarz,large,1
22,1220,Grossspitz Weiss / Samojede,large,1
22,1220,Hannoverscher Schweisshund,medium,1
22,1220,Harzer Fuchs,medium,1
22,1220,Harzer Fuchs / Mischling,medium,1
22,1220,Havaneser,small,162
22,1220,Havaneser / Bologneser,small,1
22,1220,Havaneser / Chihuahua Kurzhaar,small,2
22,1220,Havaneser / Jack Russell Terrier,medium,1
22,1220,Havaneser / Klein- oder Mittelpudel,medium,4
22,1220,Havaneser / Kleinpudel Rot,medium,1
22,1220,Havaneser / Kleinpudel falb aus Mehrfarben,medium,1
22,1220,Havaneser / Malteser,small,5
22,1220,Havaneser / Mehrfarben Zwergpudel schwarz loh,medium,1
22,1220,Havaneser / Mischling,small,37
22,1220,Havaneser / Pinscher,medium,1
22,1220,Havaneser / Pudel,medium,3
22,1220,Havaneser / Pudelpointer,medium,2
22,1220,Havaneser / Spitz,medium,1
22,1220,Havaneser / Yorkshire Terrier,small,3
22,1220,Havaneser / Zwergpudel Apricot,medium,4
22,1220,Havaneser / Zwergpudel Braun,medium,1
22,1220,Havaneser / Zwergpudel Grau,medium,2
22,1220,Havaneser / Zwergpudel Rot,medium,1
22,1220,Hellinikos Ichnilatis / Hygenhund,medium,1
22,1220,Hellinikos Ichnilatis / Jack Russell Terrier,medium,1
22,1220,Hokkaido,medium,3
22,1220,Hollandse Smoushond / Border Terrier,medium,1
22,1220,Holländischer Schäferhund Kurzhaar,large,6
22,1220,Holländischer Schäferhund Kurzhaar / Cane Corso Italiano,large,1
22,1220,Holländischer Schäferhund Kurzhaar / Deutscher Boxer gelb,large,1
22,1220,Holländischer Schäferhund Kurzhaar / Deutscher Boxer gestrom,large,1
22,1220,Holländischer Schäferhund Kurzhaar / Deutscher Schäferhund,large,1
22,1220,Holländischer Schäferhund Kurzhaar / Flat-Coated Retriever,large,1
22,1220,Holländischer Schäferhund Kurzhaar / Galgo Espanol,large,1
22,1220,Holländischer Schäferhund Kurzhaar / Mischling,large,3
22,1220,Holländischer Schäferhund Langhaar,large,1
22,1220,Hovawart,large,13
22,1220,Hovawart / Australian Shepherd,large,1
22,1220,Hovawart / Berner Sennenhund,large,1
22,1220,Hovawart / Deutscher Schäferhund,large,1
22,1220,Hovawart / Deutscher Schäferhund Langstockhaar,large,1
22,1220,Hovawart / Labrador Retriever,large,1
22,1220,Hovawart / Mischling,large,4
22,1220,Hrvatski Ovcar,medium,2
22,1220,Hrvatski Ovcar / Epagneul breton,medium,1
22,1220,Hrvatski Ovcar / Mischling,medium,2
22,1220,Irish Red Setter,medium,3
22,1220,Irish Red Setter / Deutscher Schäferhund,large,1
22,1220,Irish Red and White Setter,medium,5
22,1220,Irish Soft Coated Wheaten Terrier,medium,2
22,1220,Irish Terrier,medium,3
22,1220,Irish Terrier / Border Terrier,medium,1
22,1220,Irish Terrier / Labrador Retriever,large,1
22,1220,Irish Terrier / Mischling,medium,3
22,1220,Irish Terrier / Rauhhaar Dachshund Normal,medium,1
22,1220,Irish Wolfhound,large,3
22,1220,Irish Wolfhound / Mischling,large,1
22,1220,Irish Wolfhound / Schnauzer pfeffersalz,large,1
22,1220,Islandhund,medium,5
22,1220,Istrianer Bracke Kurzhaar (Kratkodlaki Gonic),medium,1
22,1220,Istrianer Bracke Rauhhaar (Ostrodlaki Gonic) / Beagle,medium,1
22,1220,Istrianer Bracke Rauhhaar (Ostrodlaki Gonic) / Mischling,medium,1
22,1220,Italienisches Windspiel,small,10
22,1220,Italienisches Windspiel / Chihuahua Kurzhaar,small,1
22,1220,Jack Russell Terrier,medium,128
22,1220,Jack Russell Terrier / Basset Hound,medium,1
22,1220,Jack Russell Terrier / Beagle,medium,6
22,1220,Jack Russell Terrier / Bichon frise,medium,1
22,1220,Jack Russell Terrier / Border Collie,medium,1
22,1220,Jack Russell Terrier / Border Terrier,medium,1
22,1220,Jack Russell Terrier / Chihuahua Kurzhaar,medium,3
22,1220,Jack Russell Terrier / Collie Kurzhaar (Smooth),medium,2
22,1220,Jack Russell Terrier / Dackel,medium,1
22,1220,Jack Russell Terrier / Dalmatiner,medium,2
22,1220,Jack Russell Terrier / Deutsch Kurzhaar,medium,2
22,1220,Jack Russell Terrier / Deutscher Schäferhund,large,3
22,1220,Jack Russell Terrier / English Pointer,medium,1
22,1220,Jack Russell Terrier / English Setter,medium,1
22,1220,Jack Russell Terrier / Fox Terrier glatthaar,medium,4
22,1220,Jack Russell Terrier / Malteser,medium,1
22,1220,Jack Russell Terrier / Mischling,medium,68
22,1220,Jack Russell Terrier / Mops (Carlin),medium,1
22,1220,Jack Russell Terrier / Parson Russell Terrier,medium,4
22,1220,Jack Russell Terrier / Pinscher,medium,3
22,1220,Jack Russell Terrier / Podengo Portugues Kurzhaar Medio,medium,1
22,1220,Jack Russell Terrier / Podengo Portugues Kurzhaar Pequeno,medium,1
22,1220,Jack Russell Terrier / Posavski Gonic,medium,1
22,1220,Jack Russell Terrier / Rauhhaar Dachshund Normal,medium,1
22,1220,Jack Russell Terrier / Rauhhaar Dachshund Zwerg,medium,1
22,1220,Jack Russell Terrier / Schnauzer schwarz,medium,1
22,1220,Jack Russell Terrier / Shetland Sheepdog,medium,2
22,1220,Jack Russell Terrier / Shiba,medium,1
22,1220,Jack Russell Terrier / Welsh Corgi Pembroke,medium,1
22,1220,Jack Russell Terrier / Yorkshire Terrier,medium,1
22,1220,Jack Russell Terrier / Zwergspitz (Pomeranian),medium,2
22,1220,Jagdterrier,medium,1
22,1220,Jagdterrier / Mischling,medium,4
22,1220,Japanischer Spitz,medium,2
22,1220,Jura Laufhund / Mischling,medium,1
22,1220,Kangal,large,2
22,1220,Kaukasischer Ovtcharka,large,1
22,1220,King Charles Spaniel,small,11
22,1220,King Charles Spaniel / Kooikerhondje,medium,1
22,1220,Klein- oder Mittelpudel,medium,14
22,1220,Klein- oder Mittelpudel / English Cocker Spaniel einfärbig,medium,1
22,1220,Klein- oder Mittelpudel / Mischling,medium,1
22,1220,Kleiner Münsterländer,medium,8
22,1220,Kleiner Münsterländer / Border Collie,medium,1
22,1220,Kleiner Münsterländer / Deutsch Drahthaar,medium,1
22,1220,Kleiner Münsterländer / Mischling,medium,9
22,1220,Kleinpudel Apricot,medium,5
22,1220,Kleinpudel Apricot / Mischling,medium,1
22,1220,Kleinpudel Apricot / Zwergpudel Apricot,medium,1
22,1220,Kleinpudel Braun,medium,3
22,1220,Kleinpudel Falb,medium,2
22,1220,Kleinpudel Falb / Mischling,medium,1
22,1220,Kleinpudel Grau / Mischling,medium,1
22,1220,Kleinpudel Grau / Tibetan Terrier,medium,1
22,1220,Kleinpudel Grau / Yorkshire Terrier,medium,1
22,1220,Kleinpudel Rot,medium,3
22,1220,Kleinpudel Rot / Cavalier King Charles Spaniel,medium,2
22,1220,Kleinpudel Rot / English Cocker Spaniel einfärbig,medium,1
22,1220,Kleinpudel Schwarz,medium,5
22,1220,Kleinpudel Schwarz / Cavalier King Charles Spaniel,medium,1
22,1220,Kleinpudel Schwarz / Malteser,medium,1
22,1220,Kleinpudel Schwarz / Mudi,medium,1
22,1220,Kleinpudel Weiss,medium,2
22,1220,Kleinpudel Weiss / Chihuahua Kurzhaar,medium,1
22,1220,Kleinpudel schwarz aus Mehrfarben,medium,1
22,1220,Kleinpudel schwarz aus Mehrfarben / Malteser,medium,1
22,1220,Kleinspitz Braun/Schwarz,medium,4
22,1220,Kleinspitz Braun/Schwarz / Chihuahua Langhaar,medium,1
22,1220,Kleinspitz Braun/Schwarz / Französische Bulldogge,medium,1
22,1220,Kleinspitz Braun/Schwarz / Mischling,medium,2
22,1220,Kleinspitz Neufarben,medium,3
22,1220,Kleinspitz Weiss,medium,4
22,1220,Komondor / Mischling,large,1
22,1220,Kooikerhondje,medium,12
22,1220,Kooikerhondje / English Cocker Spaniel mehrfärbig,medium,1
22,1220,Kooikerhondje / Mischling,medium,4
22,1220,Korea Jindo Dog / Mischling,medium,1
22,1220,Kromfohrländer,medium,2
22,1220,Kromfohrländer / Mischling,medium,2
22,1220,Kurzhaar Dachshund Kaninchen,small,18
22,1220,Kurzhaar Dachshund Kaninchen / Beagle,medium,1
22,1220,Kurzhaar Dachshund Kaninchen / Fox Terrier glatthaar,medium,1
22,1220,Kurzhaar Dachshund Kaninchen / Labrador Retriever,large,1
22,1220,Kurzhaar Dachshund Kaninchen / Mischling,small,4
22,1220,Kurzhaar Dachshund Normal,small,33
22,1220,Kurzhaar Dachshund Normal / Chihuahua Kurzhaar,small,1
22,1220,Kurzhaar Dachshund Normal / Deutscher Schäferhund,large,2
22,1220,Kurzhaar Dachshund Normal / Deutscher Spitz,medium,1
22,1220,Kurzhaar Dachshund Normal / Golden Retriever,large,1
22,1220,Kurzhaar Dachshund Normal / Jack Russell Terrier,medium,3
22,1220,Kurzhaar Dachshund Normal / Kurzhaar Dachshund Kaninchen,small,1
22,1220,Kurzhaar Dachshund Normal / Labrador Retriever,large,1
22,1220,Kurzhaar Dachshund Normal / Magyar Vizsla Kurzhaar,medium,1
22,1220,Kurzhaar Dachshund Normal / Malteser,small,1
22,1220,Kurzhaar Dachshund Normal / Mischling,small,7
22,1220,Kurzhaar Dachshund Normal / Pinscher,medium,5
22,1220,Kurzhaar Dachshund Normal / Shar Pei,medium,1
22,1220,Kurzhaar Dachshund Zwerg,small,40
22,1220,Kurzhaar Dachshund Zwerg / Jack Russell Terrier,medium,1
22,1220,Kurzhaar Dachshund Zwerg / Labrador Retriever,large,1
22,1220,Kurzhaar Dachshund Zwerg / Rauhhaar Dachshund Normal,small,1
22,1220,Kuvasz,large,1
22,1220,Kuvasz / Mischling,large,2
22,1220,Labradoodle,medium,17
22,1220,Labradoodle / Mischling,medium,1
22,1220,Labrador Retriever,large,426
22,1220,Labrador Retriever / Afghanischer Windhund,large,1
22,1220,Labrador Retriever / Australian Shepherd,large,7
22,1220,Labrador Retriever / Basset artesien normand,large,2
22,1220,Labrador Retriever / Beagle,large,2
22,1220,Labrador Retriever / Bearded Collie,large,1
22,1220,Labrador Retriever / Belgischer Schäferhund,large,1
22,1220,Labrador Retriever / Border Collie,large,11
22,1220,Labrador Retriever / Bracke,large,1
22,1220,Labrador Retriever / Bulldog,large,1
22,1220,Labrador Retriever / Cairn Terrier,large,1
22,1220,Labrador Retriever / Chihuahua Kurzhaar,large,1
22,1220,Labrador Retriever / Coban Köpegi (Anatolischer Hirtenhund),large,1
22,1220,Labrador Retriever / Collie Kurzhaar (Smooth),large,1
22,1220,Labrador Retriever / Collie Langhaar (Rough),large,1
22,1220,Labrador Retriever / Dackel,large,2
22,1220,Labrador Retriever / Dalmatiner,large,1
22,1220,Labrador Retriever / Deutsch Kurzhaar,large,4
22,1220,Labrador Retriever / Deutsche Bracke,large,1
22,1220,Labrador Retriever / Deutsche Dogge schwarz,large,1
22,1220,Labrador Retriever / Deutscher Boxer gelb,large,1
22,1220,Labrador Retriever / Deutscher Boxer gestromt,large,1
22,1220,Labrador Retriever / Deutscher Schäferhund,large,7
22,1220,Labrador Retriever / English Cocker Spaniel einfärbig,large,2
22,1220,Labrador Retriever / English Cocker Spaniel mehrfärbig,large,1
22,1220,Labrador Retriever / English Pointer,large,1
22,1220,Labrador Retriever / English Setter,large,1
22,1220,Labrador Retriever / Flat-Coated Retriever,large,1
22,1220,Labrador Retriever / Golden Retriever,large,10
22,1220,Labrador Retriever / Greyhound,large,1
22,1220,Labrador Retriever / Grosspudel Apricot,large,5
22,1220,Labrador Retriever / Grosspudel Braun,large,2
22,1220,Labrador Retriever / Grosspudel Rot,large,1
22,1220,Labrador Retriever / Jack Russell Terrier,large,1
22,1220,Labrador Retriever / King Charles Spaniel,large,1
22,1220,Labrador Retriever / Klein- oder Mittelpudel,large,1
22,1220,Labrador Retriever / Kleiner Münsterländer,large,1
22,1220,Labrador Retriever / Kleinpudel Falb,large,1
22,1220,Labrador Retriever / Kleinpudel Weiss,large,1
22,1220,Labrador Retriever / Kleinspitz Neufarben,large,1
22,1220,Labrador Retriever / Kurzhaar Dachshund Normal,large,1
22,1220,Labrador Retriever / Labrador Retriever,large,1
22,1220,Labrador Retriever / Magyar Agar,large,1
22,1220,Labrador Retriever / Magyar Vizsla Kurzhaar,large,5
22,1220,Labrador Retriever / Mehrfarben Grosspudel schwarz loh,large,1
22,1220,Labrador Retriever / Mischling,large,175
22,1220,Labrador Retriever / Mittelspitz Weiss,large,1
22,1220,Labrador Retriever / Mops (Carlin),large,1
22,1220,Labrador Retriever / Parson Russell Terrier,large,2
22,1220,Labrador Retriever / Pinscher,large,3
22,1220,Labrador Retriever / Pudel,large,1
22,1220,Labrador Retriever / Pudelpointer,large,2
22,1220,Labrador Retriever / Rafeiro do Alentejo,large,1
22,1220,Labrador Retriever / Riesenschnauzer schwarz,large,1
22,1220,Labrador Retriever / Shar Pei,large,1
22,1220,Labrador Retriever / Siberian Husky,large,1
22,1220,Labrador Retriever / Spitz,large,1
22,1220,Labrador Retriever / St. Bernhardshund Kurzhaar,large,1
22,1220,Labrador Retriever / Tiroler Bracke,large,2
22,1220,Labrador Retriever / Weimaraner Kurzhaar,large,1
22,1220,Labrador Retriever / Weimaraner Langhaar,large,1
22,1220,Labrador Retriever / Welsh Corgi Pembroke,large,2
22,1220,Labrador Retriever / Whippet,large,1
22,1220,Lagotto romagnolo,medium,51
22,1220,Lagotto romagnolo / English Cocker Spaniel einfärbig,medium,2
22,1220,Lagotto romagnolo / Mischling,medium,1
22,1220,Lancashire Heeler / Australian Kelpie,medium,1
22,1220,Lancashire Heeler / Mischling,small,1
22,1220,Lancashire Heeler / Podengo Portugues Kurzhaar Medio,medium,1
22,1220,Landseer,large,5
22,1220,Landseer / Berner Sennenhund,large,1
22,1220,Landseer / Mischling,large,1
22,1220,Langhaar Dachshund Kaninchen,small,10
22,1220,Langhaar Dachshund Kaninchen / Mischling,small,2
22,1220,Langhaar Dachshund Kaninchen / Pekingese,small,1
22,1220,Langhaar Dachshund Kaninchen / Shih Tzu,small,1
22,1220,Langhaar Dachshund Normal,small,2
22,1220,Langhaar Dachshund Normal / Airedale Terrier,medium,1
22,1220,Langhaar Dachshund Normal / Border Collie,medium,1
22,1220,Langhaar Dachshund Normal / Deutsch Drahthaar,medium,1
22,1220,Langhaar Dachshund Normal / Flat-Coated Retriever,large,1
22,1220,Langhaar Dachshund Normal / Jack Russell Terrier,medium,1
22,1220,Langhaar Dachshund Normal / King Charles Spaniel,small,1
22,1220,Langhaar Dachshund Normal / Mischling,small,5
22,1220,Langhaar Dachshund Normal / Pinscher,medium,1
22,1220,Langhaar Dachshund Normal / Zwergspitz (Pomeranian),medium,1
22,1220,Langhaar Dachshund Zwerg,small,10
22,1220,Langhaar Dachshund Zwerg / Mischling,small,1
22,1220,Leonberger,large,3
22,1220,Leonberger / Berner Sennenhund,large,2
22,1220,Leonberger / Golden Retriever,large,1
22,1220,Leonberger / Mischling,large,2
22,1220,Lhasa Apso,small,4
22,1220,Lhasa Apso / Flat-Coated Retriever,large,1
22,1220,Lhasa Apso / Mischling,small,1
22,1220,Löwchen,small,3
22,1220,Löwchen / Bolonka Zwetna,small,1
22,1220,Magyar Agar,large,3
22,1220,Magyar Agar / Magyar Vizsla Kurzhaar,large,1
22,1220,Magyar Agar / Podenco Canario,large,1
22,1220,Magyar Vizsla Drahthaar,medium,33
22,1220,Magyar Vizsla Drahthaar / Beagle,medium,1
22,1220,Magyar Vizsla Drahthaar / Deutscher Boxer gelb,large,1
22,1220,Magyar Vizsla Drahthaar / Mischling,medium,9
22,1220,Magyar Vizsla Drahthaar / Srpski Gonic,medium,1
22,1220,Magyar Vizsla Drahthaar / Weimaraner Kurzhaar,large,1
22,1220,Magyar Vizsla Kurzhaar,medium,20
22,1220,Magyar Vizsla Kurzhaar / Dalmatiner,medium,1
22,1220,Magyar Vizsla Kurzhaar / Deutsch Drahthaar,medium,1
22,1220,Magyar Vizsla Kurzhaar / Malinois,medium,1
22,1220,Magyar Vizsla Kurzhaar / Mischling,medium,2
22,1220,Magyar Vizsla Kurzhaar / Rhodesian Ridgeback,large,1
22,1220,Magyar Vizsla Kurzhaar / Siberian Husky,large,1
22,1220,Malinois,medium,31
22,1220,Malinois / Belgischer Schäferhund,large,1
22,1220,Malinois / Border Collie,medium,1
22,1220,Malinois / Deutscher Schäferhund,large,1
22,1220,Malinois / English Toy Terrier,medium,1
22,1220,Malinois / Leonberger,large,1
22,1220,Malinois / Mischling,medium,5
22,1220,Malinois / Staffordshire Bullterrier,medium,1
22,1220,Malinois / Tiroler Bracke,medium,1
22,1220,Malteser,small,328
22,1220,Malteser / Bichon frise,small,3
22,1220,Malteser / Chihuahua Kurzhaar,small,2
22,1220,Malteser / Chihuahua Langhaar,small,1
22,1220,Malteser / Deutscher Spitz,medium,1
22,1220,Malteser / Havaneser,small,4
22,1220,Malteser / Klein- oder Mittelpudel,medium,3
22,1220,Malteser / Kleinpudel Apricot,medium,4
22,1220,Malteser / Kleinpudel Braun,medium,6
22,1220,Malteser / Kleinpudel Rot,medium,1
22,1220,Malteser / Kleinpudel Schwarz,medium,2
22,1220,Malteser / Kleinpudel Weiss,medium,1
22,1220,Malteser / Kleinpudel schwarz aus Mehrfarben,medium,1
22,1220,Malteser / Langhaar Dachshund Normal,small,1
22,1220,Malteser / Malteser,small,1
22,1220,Malteser / Mehrfarben Kleinpudel schwarz loh,medium,1
22,1220,Malteser / Mehrfarben Kleinpudel schwarz weiss,medium,1
22,1220,Malteser / Mischling,small,42
22,1220,Malteser / Mittelspitz Braun/Schwarz,medium,1
22,1220,Malteser / Mops (Carlin),small,1
22,1220,Malteser / Pekingese,small,3
22,1220,Malteser / Pudel,medium,18
22,1220,Malteser / Pudelpointer,medium,10
22,1220,Malteser / Puli andersfarbig,medium,1
22,1220,Malteser / Shiba,medium,1
22,1220,Malteser / Spitz,medium,2
22,1220,Malteser / Toypudel Apricot,medium,4
22,1220,Malteser / Toypudel Braun,medium,3
22,1220,Malteser / Toypudel Rot,medium,3
22,1220,Malteser / Toypudel Weiss,medium,1
22,1220,Malteser / West Highland White Terrier,small,1
22,1220,Malteser / Yorkshire Terrier,small,3
22,1220,Malteser / Zwergpudel Apricot,medium,17
22,1220,Malteser / Zwergpudel Braun,medium,11
22,1220,Malteser / Zwergpudel Weiss,medium,2
22,1220,Manchester Terrier,medium,2
22,1220,Manchester Terrier / Chow-Chow,large,1
22,1220,Manchester Terrier / Mischling,medium,3
22,1220,Mehrfarben Kleinpudel schwarz loh,medium,1
22,1220,Mehrfarben Kleinpudel schwarz weiss / Kleinpudel Apricot,medium,1
22,1220,Mehrfarben Kleinpudel schwarz weiss / Mischling,medium,1
22,1220,Mehrfarben Toypudel schwarz loh / Kleinpudel Apricot,medium,1
22,1220,Mehrfarben Zwergpudel schwarz weiss / Mischling,medium,1
22,1220,Mehrfarbenpudel schwarz-loh / Finnen-Spitz,medium,1
22,1220,Miniatur Bull Terrier,medium,5
22,1220,Miniatur Bull Terrier / Bulldog,medium,1
22,1220,Mittelspitz Braun/Schwarz,medium,4
22,1220,Mittelspitz Braun/Schwarz / Eurasier,medium,1
22,1220,Mittelspitz Braun/Schwarz / Kleinpudel Braun,medium,1
22,1220,Mittelspitz Braun/Schwarz / Mischling,medium,4
22,1220,Mittelspitz Braun/Schwarz / Spitz,medium,1
22,1220,Mittelspitz Braun/Schwarz / Zwergspitz (Pomeranian),medium,1
22,1220,Mittelspitz Neufarben,medium,1
22,1220,Mittelspitz Neufarben / Chihuahua Langhaar,medium,1
22,1220,Mittelspitz Neufarben / Mischling,medium,1
22,1220,Mittelspitz Weiss / Mischling,medium,2
22,1220,Mops (Carlin),small,80
22,1220,Mops (Carlin) / Chihuahua Kurzhaar,small,2
22,1220,Mops (Carlin) / Französische Bulldogge,medium,1
22,1220,Mops (Carlin) / Mischling,small,5
22,1220,Mops (Carlin) / Shih Tzu,small,1
22,1220,Mudi,medium,5
22,1220,Mudi / Bearded Collie,medium,1
22,1220,Mudi / Kleinspitz Braun/Schwarz,medium,1
22,1220,Mudi / Langhaar Dachshund Normal,medium,1
22,1220,Mudi / Mischling,medium,12
22,1220,Mudi / Pumi,medium,1
22,1220,Neufundländer,large,7
22,1220,Neufundländer / Mischling,large,1
22,1220,Norbottenspets / Belgischer Schäferhund,large,1
22,1220,Norfolk Terrier,small,4
22,1220,Norfolk Terrier / Schipperke,small,1
22,1220,Norfolk Terrier / West Highland White Terrier,small,1
22,1220,Norsk Buhund,medium,1
22,1220,Norsk Buhund / Mischling,medium,2
22,1220,Norwich Terrier,small,6
22,1220,Norwich Terrier / Cairn Terrier,small,1
22,1220,Nova Scotia Duck Tolling Retriever,medium,10
22,1220,Nova Scotia Duck Tolling Retriever / Jack Russell Terrier,medium,1
22,1220,Nova Scotia Duck Tolling Retriever / Klein- oder Mittelpudel,medium,1
22,1220,Nova Scotia Duck Tolling Retriever / Mischling,medium,1
22,1220,Old English Sheepdog (Bobtail),large,3
22,1220,Old English Sheepdog (Bobtail) / Chow-Chow,large,1
22,1220,Olde English Bulldogge,large,19
22,1220,Olde English Bulldogge / Mischling,large,1
22,1220,Papillon,small,34
22,1220,Papillon / Mischling,small,2
22,1220,Parson Russell Terrier,medium,31
22,1220,Parson Russell Terrier / Australian Shepherd,medium,1
22,1220,Parson Russell Terrier / Golden Retriever,large,1
22,1220,Parson Russell Terrier / Jack Russell Terrier,medium,2
22,1220,Parson Russell Terrier / Labrador Retriever,large,1
22,1220,Parson Russell Terrier / Lancashire Heeler,medium,1
22,1220,Parson Russell Terrier / Mischling,medium,7
22,1220,Parson Russell Terrier / Parson Russell Terrier,medium,1
22,1220,Patterdale-Terrier / Mischling,small,1
22,1220,Pekingese,small,30
22,1220,Pekingese / Bichon frise,small,1
22,1220,Pekingese / Cavalier King Charles Spaniel,small,1
22,1220,Pekingese / Chihuahua Kurzhaar,small,1
22,1220,Pekingese / Chihuahua Langhaar,small,1
22,1220,Pekingese / Jack Russell Terrier,medium,1
22,1220,Pekingese / Mischling,small,20
22,1220,Pekingese / Yorkshire Terrier,small,1
22,1220,Perro de agua Espanol,medium,12
22,1220,Perro de agua Espanol / Mischling,medium,1
22,1220,Perro dogo mallorquin,large,2
22,1220,Perro sin pelo del Peru (Grande) / Mischling,large,1
22,1220,Perro sin pelo del Peru (Medio) / Mischling,medium,1
22,1220,Petit Basset griffon vendeen,medium,3
22,1220,Phalene,small,6
22,1220,Pharaoh Hound,large,2
22,1220,Pinscher,medium,10
22,1220,Pinscher / Beagle,medium,1
22,1220,Pinscher / Chihuahua Kurzhaar,medium,1
22,1220,Pinscher / Dackel,medium,1
22,1220,Pinscher / Deutsch Kurzhaar,medium,1
22,1220,Pinscher / Dobermann schwarz-rot,large,1
22,1220,Pinscher / Entlebucher Sennenhund,medium,1
22,1220,Pinscher / Fox Terrier glatthaar,medium,1
22,1220,Pinscher / Langhaar Dachshund Normal,medium,1
22,1220,Pinscher / Mischling,medium,15
22,1220,Pinscher / Parson Russell Terrier,medium,1
22,1220,Pinscher / Pekingese,medium,1
22,1220,Pinscher / Zwergpinscher,medium,1
22,1220,Pinscher / Österreichischer Pinscher,medium,1
22,1220,Pit Bull Terrier,large,26
22,1220,Pit Bull Terrier / Mischling,large,8
22,1220,Podenco Canario,medium,3
22,1220,Podenco Canario / Mischling,medium,1
22,1220,Podenco Ibicenco Kurzhaar / Border Collie,medium,1
22,1220,Podenco Ibicenco Kurzhaar / Greyhound,medium,1
22,1220,Podenco Ibicenco Kurzhaar / Mischling,medium,2
22,1220,Podenco Ibicenco Kurzhaar / Saluki,large,1
22,1220,Podengo Portugues Kurzhaar Medio,medium,1
22,1220,Podengo Portugues Kurzhaar Medio / Labrador Retriever,large,1
22,1220,Podengo Portugues Kurzhaar Medio / Mischling,medium,2
22,1220,Podengo Portugues Kurzhaar Pequeno / Mischling,small,1
22,1220,Podengo Portugues Rauhhaar Medio / Chihuahua Langhaar,medium,1
22,1220,Polski Owczarek Nizinny,medium,3
22,1220,Polski Owczarek Podhalanski,large,3
22,1220,Polski Owczarek Podhalanski / Akita,large,1
22,1220,Polski Owczarek Podhalanski / Krazski Ovcar,large,1
22,1220,Porcelaine,medium,1
22,1220,Posavski Gonic,medium,1
22,1220,Prager Rattler,small,10
22,1220,Prager Rattler / English Cocker Spaniel mehrfärbig,medium,1
22,1220,Pudel,medium,41
22,1220,Pudel / Irish Soft Coated Wheaten Terrier,medium,2
22,1220,Pudel / Mischling,medium,10
22,1220,Pudelpointer,medium,5
22,1220,Pudelpointer / Labrador Retriever,large,2
22,1220,Pudelpointer / Malteser,medium,1
22,1220,Pudelpointer / Mischling,medium,1
22,1220,Pudelpointer / Schnauzer pfeffersalz,medium,1
22,1220,Puli andersfarbig,medium,4
22,1220,Puli andersfarbig / Mischling,medium,6
22,1220,Pumi,medium,4
22,1220,Pumi / Labrador Retriever,large,1
22,1220,Pumi / Mischling,medium,1
22,1220,Pumi / Puli andersfarbig,medium,1
22,1220,Pyrenäen Berghund / Border Collie,large,1
22,1220,Pyrenäen Berghund / Golden Retriever,large,1
22,1220,Rat Terrier,small,1
22,1220,Rauhhaar Dachshund Kaninchen,small,2
22,1220,Rauhhaar Dachshund Kaninchen / Langhaar Dachshund Kaninchen,small,1
22,1220,Rauhhaar Dachshund Kaninchen / Mischling,small,1
22,1220,Rauhhaar Dachshund Normal,small,23
22,1220,Rauhhaar Dachshund Normal / Jack Russell Terrier,medium,1
22,1220,Rauhhaar Dachshund Normal / Malteser,small,1
22,1220,Rauhhaar Dachshund Normal / Mischling,small,8
22,1220,Rauhhaar Dachshund Normal / Pinscher,medium,1
22,1220,Rauhhaar Dachshund Normal / Schnauzer schwarz,medium,1
22,1220,Rauhhaar Dachshund Normal / Welsh Corgi Pembroke,medium,1
22,1220,Rauhhaar Dachshund Zwerg,small,30
22,1220,Rauhhaar Dachshund Zwerg / Border Terrier,medium,1
22,1220,Rauhhaar Dachshund Zwerg / Mischling,small,6
22,1220,Rauhhaar Dachshund Zwerg / Yorkshire Terrier,small,2
22,1220,Rhodesian Ridgeback,large,19
22,1220,Rhodesian Ridgeback / American Staffordshire Terrier,large,1
22,1220,Rhodesian Ridgeback / Belgischer Schäferhund,large,1
22,1220,Rhodesian Ridgeback / Kangal,large,1
22,1220,Rhodesian Ridgeback / Labrador Retriever,large,1
22,1220,Rhodesian Ridgeback / Magyar Vizsla Kurzhaar,large,1
22,1220,Riesenschnauzer pfeffer-salz,large,2
22,1220,Riesenschnauzer pfeffer-salz / Mischling,large,3
22,1220,Riesenschnauzer pfeffer-salz / Zwergschäferhund,large,1
22,1220,Riesenschnauzer schwarz,large,5
22,1220,Riesenschnauzer schwarz / Mischling,large,1
22,1220,Rottweiler,large,25
22,1220,Rottweiler / Dobermann schwarz-rot,large,1
22,1220,Rottweiler / Mischling,large,3
22,1220,Rottweiler / Pinscher,large,1
22,1220,Russkiy Toy Kurzhaar,small,6
22,1220,Russkiy Toy Langhaar,small,2
22,1220,Saarlooswolfhond / Border Collie,large,1
22,1220,Saarlooswolfhond / Deutscher Schäferhund,large,1
22,1220,Saluki,large,4
22,1220,Saluki / Collie Langhaar (Rough),large,1
22,1220,Saluki / Mischling,large,1
22,1220,Samojede,large,42
22,1220,Samojede / Belgischer Schäferhund,large,1
22,1220,Samojede / Border Collie,large,1
22,1220,Samojede / Mischling,large,1
22,1220,Sarplaninac / Mischling,large,2
22,1220,Schapendoes,medium,1
22,1220,Schipperke,small,2
22,1220,Schnauzer pfeffersalz,medium,7
22,1220,Schnauzer pfeffersalz / Border Collie,medium,1
22,1220,Schnauzer pfeffersalz / Mehrfarben Kleinpudel schwarz weiss,medium,1
22,1220,Schnauzer pfeffersalz / Mischling,medium,15
22,1220,Schnauzer schwarz,medium,2
22,1220,Schnauzer schwarz / Border Terrier,medium,1
22,1220,Schnauzer schwarz / Deutsche Dogge schwarz,large,1
22,1220,Schnauzer schwarz / Irish Terrier,medium,1
22,1220,Schnauzer schwarz / Jack Russell Terrier,medium,1
22,1220,Schnauzer schwarz / Kleinpudel Schwarz,medium,1
22,1220,Schnauzer schwarz / Mischling,medium,7
22,1220,Schnauzer schwarz / Schwarzer Terrier,large,1
22,1220,Schnauzer schwarz / Zwergpudel Grau,medium,1
22,1220,Schwarzer Terrier,large,2
22,1220,Schwarzer Terrier / Beagle,large,1
22,1220,Schwarzer Terrier / Labrador Retriever,large,1
22,1220,Schwarzer Terrier / Schnauzer pfeffersalz,large,1
22,1220,Schwyzer Laufhund,medium,1
22,1220,Scottish Terrier,medium,3
22,1220,Scottish Terrier / Mischling,medium,1
22,1220,Segugio Italiano a pelo raso / Hrvatski Ovcar,medium,1
22,1220,Shar Pei,medium,17
22,1220,Shar Pei / Deutsche Dogge gefleckt,large,1
22,1220,Shar Pei / Deutscher Schäferhund,large,1
22,1220,Shar Pei / Labrador Retriever,large,1
22,1220,Shar Pei / Mischling,medium,8
22,1220,Shar Pei / Mops (Carlin),medium,1
22,1220,Shar Pei / Rhodesian Ridgeback,large,1
22,1220,Shar Pei / Siberian Husky,large,1
22,1220,Shetland Sheepdog,medium,38
22,1220,Shetland Sheepdog / Border Collie,medium,1
22,1220,Shetland Sheepdog / Mischling,medium,4
22,1220,Shetland Sheepdog / Welsh Corgi Pembroke,medium,2
22,1220,Shiba,medium,62
22,1220,Shiba / Mischling,medium,6
22,1220,Shih Tzu,small,68
22,1220,Shih Tzu / Chihuahua Langhaar,small,2
22,1220,Shih Tzu / Havaneser,small,2
22,1220,Shih Tzu / Malteser,small,3
22,1220,Shih Tzu / Mehrfarben Kleinpudel schwarz weiss,medium,1
22,1220,Shih Tzu / Mischling,small,12
22,1220,Shih Tzu / Podengo Portugues Rauhhaar Pequeno,small,1
22,1220,Shih Tzu / Zwergschnauzer pfeffer-salz,medium,1
22,1220,Shiloh Shepherd,large,1
22,1220,Siberian Husky,large,76
22,1220,Siberian Husky / Akita,large,1
22,1220,Siberian Husky / Australian Shepherd,large,5
22,1220,Siberian Husky / Beagle,large,1
22,1220,Siberian Husky / Bearded Collie,large,1
22,1220,Siberian Husky / Belgischer Schäferhund,large,1
22,1220,Siberian Husky / Berger Blanc Suisse,large,1
22,1220,Siberian Husky / Border Collie,large,1
22,1220,Siberian Husky / Deutscher Schäferhund,large,2
22,1220,Siberian Husky / Kleinspitz Braun/Schwarz,large,2
22,1220,Siberian Husky / Kurzhaar Dachshund Kaninchen,large,1
22,1220,Siberian Husky / Labrador Retriever,large,1
22,1220,Siberian Husky / Mischling,large,22
22,1220,Siberian Husky / Schnauzer schwarz,large,1
22,1220,Siberian Husky / Zwergspitz (Pomeranian),large,2
22,1220,Silken Windsprite,medium,2
22,1220,Silken Windsprite / Whippet,medium,1
22,1220,Sloughi,large,1
22,1220,Spinone Italiano,large,2
22,1220,Spitz,medium,41
22,1220,Spitz / Border Collie,medium,1
22,1220,Spitz / Fox Terrier drahthaar,medium,1
22,1220,Spitz / Jack Russell Terrier,medium,1
22,1220,Spitz / Mischling,medium,18
22,1220,Spitz / Shiba,medium,1
22,1220,Srpski Gonic / Kurzhaar Dachshund Normal,medium,1
22,1220,St. Bernhardshund Kurzhaar,large,3
22,1220,St. Bernhardshund Kurzhaar / Berner Sennenhund,large,1
22,1220,St. Bernhardshund Kurzhaar / Labrador Retriever,large,2
22,1220,Staffordshire Bullterrier,medium,18
22,1220,Staffordshire Bullterrier / Fox Terrier glatthaar,medium,1
22,1220,Staffordshire Bullterrier / Mischling,medium,1
22,1220,Steirische Rauhaarbracke / Kurzhaar Dachshund Kaninchen,medium,1
22,1220,Sussex Spaniel / Yorkshire Terrier,medium,1
22,1220,Terrier Brasileiro,medium,4
22,1220,Terrier Brasileiro / Border Collie,medium,1
22,1220,Terrier Brasileiro / Deutsch Kurzhaar,medium,1
22,1220,Terrier Brasileiro / Jack Russell Terrier,medium,1
22,1220,Terrier Brasileiro / Labrador Retriever,large,1
22,1220,Terrier Brasileiro / Mischling,medium,3
22,1220,Terrier Brasileiro / Petit Basset griffon vendeen,medium,1
22,1220,Terrier Brasileiro / Rauhhaar Dachshund Normal,medium,1
22,1220,Tervueren,large,6
22,1220,Thai Ridgeback Dog,medium,2
22,1220,Tibetan Spaniel,small,5
22,1220,Tibetan Spaniel / Mischling,small,2
22,1220,Tibetan Spaniel / Pekingese,small,1
22,1220,Tibetan Terrier,medium,6
22,1220,Tibetan Terrier / Havaneser,medium,1
22,1220,Tibetan Terrier / Lhasa Apso,medium,1
22,1220,Tibetan Terrier / Mastiff,large,1
22,1220,Tibetan Terrier / Mischling,medium,3
22,1220,Tiroler Bracke / Beagle,medium,1
22,1220,Tiroler Bracke / Bracke,medium,1
22,1220,Tiroler Bracke / Labrador Retriever,large,1
22,1220,Tiroler Bracke / Mischling,medium,3
22,1220,Tornjak / Mischling,large,1
22,1220,Toypudel Apricot,medium,27
22,1220,Toypudel Apricot / Malteser,medium,2
22,1220,Toypudel Apricot / Mischling,medium,2
22,1220,Toypudel Braun,medium,3
22,1220,Toypudel Braun / Labrador Retriever,large,1
22,1220,Toypudel Falb,medium,1
22,1220,Toypudel Grau,medium,2
22,1220,Toypudel Rot,medium,13
22,1220,Toypudel Schwarz,medium,4
22,1220,Toypudel Weiss,medium,1
22,1220,Toypudel falb aus Mehrfarben,medium,2
22,1220,Tschechoslowakischer Wolfhund / Alaskan Malamute,large,1
22,1220,Unbekannt,unknown,186
22,1220,Unbekannt / Mischling,unknown,877
22,1220,Unbekannt / Pit Bull Terrier,large,1
22,1220,Västgötaspets,medium,1
22,1220,Weimaraner Kurzhaar,large,10
22,1220,Weimaraner Kurzhaar / Hovawart,large,1
22,1220,Weimaraner Kurzhaar / Labrador Retriever,large,1
22,1220,Welsh Corgi Cardigan,medium,6
22,1220,Welsh Corgi Cardigan / Border Collie,medium,2
22,1220,Welsh Corgi Cardigan / Deutscher Schäferhund,large,1
22,1220,Welsh Corgi Cardigan / Jack Russell Terrier,medium,1
22,1220,Welsh Corgi Cardigan / Mischling,medium,3
22,1220,Welsh Corgi Pembroke,medium,28
22,1220,Welsh Corgi Pembroke / Deutscher Schäferhund,large,1
22,1220,Welsh Corgi Pembroke / Mischling,medium,1
22,1220,Welsh Corgi Pembroke / Siberian Husky,large,1
22,1220,Welsh Corgi Pembroke / Welsh Corgi Cardigan,medium,2
22,1220,Welsh Corgi Pembroke / Welsh Corgi Pembroke,medium,1
22,1220,Welsh Springer Spaniel,medium,3
22,1220,Welsh Terrier,medium,7
22,1220,Welsh Terrier / Mischling,medium,1
22,1220,West Highland White Terrier,small,32
22,1220,West Highland White Terrier / Malteser,small,1
22,1220,West Highland White Terrier / Mischling,small,2
22,1220,West Highland White Terrier / Spitz,medium,1
22,1220,Whippet,medium,17
22,1220,Whippet / Francais blanc et orange,medium,1
22,1220,Whippet / Labrador Retriever,large,2
22,1220,Whippet / Mischling,medium,3
22,1220,Whippet / Pinscher,medium,1
22,1220,Windhund,large,3
22,1220,Windhund / Berger Blanc Suisse,large,1
22,1220,Windhund / Labrador Retriever,large,1
22,1220,Wolfspitz,large,7
22,1220,Wolfspitz / Mischling,large,2
22,1220,Wolfspitz / Zwergspitz (Pomeranian),large,1
22,1220,Xoloitzcuintle Medio,medium,1
22,1220,Xoloitzcuintle Miniatura / Mischling,small,1
22,1220,Yorkshire Terrier,small,209
22,1220,Yorkshire Terrier / Bichon frise,small,1
22,1220,Yorkshire Terrier / Biewer Terrier,small,1
22,1220,Yorkshire Terrier / Bologneser,small,1
22,1220,Yorkshire Terrier / Chihuahua Kurzhaar,small,2
22,1220,Yorkshire Terrier / Chihuahua Langhaar,small,1
22,1220,Yorkshire Terrier / Fox Terrier drahthaar,medium,1
22,1220,Yorkshire Terrier / Havaneser,small,3
22,1220,Yorkshire Terrier / Jack Russell Terrier,medium,1
22,1220,Yorkshire Terrier / Malteser,small,3
22,1220,Yorkshire Terrier / Mischling,small,26
22,1220,Yorkshire Terrier / Schnauzer pfeffersalz,medium,1
22,1220,Yorkshire Terrier / Shih Tzu,small,2
22,1220,Yorkshire Terrier / Zwergpudel Apricot,medium,1
22,1220,Yorkshire Terrier / Zwergspitz (Pomeranian),medium,1
22,1220,Zentralasiatischer Ovtcharka,large,2
22,1220,Zwergpinscher,medium,58
22,1220,Zwergpinscher / Chihuahua Kurzhaar,medium,2
22,1220,Zwergpinscher / Dackel,medium,2
22,1220,Zwergpinscher / Jack Russell Terrier,medium,2
22,1220,Zwergpinscher / Mischling,medium,20
22,1220,Zwergpinscher / Spitz,medium,1
22,1220,Zwergpinscher / Yorkshire Terrier,medium,1
22,1220,Zwergpudel Apricot,medium,75
22,1220,Zwergpudel Apricot / American Cocker Spaniel,medium,1
22,1220,Zwergpudel Apricot / Grosspudel Apricot,large,1
22,1220,Zwergpudel Apricot / Havaneser,medium,2
22,1220,Zwergpudel Apricot / Malteser,medium,5
22,1220,Zwergpudel Apricot / Mischling,medium,3
22,1220,Zwergpudel Apricot / Terrier Brasileiro,medium,1
22,1220,Zwergpudel Apricot / Toypudel Apricot,medium,1
22,1220,Zwergpudel Apricot / Zwergspitz (Pomeranian),medium,1
22,1220,Zwergpudel Braun,medium,5
22,1220,Zwergpudel Braun / Bichon frise,medium,1
22,1220,Zwergpudel Braun / King Charles Spaniel,medium,1
22,1220,Zwergpudel Braun / Tibetan Terrier,medium,1
22,1220,Zwergpudel Falb,medium,6
22,1220,Zwergpudel Grau,medium,6
22,1220,Zwergpudel Rot,medium,18
22,1220,Zwergpudel Rot / Golden Retriever,large,2
22,1220,Zwergpudel Rot / Malteser,medium,1
22,1220,Zwergpudel Schwarz,medium,18
22,1220,Zwergpudel Schwarz / Malteser,medium,1
22,1220,Zwergpudel Weiss,medium,5
22,1220,Zwergpudel Weiss / American Cocker Spaniel,medium,1
22,1220,Zwergpudel Weiss / Malteser,medium,2
22,1220,Zwergpudel Weiss / Mischling,medium,1
22,1220,Zwergpudel falb aus Mehrfarben,medium,3
22,1220,Zwergpudel schwarz aus Mehrfarben,medium,2
22,1220,Zwergschnauzer pfeffer-salz,medium,19
22,1220,Zwergschnauzer pfeffer-salz / Deutscher Jagdterrier,medium,1
22,1220,Zwergschnauzer pfeffer-salz / Mischling,medium,2
22,1220,Zwergschnauzer pfeffer-salz / Zwergpudel Apricot,medium,1
22,1220,Zwergschnauzer schwarz,medium,2
22,1220,Zwergschnauzer schwarz / Bichon frise,medium,1
22,1220,Zwergschnauzer schwarz / Mops (Carlin),medium,1
22,1220,Zwergschnauzer schwarz-silber,medium,4
22,1220,Zwergschnauzer schwarz-silber / Deutscher Schäferhund,large,1
22,1220,Zwergschnauzer weiss,medium,3
22,1220,Zwergschnauzer weiss / Zwergpudel Apricot,medium,1
22,1220,Zwergspitz (Pomeranian),medium,145
22,1220,Zwergspitz (Pomeranian) / Chihuahua Kurzhaar,medium,3
22,1220,Zwergspitz (Pomeranian) / Chihuahua Langhaar,medium,4
22,1220,Zwergspitz (Pomeranian) / Dackel,medium,1
22,1220,Zwergspitz (Pomeranian) / Deutscher Spitz,medium,1
22,1220,Zwergspitz (Pomeranian) / Jack Russell Terrier,medium,1
22,1220,Zwergspitz (Pomeranian) / Klein- oder Mittelpudel,medium,1
22,1220,Zwergspitz (Pomeranian) / Kleinspitz Weiss,medium,1
22,1220,Zwergspitz (Pomeranian) / Langhaar Dachshund Normal,medium,1
22,1220,Zwergspitz (Pomeranian) / Mischling,medium,10
22,1220,Zwergspitz (Pomeranian) / Schipperke,medium,1
22,1220,Zwergspitz (Pomeranian) / Schwarzer Terrier,large,1
22,1220,Zwergspitz (Pomeranian) / Siberian Husky,large,2
22,1220,Zwergspitz (Pomeranian) / Toypudel Apricot,medium,1
22,1220,Österreichischer Pinscher,medium,11
22,1220,Österreichischer Pinscher / Appenzeller Sennenhund,large,1
22,1220,Österreichischer Pinscher / Beagle,medium,1
22,1220,Österreichischer Pinscher / Kurzhaar Dachshund Kaninchen,medium,1
22,1220,Österreichischer Pinscher / Mischling,medium,9
22,1220,Österreichischer Pinscher / Rauhhaar Dachshund Normal,medium,1
22,1220,Österreichischer Pinscher / Shar Pei,medium,1
22,1220,Österreichischer Pinscher / Welsh Corgi Cardigan,medium,1
23,1230,Affenpinscher / Mischling,medium,2
23,1230,Afghanischer Windhund,large,1
23,1230,Afghanischer Windhund / Mischling,large,2
23,1230,Airedale Terrier,medium,6
23,1230,Airedale Terrier / Mischling,medium,3
23,1230,Akita,large,11
23,1230,Akita / Mischling,large,1
23,1230,Alaskan Malamute,large,3
23,1230,Alpenländische Dachsbracke,medium,2
23,1230,Alpenländische Dachsbracke / Mischling,medium,1
23,1230,American Akita,large,8
23,1230,American Akita / Rhodesian Ridgeback,large,1
23,1230,American Bully,large,7
23,1230,American Cocker Spaniel,medium,3
23,1230,American Cocker Spaniel / Kleinpudel Braun,medium,1
23,1230,American Cocker Spaniel / Mischling,medium,1
23,1230,American Cocker Spaniel / Zwergpudel Apricot,medium,1
23,1230,American Cocker Spaniel / Zwergpudel Braun,medium,1
23,1230,American Foxhound / Border Collie,large,1
23,1230,American Hairless Terrier,small,1
23,1230,American Pocket Bully,medium,1
23,1230,American Shepherd,medium,3
23,1230,American Staffordshire Terrier,large,93
23,1230,American Staffordshire Terrier / Labrador Retriever,large,1
23,1230,American Staffordshire Terrier / Mischling,large,22
23,1230,American Staffordshire Terrier / Pit Bull Terrier,large,1
23,1230,American Staffordshire Terrier / Siberian Husky,large,1
23,1230,Amerikanischer Collie,medium,2
23,1230,Appenzeller Sennenhund,large,6
23,1230,Appenzeller Sennenhund / Border Collie,large,1
23,1230,Appenzeller Sennenhund / Braque d'Auvergne,large,1
23,1230,Appenzeller Sennenhund / Entlebucher Sennenhund,large,1
23,1230,Appenzeller Sennenhund / Labrador Retriever,large,1
23,1230,Appenzeller Sennenhund / Mischling,large,1
23,1230,Aussiedoodle,medium,1
23,1230,Australian Cattledog,medium,1
23,1230,Australian Kelpie / Siberian Husky,large,1
23,1230,Australian Shepherd,medium,81
23,1230,Australian Shepherd / Bayrischer Gebirgsschweisshund,medium,1
23,1230,Australian Shepherd / Beagle,medium,1
23,1230,Australian Shepherd / Border Collie,medium,2
23,1230,Australian Shepherd / Kleiner Münsterländer,medium,1
23,1230,Australian Shepherd / Mischling,medium,4
23,1230,Australian Shepherd / Mittelspitz Weiss,medium,1
23,1230,Australian Shepherd / Pudelpointer,medium,1
23,1230,Australian Shepherd / Schipperke,medium,1
23,1230,Australian Shepherd / Shetland Sheepdog,medium,1
23,1230,Australian Shepherd / Siberian Husky,large,1
23,1230,Australian Shepherd / Tornjak,large,1
23,1230,Australian Shepherd / Zwergpudel Apricot,medium,1
23,1230,Australian Silky Terrier,small,1
23,1230,Barbet,medium,2
23,1230,Barsoi,large,4
23,1230,Basenji,medium,3
23,1230,Basenji / Dobermann braun-rot,large,1
23,1230,Basenji / Jack Russell Terrier,medium,1
23,1230,Basenji / Mischling,medium,3
23,1230,Basset Hound / Mischling,medium,1
23,1230,Basset fauve de Bretagne,medium,3
23,1230,Bayrischer Gebirgsschweisshund,medium,6
23,1230,Bayrischer Gebirgsschweisshund / Alpenländische Dachsbracke,medium,1
23,1230,Bayrischer Gebirgsschweisshund / Mischling,medium,2
23,1230,Bayrischer Gebirgsschweisshund / Steirische Rauhaarbracke,medium,1
23,1230,Beagle,medium,52
23,1230,Beagle / Chow-Chow,large,1
23,1230,Beagle / Deutsch Kurzhaar,medium,1
23,1230,Beagle / Golden Retriever,large,1
23,1230,Beagle / King Charles Spaniel,medium,1
23,1230,Beagle / Krazski Ovcar,large,1
23,1230,Beagle / Kurzhaar Dachshund Normal,medium,2
23,1230,Beagle / Labrador Retriever,large,2
23,1230,Beagle / Langhaar Dachshund Normal,medium,1
23,1230,Beagle / Magyar Vizsla Drahthaar,medium,1
23,1230,Beagle / Mischling,medium,12
23,1230,Beagle / Rhodesian Ridgeback,large,2
23,1230,Beagle / Schnauzer pfeffersalz,medium,1
23,1230,Beagle / Siberian Husky,large,1
23,1230,Bearded Collie,medium,5
23,1230,Bearded Collie / Labrador Retriever,large,1
23,1230,Belgischer Schäferhund,large,17
23,1230,Belgischer Schäferhund / Australian Shepherd,large,1
23,1230,Belgischer Schäferhund / Beagle,large,1
23,1230,Belgischer Schäferhund / Cane Corso Italiano,large,1
23,1230,Belgischer Schäferhund / Deutscher Schäferhund,large,1
23,1230,Belgischer Schäferhund / Golden Retriever,large,1
23,1230,Belgischer Schäferhund / Labrador Retriever,large,1
23,1230,Belgischer Schäferhund / Mischling,large,6
23,1230,Belgischer Schäferhund / Saluki,large,1
23,1230,Berger Blanc Suisse,large,16
23,1230,Berger Blanc Suisse / Chihuahua Kurzhaar,large,1
23,1230,Berger de Beauce (Beauceron),large,2
23,1230,Berger de Beauce (Beauceron) / Mischling,large,1
23,1230,Berger de Brie (Briard),large,2
23,1230,Berger des Pyrenees a poil long / Mischling,medium,1
23,1230,Berner Laufhund / Mischling,large,1
23,1230,Berner Sennenhund,large,15
23,1230,Berner Sennenhund / Appenzeller Sennenhund,large,1
23,1230,Berner Sennenhund / Australian Shepherd,large,1
23,1230,Berner Sennenhund / Deutscher Schäferhund,large,1
23,1230,Berner Sennenhund / Grosser Schweizer Sennenhund,large,2
23,1230,Berner Sennenhund / Labrador Retriever,large,1
23,1230,Berner Sennenhund / Magyar Vizsla Kurzhaar,large,1
23,1230,Berner Sennenhund / Mischling,large,1
23,1230,Berner Sennenhund / Siberian Husky,large,2
23,1230,Bichon frise,small,23
23,1230,Bichon frise / Kleinpudel Weiss,medium,1
23,1230,Bichon frise / Malteser,small,2
23,1230,Bichon frise / Mischling,small,3
23,1230,Bichon/Yorkie,small,4
23,1230,Biewer Terrier,small,2
23,1230,Biewer Terrier / Yorkshire Terrier,small,3
23,1230,Bologneser,small,2
23,1230,Bologneser / Mischling,small,1
23,1230,Bolonka Zwetna,small,7
23,1230,Bolonka Zwetna / Chihuahua Kurzhaar,small,1
23,1230,Bolonka Zwetna / Pudel,medium,1
23,1230,Border Collie,medium,60
23,1230,Border Collie / Australian Shepherd,medium,1
23,1230,Border Collie / Bearded Collie,medium,1
23,1230,Border Collie / Collie Langhaar (Rough),medium,1
23,1230,Border Collie / Deutsch Drahthaar,medium,1
23,1230,Border Collie / Deutscher Schäferhund,large,1
23,1230,Border Collie / Flat-Coated Retriever,large,1
23,1230,Border Collie / Galgo Espanol,medium,1
23,1230,Border Collie / Golden Retriever,large,1
23,1230,Border Collie / Islandhund,medium,1
23,1230,Border Collie / Labrador Retriever,large,6
23,1230,Border Collie / Malinois,medium,1
23,1230,Border Collie / Mischling,medium,25
23,1230,Border Collie / Siberian Husky,large,2
23,1230,Border Collie / Spitz,medium,1
23,1230,Border Collie / Tornjak,large,2
23,1230,Border Terrier,medium,10
23,1230,Border Terrier / Griffon Korthals,medium,1
23,1230,Border Terrier / Jack Russell Terrier,medium,1
23,1230,Border Terrier / Mischling,medium,3
23,1230,Border Terrier / Wolfspitz,large,1
23,1230,Bosanski Ostrodlaki Gonic - Barac / Mischling,medium,1
23,1230,Boston Terrier,medium,8
23,1230,Boston Terrier / Deutsch Drahthaar,medium,1
23,1230,Bouvier des Flandres,large,1
23,1230,Bracco Italiano,large,1
23,1230,Bracke,medium,1
23,1230,Bracke / Mischling,medium,4
23,1230,Brandlbracke,medium,1
23,1230,Brandlbracke / Deutsche Bracke,medium,1
23,1230,Brandlbracke / Fox Terrier drahthaar,medium,1
23,1230,Brandlbracke / Mischling,medium,1
23,1230,Braque Saint-Germain,large,1
23,1230,Braque du Bourbonnais / Bulldog,large,1
23,1230,Bull Terrier (Standard),medium,7
23,1230,Bull Terrier (Standard) / Jack Russell Terrier,medium,1
23,1230,Bulldog,medium,19
23,1230,Bulldog / Deutsche Dogge gelb,large,1
23,1230,Bulldog / Französische Bulldogge,medium,2
23,1230,Bulldog / Siberian Husky,large,1
23,1230,Bullmastiff,large,1
23,1230,Cairn Terrier,small,7
23,1230,Cairn Terrier / Border Terrier,medium,1
23,1230,Cairn Terrier / Chihuahua Kurzhaar,small,1
23,1230,Cairn Terrier / Mischling,small,1
23,1230,Cairn Terrier / Zwergspitz (Pomeranian),medium,1
23,1230,Cane Corso Italiano,large,14
23,1230,Cane Corso Italiano / Deutsche Dogge blau,large,1
23,1230,Cane Corso Italiano / Grosser Schweizer Sennenhund,large,1
23,1230,Cane Corso Italiano / Mischling,large,3
23,1230,Cao de Agua Portugues (Portug. Wasserhund),large,14
23,1230,Cavalier King Charles Spaniel,small,33
23,1230,Cavalier King Charles Spaniel / Kleinpudel Rot,medium,1
23,1230,Cavalier King Charles Spaniel / Kleinpudel Weiss,medium,1
23,1230,Cavalier King Charles Spaniel / Pekingese,small,1
23,1230,Cavalier King Charles Spaniel / Zwergpudel Apricot,medium,1
23,1230,Cavalier King Charles Spaniel / Zwergpudel Weiss,medium,1
23,1230,Chesapeake Bay Retriever,large,2
23,1230,Chihuahua Kurzhaar,small,180
23,1230,Chihuahua Kurzhaar / Australian Shepherd,medium,1
23,1230,Chihuahua Kurzhaar / Dackel,small,2
23,1230,Chihuahua Kurzhaar / Deutscher Schäferhund,large,1
23,1230,Chihuahua Kurzhaar / Französische Bulldogge,medium,2
23,1230,Chihuahua Kurzhaar / Jack Russell Terrier,medium,3
23,1230,Chihuahua Kurzhaar / Kurzhaar Dachshund Normal,small,1
23,1230,Chihuahua Kurzhaar / Mischling,small,21
23,1230,Chihuahua Kurzhaar / Mops (Carlin),small,2
23,1230,Chihuahua Kurzhaar / Pekingese,small,1
23,1230,Chihuahua Kurzhaar / Pudel,medium,1
23,1230,Chihuahua Kurzhaar / Shih Tzu,small,1
23,1230,Chihuahua Kurzhaar / Spitz,medium,1
23,1230,Chihuahua Kurzhaar / Yorkshire Terrier,small,2
23,1230,Chihuahua Kurzhaar / Zwergpinscher,medium,1
23,1230,Chihuahua Langhaar,small,87
23,1230,Chihuahua Langhaar / Cavalier King Charles Spaniel,small,1
23,1230,Chihuahua Langhaar / Mischling,small,22
23,1230,Chihuahua Langhaar / Pekingese,small,1
23,1230,Chihuahua Langhaar / Spitz,medium,2
23,1230,Chihuahua Langhaar / Zwergpinscher,medium,1
23,1230,Chihuahua Langhaar / Zwergspitz (Pomeranian),medium,2
23,1230,Chihuahua Langhaar / Österreichischer Pinscher,medium,1
23,1230,Chin / Cao de Castro Laboreiro,large,1
23,1230,Chinese Crested Dog hairless,small,4
23,1230,Chinese Crested Dog hairless / Mischling,small,1
23,1230,Chinese Crested Dog powderpuff,small,7
23,1230,Chow-Chow,large,9
23,1230,Chow-Chow / Deutscher Schäferhund Langstockhaar,large,1
23,1230,Ciobanesc Romanesc Mioritic / Brandlbracke,large,1
23,1230,Coban Köpegi (Anatolischer Hirtenhund),large,1
23,1230,Coban Köpegi (Anatolischer Hirtenhund) / Mischling,large,2
23,1230,Cockerpoo,medium,2
23,1230,Collie Kurzhaar (Smooth),medium,1
23,1230,Collie Kurzhaar (Smooth) / Golden Retriever,large,2
23,1230,Collie Kurzhaar (Smooth) / Mischling,medium,4
23,1230,Collie Langhaar (Rough),medium,14
23,1230,Collie Langhaar (Rough) / Border Collie,medium,1
23,1230,Collie Langhaar (Rough) / Collie Kurzhaar (Smooth),medium,1
23,1230,Collie Langhaar (Rough) / Deutscher Schäferhund,large,1
23,1230,Collie Langhaar (Rough) / Mischling,medium,5
23,1230,Coton de Tulear,small,2
23,1230,Coton de Tulear / Malteser,small,1
23,1230,Dackel,small,27
23,1230,Dackel / Chihuahua Kurzhaar,small,1
23,1230,Dackel / Deutscher Pinscher,medium,1
23,1230,Dackel / English Cocker Spaniel mehrfärbig,medium,1
23,1230,Dackel / Jack Russell Terrier,medium,1
23,1230,Dackel / King Charles Spaniel,small,1
23,1230,Dackel / Mischling,small,40
23,1230,Dackel / Mudi,medium,1
23,1230,Dackel / Pekingese,small,1
23,1230,Dackel / Schnauzer pfeffersalz,medium,1
23,1230,Dalmatiner,medium,20
23,1230,Dalmatiner / Eurasier,medium,2
23,1230,Dalmatiner / Mischling,medium,1
23,1230,Dansk-Svensk Gardshund,medium,1
23,1230,Deutsch Drahthaar,medium,7
23,1230,Deutsch Drahthaar / Fox Terrier drahthaar,medium,1
23,1230,Deutsch Drahthaar / Griffon nivernais,medium,1
23,1230,Deutsch Drahthaar / Lagotto romagnolo,medium,1
23,1230,Deutsch Drahthaar / Mischling,medium,1
23,1230,Deutsch Kurzhaar,medium,10
23,1230,Deutsch Kurzhaar / Labrador Retriever,large,1
23,1230,Deutsch Kurzhaar / Mischling,medium,2
23,1230,Deutsch Kurzhaar / Pinscher,medium,1
23,1230,Deutsch Langhaar,medium,3
23,1230,Deutsch Langhaar / Deutscher Schäferhund,large,1
23,1230,Deutsch Langhaar / Papillon,medium,1
23,1230,Deutsche Dogge blau,large,3
23,1230,Deutsche Dogge schwarz,large,2
23,1230,Deutscher Boxer gelb,large,14
23,1230,Deutscher Boxer gelb / American Staffordshire Terrier,large,2
23,1230,Deutscher Boxer gelb / Dogo Argentino,large,1
23,1230,Deutscher Boxer gelb / Mischling,large,3
23,1230,Deutscher Boxer gestromt,large,5
23,1230,Deutscher Boxer gestromt / Mischling,large,2
23,1230,Deutscher Jagdterrier,medium,5
23,1230,Deutscher Jagdterrier / Mischling,medium,1
23,1230,Deutscher Jagdterrier / Parson Russell Terrier,medium,1
23,1230,Deutscher Jagdterrier / Schnauzer pfeffersalz,medium,1
23,1230,Deutscher Jagdterrier / Srpski Trobojni Gonic,medium,1
23,1230,Deutscher Pinscher,medium,7
23,1230,Deutscher Pinscher / Mischling,medium,8
23,1230,Deutscher Schäferhund,large,54
23,1230,Deutscher Schäferhund / Airedale Terrier,large,1
23,1230,Deutscher Schäferhund / Alaskan Malamute,large,1
23,1230,Deutscher Schäferhund / Australian Shepherd,large,1
23,1230,Deutscher Schäferhund / Beagle,large,1
23,1230,Deutscher Schäferhund / Belgischer Schäferhund,large,1
23,1230,Deutscher Schäferhund / Berner Sennenhund,large,1
23,1230,Deutscher Schäferhund / Border Collie,large,1
23,1230,Deutscher Schäferhund / Collie Langhaar (Rough),large,1
23,1230,Deutscher Schäferhund / Dackel,large,1
23,1230,Deutscher Schäferhund / Deutsch Kurzhaar,large,1
23,1230,Deutscher Schäferhund / Deutscher Boxer gelb,large,1
23,1230,Deutscher Schäferhund / Fox Terrier drahthaar,large,1
23,1230,Deutscher Schäferhund / Golden Retriever,large,1
23,1230,Deutscher Schäferhund / Hannoverscher Schweisshund,large,1
23,1230,Deutscher Schäferhund / Jack Russell Terrier,large,1
23,1230,Deutscher Schäferhund / Labrador Retriever,large,3
23,1230,Deutscher Schäferhund / Malinois,large,1
23,1230,Deutscher Schäferhund / Mischling,large,39
23,1230,Deutscher Schäferhund / Parson Russell Terrier,large,1
23,1230,Deutscher Schäferhund / Scottish Terrier,large,1
23,1230,Deutscher Schäferhund / Siberian Husky,large,3
23,1230,Deutscher Schäferhund / Tschechoslowakischer Wolfhund,large,1
23,1230,Deutscher Schäferhund Langstockhaar,large,6
23,1230,Deutscher Schäferhund Langstockhaar / Mischling,large,5
23,1230,Deutscher Spitz,medium,5
23,1230,Deutscher Spitz / Deutscher Schäferhund,large,2
23,1230,Deutscher Spitz / Grossspitz Braun/Schwarz,large,1
23,1230,Deutscher Spitz / Mischling,medium,1
23,1230,Dobermann braun-rot,large,5
23,1230,Dobermann braun-rot / Mischling,large,1
23,1230,Dobermann schwarz-rot,large,1
23,1230,Dog de Bordeaux (Bordeauxdogge),large,1
23,1230,Dog de Bordeaux (Bordeauxdogge) / Mischling,large,1
23,1230,Dogo Canario,large,1
23,1230,Elo,medium,8
23,1230,English Cocker Spaniel einfärbig,medium,21
23,1230,English Cocker Spaniel einfärbig / Grosspudel Weiss,large,1
23,1230,English Cocker Spaniel einfärbig / Klein- oder Mittelpudel,medium,1
23,1230,English Cocker Spaniel einfärbig / Kleinpudel Braun,medium,2
23,1230,English Cocker Spaniel einfärbig / Mischling,medium,3
23,1230,English Cocker Spaniel einfärbig / Toypudel Braun,medium,1
23,1230,English Cocker Spaniel einfärbig / Zwergpudel Apricot,medium,1
23,1230,English Cocker Spaniel mehrfärbig,medium,17
23,1230,English Cocker Spaniel mehrfärbig / Dackel,medium,1
23,1230,English Cocker Spaniel mehrfärbig / Kleinpudel Apricot,medium,1
23,1230,English Cocker Spaniel mehrfärbig / Kleinpudel Braun,medium,1
23,1230,English Cocker Spaniel mehrfärbig / Mischling,medium,4
23,1230,English Cocker Spaniel mehrfärbig / Toypudel Apricot,medium,1
23,1230,English Pointer,medium,5
23,1230,English Pointer / Beagle,medium,1
23,1230,English Pointer / Labrador Retriever,large,1
23,1230,English Pointer / Mischling,medium,3
23,1230,English Setter,medium,5
23,1230,English Setter / Maremmano - Abruzzese,large,1
23,1230,English Setter / Mischling,medium,1
23,1230,English Springer Spaniel,medium,7
23,1230,English Springer Spaniel / Berner Sennenhund,large,1
23,1230,English Springer Spaniel / Mischling,medium,1
23,1230,English Toy Terrier,small,1
23,1230,Entlebucher Sennenhund,medium,12
23,1230,Entlebucher Sennenhund / Berner Sennenhund,large,2
23,1230,Epagneul breton,medium,2
23,1230,Epagneul breton / Mischling,medium,1
23,1230,Eurasier,medium,16
23,1230,Eurasier / Chow-Chow,large,1
23,1230,Eurasier / Labrador Retriever,large,1
23,1230,Eurasier / Old English Sheepdog (Bobtail),large,1
23,1230,Flat-Coated Retriever,large,20
23,1230,Flat-Coated Retriever / Border Collie,large,1
23,1230,Flat-Coated Retriever / Fox Terrier glatthaar,large,1
23,1230,Flat-Coated Retriever / Labrador Retriever,large,1
23,1230,Flat-Coated Retriever / Mischling,large,2
23,1230,Flat-Coated Retriever / Spitz,large,1
23,1230,Fox Terrier drahthaar,medium,1
23,1230,Fox Terrier drahthaar / Labrador Retriever,large,2
23,1230,Fox Terrier drahthaar / Mischling,medium,3
23,1230,Fox Terrier glatthaar,medium,4
23,1230,Fox Terrier glatthaar / Chihuahua Kurzhaar,medium,1
23,1230,Fox Terrier glatthaar / Fox Terrier glatthaar,medium,1
23,1230,Fox Terrier glatthaar / Jack Russell Terrier,medium,1
23,1230,Fox Terrier glatthaar / Kurzhaar Dachshund Kaninchen,medium,1
23,1230,Fox Terrier glatthaar / Kurzhaar Dachshund Normal,medium,1
23,1230,Fox Terrier glatthaar / Mischling,medium,2
23,1230,Französische Bulldogge,medium,145
23,1230,Französische Bulldogge / Beagle,medium,1
23,1230,Französische Bulldogge / Boston Terrier,medium,1
23,1230,Französische Bulldogge / Chihuahua Kurzhaar,medium,1
23,1230,Französische Bulldogge / Jack Russell Terrier,medium,3
23,1230,Französische Bulldogge / Miniatur Bull Terrier,medium,1
23,1230,Französische Bulldogge / Mischling,medium,7
23,1230,Französische Bulldogge / Mops (Carlin),medium,1
23,1230,Französische Bulldogge / Parson Russell Terrier,medium,1
23,1230,Französische Bulldogge / Zwergspitz (Pomeranian),medium,1
23,1230,Galgo Espanol,medium,2
23,1230,Galgo Espanol / Mischling,medium,1
23,1230,Golden Retriever,large,137
23,1230,Golden Retriever / Collie Langhaar (Rough),large,1
23,1230,Golden Retriever / Dackel,large,1
23,1230,Golden Retriever / Deutsch Langhaar,large,1
23,1230,Golden Retriever / Deutscher Schäferhund,large,3
23,1230,Golden Retriever / English Cocker Spaniel einfärbig,large,1
23,1230,Golden Retriever / Grosspudel Apricot,large,2
23,1230,Golden Retriever / Grosspudel Weiss,large,1
23,1230,Golden Retriever / Hovawart,large,1
23,1230,Golden Retriever / Kleinpudel Weiss,large,1
23,1230,Golden Retriever / Kromfohrländer,large,1
23,1230,Golden Retriever / Kurzhaar Dachshund Kaninchen,large,1
23,1230,Golden Retriever / Labrador Retriever,large,8
23,1230,Golden Retriever / Mischling,large,17
23,1230,Golden Retriever / Poitevin,large,1
23,1230,Golden Retriever / Toypudel Apricot,large,1
23,1230,Gordon Setter,medium,2
23,1230,Gos d'Atura Catala,medium,1
23,1230,Greyhound,medium,4
23,1230,Greyhound / Deutscher Schäferhund,large,1
23,1230,Griffon belge,small,1
23,1230,Griffon belge / Mischling,small,1
23,1230,Griffon bruxellois,small,2
23,1230,Groenendael,large,2
23,1230,Grosser Münsterländer,large,3
23,1230,Grosser Schweizer Sennenhund,large,5
23,1230,Grosser Schweizer Sennenhund / Mischling,large,1
23,1230,Grosspudel Apricot,large,9
23,1230,Grosspudel Apricot / Labrador Retriever,large,1
23,1230,Grosspudel Apricot / Mischling,large,1
23,1230,Grosspudel Falb,large,2
23,1230,Grosspudel Grau,large,1
23,1230,Grosspudel Rot,large,1
23,1230,Grosspudel Schwarz,large,4
23,1230,Grosspudel Schwarz / Labrador Retriever,large,1
23,1230,Grosspudel Schwarz / Mischling,large,1
23,1230,Grosspudel Weiss,large,2
23,1230,Grosspudel falb aus Mehrfarben,large,1
23,1230,Grosspudel schwarz aus Mehrfarben,large,1
23,1230,Hannoverscher Schweisshund,medium,1
23,1230,Hannoverscher Schweisshund / Mischling,medium,1
23,1230,Harzer Fuchs,medium,1
23,1230,Havaneser,small,77
23,1230,Havaneser / Bichon frise,small,2
23,1230,Havaneser / Irish Terrier,medium,1
23,1230,Havaneser / Klein- oder Mittelpudel,medium,2
23,1230,Havaneser / Mischling,small,14
23,1230,Havaneser / Pudel,medium,2
23,1230,Havaneser / Toypudel Apricot,medium,2
23,1230,Havaneser / Toypudel Braun,medium,1
23,1230,Havaneser / Zwergpudel Apricot,medium,4
23,1230,Havaneser / Zwergpudel Weiss,medium,1
23,1230,Hellinikos Ichnilatis / Brandlbracke,medium,1
23,1230,Hellinikos Ichnilatis / Istrianer Bracke Kurzhaar (Kratkodla,medium,1
23,1230,Holländischer Schäferhund Kurzhaar,large,3
23,1230,Holländischer Schäferhund Kurzhaar / Magyar Vizsla Kurzhaar,large,1
23,1230,Holländischer Schäferhund Kurzhaar / Österreichischer Pinsch,large,1
23,1230,Hovawart,large,6
23,1230,Hovawart / Labrador Retriever,large,1
23,1230,Hovawart / Mischling,large,2
23,1230,Irish Red Setter,medium,4
23,1230,Irish Red Setter / Zwergpudel Rot,medium,1
23,1230,Irish Red and White Setter,medium,2
23,1230,Irish Terrier / Mischling,medium,1
23,1230,Irish Wolfhound,large,2
23,1230,Islandhund,medium,1
23,1230,Istrianer Bracke Kurzhaar (Kratkodlaki Gonic) / Hrvatski Ovc,medium,1
23,1230,Istrianer Bracke Kurzhaar (Kratkodlaki Gonic) / Luzerner Lau,medium,1
23,1230,Istrianer Bracke Rauhhaar (Ostrodlaki Gonic) / Mischling,medium,1
23,1230,Italienisches Windspiel,small,1
23,1230,Italienisches Windspiel / Mischling,small,1
23,1230,Jack Russell Terrier,medium,77
23,1230,Jack Russell Terrier / Beagle,medium,6
23,1230,Jack Russell Terrier / Border Collie,medium,2
23,1230,Jack Russell Terrier / Chihuahua Kurzhaar,medium,2
23,1230,Jack Russell Terrier / Deutscher Pinscher,medium,1
23,1230,Jack Russell Terrier / Deutscher Schäferhund,large,1
23,1230,Jack Russell Terrier / Fox Terrier glatthaar,medium,1
23,1230,Jack Russell Terrier / Französische Bulldogge,medium,1
23,1230,Jack Russell Terrier / Havaneser,medium,1
23,1230,Jack Russell Terrier / Italienisches Windspiel,medium,1
23,1230,Jack Russell Terrier / Kurzhaar Dachshund Kaninchen,medium,1
23,1230,Jack Russell Terrier / Labrador Retriever,large,3
23,1230,Jack Russell Terrier / Malteser,medium,3
23,1230,Jack Russell Terrier / Mischling,medium,42
23,1230,Jack Russell Terrier / Parson Russell Terrier,medium,1
23,1230,Jack Russell Terrier / Pinscher,medium,1
23,1230,Jack Russell Terrier / Rauhhaar Dachshund Normal,medium,1
23,1230,Jack Russell Terrier / Welsh Corgi Pembroke,medium,1
23,1230,Jagdterrier / Mischling,medium,3
23,1230,Japanischer Spitz,medium,3
23,1230,Kai / Yorkshire Terrier,small,1
23,1230,Kangal,large,1
23,1230,Kangal / Mischling,large,1
23,1230,Kaukasischer Ovtcharka / Chihuahua Kurzhaar,large,1
23,1230,Kaukasischer Ovtcharka / Sarplaninac,large,1
23,1230,King Charles Spaniel,small,1
23,1230,King Charles Spaniel / Collie Kurzhaar (Smooth),medium,1
23,1230,Klein- oder Mittelpudel,medium,5
23,1230,Klein- oder Mittelpudel / Malteser,medium,1
23,1230,Klein- oder Mittelpudel / Zwergschnauzer pfeffer-salz,medium,1
23,1230,Kleiner Münsterländer,medium,4
23,1230,Kleiner Münsterländer / Deutsch Kurzhaar,medium,1
23,1230,Kleiner Münsterländer / English Springer Spaniel,medium,1
23,1230,Kleiner Münsterländer / Jack Russell Terrier,medium,1
23,1230,Kleiner Münsterländer / Mischling,medium,1
23,1230,Kleinpudel Apricot,medium,11
23,1230,Kleinpudel Apricot / English Cocker Spaniel einfärbig,medium,1
23,1230,Kleinpudel Apricot / English Cocker Spaniel mehrfärbig,medium,1
23,1230,Kleinpudel Apricot / Malteser,medium,3
23,1230,Kleinpudel Braun,medium,2
23,1230,Kleinpudel Falb,medium,3
23,1230,Kleinpudel Rot,medium,1
23,1230,Kleinpudel Rot / Labrador Retriever,large,1
23,1230,Kleinpudel Rot / Welsh Terrier,medium,1
23,1230,Kleinpudel Weiss,medium,1
23,1230,Kleinpudel Weiss / Bedlington Terrier,medium,1
23,1230,Kleinpudel Weiss / Mischling,medium,1
23,1230,Kleinspitz Braun/Schwarz,medium,4
23,1230,Kleinspitz Neufarben / Mischling,medium,1
23,1230,Kleinspitz Weiss,medium,4
23,1230,Kleinspitz Weiss / Border Collie,medium,1
23,1230,Komondor / Mischling,large,1
23,1230,Kooikerhondje,medium,10
23,1230,Kooikerhondje / Mischling,medium,1
23,1230,Kromfohrländer / Mischling,medium,1
23,1230,Kurzhaar Dachshund Kaninchen,small,4
23,1230,Kurzhaar Dachshund Kaninchen / Beagle,medium,2
23,1230,Kurzhaar Dachshund Kaninchen / Deutscher Pinscher,medium,1
23,1230,Kurzhaar Dachshund Kaninchen / Deutscher Schäferhund,large,1
23,1230,Kurzhaar Dachshund Kaninchen / Jack Russell Terrier,medium,1
23,1230,Kurzhaar Dachshund Kaninchen / Labrador Retriever,large,1
23,1230,Kurzhaar Dachshund Kaninchen / Mischling,small,4
23,1230,Kurzhaar Dachshund Kaninchen / Zwergpinscher,medium,1
23,1230,Kurzhaar Dachshund Normal,small,13
23,1230,Kurzhaar Dachshund Normal / Border Terrier,medium,1
23,1230,Kurzhaar Dachshund Normal / Chihuahua Kurzhaar,small,1
23,1230,Kurzhaar Dachshund Normal / Deutscher Boxer gestromt,large,1
23,1230,Kurzhaar Dachshund Normal / Golden Retriever,large,2
23,1230,Kurzhaar Dachshund Normal / Jack Russell Terrier,medium,1
23,1230,Kurzhaar Dachshund Normal / Labrador Retriever,large,1
23,1230,Kurzhaar Dachshund Normal / Magyar Agar,large,1
23,1230,Kurzhaar Dachshund Normal / Mischling,small,2
23,1230,Kurzhaar Dachshund Normal / Pinscher,medium,2
23,1230,Kurzhaar Dachshund Zwerg,small,14
23,1230,Kurzhaar Dachshund Zwerg / Mischling,small,1
23,1230,Kuvasz,large,1
23,1230,Labradoodle,medium,10
23,1230,Labradoodle / Mischling,medium,2
23,1230,Labrador Retriever,large,212
23,1230,Labrador Retriever / Afghanischer Windhund,large,2
23,1230,Labrador Retriever / Alaskan Malamute,large,1
23,1230,Labrador Retriever / Australian Shepherd,large,4
23,1230,Labrador Retriever / Barbet,large,1
23,1230,Labrador Retriever / Beagle,large,2
23,1230,Labrador Retriever / Bearded Collie,large,1
23,1230,Labrador Retriever / Belgischer Schäferhund,large,1
23,1230,Labrador Retriever / Border Collie,large,4
23,1230,Labrador Retriever / Border Terrier,large,1
23,1230,Labrador Retriever / Cane da Pastore Bergamasco (Bergamasker,large,1
23,1230,Labrador Retriever / Chow-Chow,large,1
23,1230,Labrador Retriever / Dalmatiner,large,2
23,1230,Labrador Retriever / Deutscher Schäferhund,large,6
23,1230,Labrador Retriever / English Cocker Spaniel einfärbig,large,1
23,1230,Labrador Retriever / English Pointer,large,1
23,1230,Labrador Retriever / Entlebucher Sennenhund,large,2
23,1230,Labrador Retriever / Eurasier,large,1
23,1230,Labrador Retriever / Finnen-Spitz,large,1
23,1230,Labrador Retriever / Finnischer Lapphund (Suomen Lapinkoira),large,1
23,1230,Labrador Retriever / Flat-Coated Retriever,large,2
23,1230,Labrador Retriever / Fox Terrier glatthaar,large,1
23,1230,Labrador Retriever / Golden Retriever,large,3
23,1230,Labrador Retriever / Greyhound,large,1
23,1230,Labrador Retriever / Grosspudel Apricot,large,3
23,1230,Labrador Retriever / Grosspudel Braun,large,2
23,1230,Labrador Retriever / Grosspudel Schwarz,large,2
23,1230,Labrador Retriever / Grosspudel Weiss,large,1
23,1230,Labrador Retriever / Irish Terrier,large,1
23,1230,Labrador Retriever / Klein- oder Mittelpudel,large,1
23,1230,Labrador Retriever / Kleinpudel Grau,large,1
23,1230,Labrador Retriever / Kurzhaar Dachshund Kaninchen,large,1
23,1230,Labrador Retriever / Magyar Vizsla Drahthaar,large,1
23,1230,Labrador Retriever / Magyar Vizsla Kurzhaar,large,2
23,1230,Labrador Retriever / Malinois,large,1
23,1230,Labrador Retriever / Mischling,large,107
23,1230,Labrador Retriever / Pudel,large,2
23,1230,Labrador Retriever / Pudelpointer,large,1
23,1230,Labrador Retriever / Rhodesian Ridgeback,large,2
23,1230,Labrador Retriever / Schwarzer Terrier,large,1
23,1230,Labrador Retriever / Siberian Husky,large,2
23,1230,Labrador Retriever / Spitz,large,1
23,1230,Labrador Retriever / Wolfspitz,large,1
23,1230,Lagotto romagnolo,medium,43
23,1230,Lagotto romagnolo / English Cocker Spaniel einfärbig,medium,2
23,1230,Lakeland Terrier,medium,1
23,1230,Lancashire Heeler / Australian Kelpie,medium,1
23,1230,Landseer,large,2
23,1230,Langhaar Dachshund Kaninchen,small,8
23,1230,Langhaar Dachshund Kaninchen / Border Collie,medium,1
23,1230,Langhaar Dachshund Normal,small,2
23,1230,Langhaar Dachshund Normal / Australian Shepherd,medium,1
23,1230,Langhaar Dachshund Normal / Border Collie,medium,1
23,1230,Langhaar Dachshund Normal / King Charles Spaniel,small,1
23,1230,Langhaar Dachshund Zwerg,small,4
23,1230,Langhaar Dachshund Zwerg / Mischling,small,2
23,1230,Lapinporokoira,medium,1
23,1230,Leonberger,large,1
23,1230,Leonberger / Wolfspitz,large,1
23,1230,Lhasa Apso,small,2
23,1230,Lhasa Apso / Mischling,small,1
23,1230,Löwchen,small,1
23,1230,Magyar Vizsla Drahthaar,medium,24
23,1230,Magyar Vizsla Drahthaar / Labrador Retriever,large,1
23,1230,Magyar Vizsla Kurzhaar,medium,12
23,1230,Magyar Vizsla Kurzhaar / Dobermann schwarz-rot,large,1
23,1230,Magyar Vizsla Kurzhaar / Jack Russell Terrier,medium,1
23,1230,Magyar Vizsla Kurzhaar / Mischling,medium,1
23,1230,Magyar Vizsla Kurzhaar / Rhodesian Ridgeback,large,1
23,1230,Malinois,medium,14
23,1230,Malinois / Deutscher Schäferhund,large,1
23,1230,Malinois / Holländischer Schäferhund Kurzhaar,large,1
23,1230,Malinois / Labrador Retriever,large,1
23,1230,Malinois / Mischling,medium,3
23,1230,Malteser,small,141
23,1230,Malteser / Bichon frise,small,1
23,1230,Malteser / Chihuahua Kurzhaar,small,1
23,1230,Malteser / Dalmatiner,medium,1
23,1230,Malteser / English Cocker Spaniel mehrfärbig,medium,1
23,1230,Malteser / Havaneser,small,1
23,1230,Malteser / Kleinpudel Apricot,medium,2
23,1230,Malteser / Kleinpudel Braun,medium,1
23,1230,Malteser / Mischling,small,31
23,1230,Malteser / Pudel,medium,6
23,1230,Malteser / Spitz,medium,1
23,1230,Malteser / Tibetan Terrier,medium,1
23,1230,Malteser / Toypudel Apricot,medium,3
23,1230,Malteser / Yorkshire Terrier,small,3
23,1230,Malteser / Zwergpudel Apricot,medium,2
23,1230,Malteser / Zwergpudel Braun,medium,4
23,1230,Malteser / Zwergpudel Rot,medium,1
23,1230,Manchester Terrier / Labrador Retriever,large,1
23,1230,Maremmano - Abruzzese,large,1
23,1230,Mehrfarben Kleinpudel schwarz weiss / Mischling,medium,1
23,1230,Miniatur Bull Terrier,medium,3
23,1230,Mittelspitz Braun/Schwarz,medium,2
23,1230,Mittelspitz Braun/Schwarz / Deutsch Drahthaar,medium,1
23,1230,Mittelspitz Braun/Schwarz / Mischling,medium,3
23,1230,Mittelspitz Braun/Schwarz / Pekingese,medium,1
23,1230,Mittelspitz Braun/Schwarz / Whippet,medium,1
23,1230,Mittelspitz Neufarben / Mischling,medium,1
23,1230,Mops (Carlin),small,26
23,1230,Mops (Carlin) / Französische Bulldogge,medium,1
23,1230,Mops (Carlin) / Mischling,small,1
23,1230,Mops (Carlin) / Pekingese,small,1
23,1230,Mops (Carlin) / Pinscher,medium,1
23,1230,Mudi,medium,4
23,1230,Mudi / Chihuahua Kurzhaar,medium,1
23,1230,Mudi / Deutsch Drahthaar,medium,1
23,1230,Mudi / Deutscher Jagdterrier,medium,1
23,1230,Mudi / Jack Russell Terrier,medium,1
23,1230,Mudi / Mischling,medium,5
23,1230,Mudi / Puli andersfarbig,medium,1
23,1230,Mudi / Spitz,medium,1
23,1230,Mudi / Zwergspitz (Pomeranian),medium,1
23,1230,Neufundländer,large,1
23,1230,Neufundländer / Mischling,large,1
23,1230,Norfolk Terrier / Mischling,small,1
23,1230,Norsk Elghund Grä,medium,1
23,1230,Norsk Lundehund / Mischling,small,1
23,1230,Norwich Terrier,small,1
23,1230,Nova Scotia Duck Tolling Retriever,medium,6
23,1230,Ogar Polski,medium,1
23,1230,Olde English Bulldogge,large,7
23,1230,Olde English Bulldogge / Podenco Ibicenco Kurzhaar,large,1
23,1230,Papillon,small,12
23,1230,Parson Russell Terrier,medium,17
23,1230,Parson Russell Terrier / Golden Retriever,large,1
23,1230,Parson Russell Terrier / Jack Russell Terrier,medium,1
23,1230,Parson Russell Terrier / Mischling,medium,1
23,1230,Parson Russell Terrier / West Highland White Terrier,medium,1
23,1230,Pekingese,small,16
23,1230,Pekingese / Chihuahua Langhaar,small,1
23,1230,Pekingese / Deutscher Spitz,medium,1
23,1230,Pekingese / Jack Russell Terrier,medium,1
23,1230,Pekingese / Mischling,small,17
23,1230,Pekingese / Shih Tzu,small,1
23,1230,Perro de agua Espanol,medium,11
23,1230,Petit Basset griffon vendeen,medium,1
23,1230,Petit brabancon,small,1
23,1230,Pinscher,medium,5
23,1230,Pinscher / Deutscher Jagdterrier,medium,1
23,1230,Pinscher / Deutscher Schäferhund,large,1
23,1230,Pinscher / Jack Russell Terrier,medium,1
23,1230,Pinscher / Mischling,medium,9
23,1230,Pit Bull Terrier,large,10
23,1230,Pit Bull Terrier / American Staffordshire Terrier,large,2
23,1230,Pit Bull Terrier / Mischling,large,4
23,1230,Podenco Canario,medium,1
23,1230,Podenco Ibicenco Kurzhaar,medium,1
23,1230,Podengo Portugues Kurzhaar Medio / Mischling,medium,3
23,1230,Prager Rattler,small,7
23,1230,Prager Rattler / Mischling,small,1
23,1230,Pudel,medium,24
23,1230,Pudel / Malteser,medium,1
23,1230,Pudel / Mischling,medium,6
23,1230,Pudelpointer,medium,2
23,1230,Pudelpointer / Havaneser,medium,1
23,1230,Pudelpointer / Malteser,medium,1
23,1230,Puli andersfarbig,medium,7
23,1230,Puli andersfarbig / Cesky Terrier,medium,1
23,1230,Puli andersfarbig / Mischling,medium,5
23,1230,Puli andersfarbig / Pumi,medium,1
23,1230,Puli weiss,medium,1
23,1230,Pumi,medium,1
23,1230,Pumi / Mischling,medium,3
23,1230,Rauhhaar Dachshund Normal,small,7
23,1230,Rauhhaar Dachshund Normal / Golden Retriever,large,1
23,1230,Rauhhaar Dachshund Normal / Malteser,small,1
23,1230,Rauhhaar Dachshund Normal / Mischling,small,2
23,1230,Rauhhaar Dachshund Zwerg,small,13
23,1230,Rauhhaar Dachshund Zwerg / Jack Russell Terrier,medium,1
23,1230,Rauhhaar Dachshund Zwerg / Mischling,small,3
23,1230,Rhodesian Ridgeback,large,14
23,1230,Rhodesian Ridgeback / Beagle,large,1
23,1230,Rhodesian Ridgeback / Mischling,large,2
23,1230,Rhodesian Ridgeback / Pinscher,large,1
23,1230,Riesenschnauzer pfeffer-salz,large,1
23,1230,Riesenschnauzer schwarz,large,4
23,1230,Rottweiler,large,14
23,1230,Rottweiler / Mischling,large,2
23,1230,Russkiy Toy Kurzhaar,small,4
23,1230,Russkiy Toy Langhaar,small,3
23,1230,Saluki,large,2
23,1230,Samojede,large,11
23,1230,Samojede / Wolfspitz,large,1
23,1230,Sandros Leisha Dog,large,2
23,1230,Schnauzer pfeffersalz,medium,5
23,1230,Schnauzer pfeffersalz / Dackel,medium,1
23,1230,Schnauzer pfeffersalz / Deutscher Schäferhund,large,1
23,1230,Schnauzer pfeffersalz / Mischling,medium,6
23,1230,Schnauzer pfeffersalz / Schnauzer pfeffersalz,medium,1
23,1230,Schnauzer schwarz / Kurzhaar Dachshund Normal,medium,1
23,1230,Schwarzer Terrier,large,1
23,1230,Schwarzer Terrier / Mischling,large,1
23,1230,Schwarzer Terrier / Schnauzer schwarz,large,2
23,1230,Schweizerische Niederlaufhunde,medium,1
23,1230,Schwyzer Laufhund / Mischling,medium,2
23,1230,Scottish Terrier,medium,1
23,1230,Scottish Terrier / Norfolk Terrier,medium,1
23,1230,Shar Pei,medium,8
23,1230,Shar Pei / Deutscher Boxer gestromt,large,1
23,1230,Shar Pei / Labrador Retriever,large,1
23,1230,Shetland Sheepdog,medium,17
23,1230,Shetland Sheepdog / Golden Retriever,large,1
23,1230,Shetland Sheepdog / Mischling,medium,2
23,1230,Shiba,medium,21
23,1230,Shiba / Chihuahua Kurzhaar,medium,1
23,1230,Shiba / Holländischer Schäferhund Kurzhaar,large,1
23,1230,Shiba / Jack Russell Terrier,medium,1
23,1230,Shiba / Mischling,medium,2
23,1230,Shih Tzu,small,31
23,1230,Shih Tzu / Chihuahua Langhaar,small,1
23,1230,Shih Tzu / Jack Russell Terrier,medium,1
23,1230,Shih Tzu / Malteser,small,2
23,1230,Shih Tzu / Mischling,small,2
23,1230,Shih Tzu / Pekingese,small,1
23,1230,Shih Tzu / Pudel,medium,1
23,1230,Shih Tzu / Pudelpointer,medium,1
23,1230,Shih Tzu / Zwergpudel Apricot,medium,1
23,1230,Siberian Husky,large,36
23,1230,Siberian Husky / Australian Shepherd,large,1
23,1230,Siberian Husky / Belgischer Schäferhund,large,1
23,1230,Siberian Husky / Berner Sennenhund,large,1
23,1230,Siberian Husky / Deutscher Schäferhund,large,2
23,1230,Siberian Husky / Französische Bulldogge,large,1
23,1230,Siberian Husky / Golden Retriever,large,1
23,1230,Siberian Husky / Labrador Retriever,large,1
23,1230,Siberian Husky / Mischling,large,12
23,1230,Siberian Husky / Whippet,large,1
23,1230,Silken Windsprite,medium,1
23,1230,Spinone Italiano,large,3
23,1230,Spitz,medium,17
23,1230,Spitz / Chihuahua Kurzhaar,medium,1
23,1230,Spitz / Mischling,medium,6
23,1230,Spitz / Shiba,medium,1
23,1230,Spitz / Windhund,large,1
23,1230,Srpski Gonic,medium,1
23,1230,Srpski Gonic / Mischling,medium,1
23,1230,St. Bernhardshund Kurzhaar / Kaukasischer Ovtcharka,large,1
23,1230,St. Bernhardshund Langhaar,large,1
23,1230,Stabyhoun / Grosser Münsterländer,large,1
23,1230,Staffordshire Bullterrier,medium,13
23,1230,Staffordshire Bullterrier / Cane Corso Italiano,large,1
23,1230,Staffordshire Bullterrier / Französische Bulldogge,medium,1
23,1230,Staffordshire Bullterrier / Labrador Retriever,large,1
23,1230,Staffordshire Bullterrier / Mischling,medium,3
23,1230,Steirische Rauhaarbracke,medium,1
23,1230,Steirische Rauhaarbracke / Mischling,medium,1
23,1230,Terrier Brasileiro,medium,3
23,1230,Terrier Brasileiro / Collie Langhaar (Rough),medium,1
23,1230,Terrier Brasileiro / Mischling,medium,6
23,1230,Terrier Brasileiro / Rhodesian Ridgeback,large,1
23,1230,Terrier Brasileiro / Zwergspitz (Pomeranian),medium,1
23,1230,Tibetan Spaniel,small,1
23,1230,Tibetan Spaniel / King Charles Spaniel,small,1
23,1230,Tibetan Spaniel / Pekingese,small,1
23,1230,Tibetan Terrier,medium,8
23,1230,Tibetan Terrier / Mischling,medium,2
23,1230,Tibetan Terrier / Schnauzer schwarz,medium,1
23,1230,Tiroler Bracke,medium,1
23,1230,Tiroler Bracke / Labrador Retriever,large,1
23,1230,Tornjak / Mischling,large,1
23,1230,Toypudel Apricot,medium,12
23,1230,Toypudel Apricot / Mischling,medium,1
23,1230,Toypudel Braun,medium,1
23,1230,Toypudel Falb,medium,2
23,1230,Toypudel Rot,medium,5
23,1230,Toypudel Schwarz,medium,2
23,1230,Tschechoslowakischer Wolfhund,large,1
23,1230,Unbekannt,unknown,112
23,1230,Unbekannt / Mischling,unknown,467
23,1230,Västgötaspets / Mischling,medium,1
23,1230,Weimaraner Kurzhaar,large,5
23,1230,Welsh Corgi Cardigan / Mischling,medium,1
23,1230,Welsh Corgi Pembroke,medium,5
23,1230,Welsh Corgi Pembroke / Srpski Gonic,medium,1
23,1230,Welsh Springer Spaniel,medium,1
23,1230,Welsh Springer Spaniel / Mischling,medium,1
23,1230,Welsh Terrier,medium,2
23,1230,Welsh Terrier / Mischling,medium,1
23,1230,West Highland White Terrier,small,20
23,1230,West Highland White Terrier / Mischling,small,3
23,1230,Whippet,medium,13
23,1230,Whippet / Bedlington Terrier,medium,1
23,1230,Whippet / Border Collie,medium,1
23,1230,Whippet / Labrador Retriever,large,1
23,1230,Whippet / Mischling,medium,3
23,1230,Whippet / Parson Russell Terrier,medium,1
23,1230,Windhund,large,1
23,1230,Windhund / Mischling,large,1
23,1230,Wolfspitz,large,6
23,1230,Xoloitzcuintle Medio,medium,1
23,1230,Yorkshire Terrier,small,95
23,1230,Yorkshire Terrier / Affenpinscher,medium,1
23,1230,Yorkshire Terrier / Biewer Terrier,small,1
23,1230,Yorkshire Terrier / Boston Terrier,medium,1
23,1230,Yorkshire Terrier / Chihuahua Kurzhaar,small,1
23,1230,Yorkshire Terrier / Havaneser,small,1
23,1230,Yorkshire Terrier / Malteser,small,1
23,1230,Yorkshire Terrier / Mischling,small,13
23,1230,Yorkshire Terrier / Shih Tzu,small,1
23,1230,Zwergpinscher,medium,31
23,1230,Zwergpinscher / Chihuahua Kurzhaar,medium,1
23,1230,Zwergpinscher / Kurzhaar Dachshund Normal,medium,1
23,1230,Zwergpinscher / Mischling,medium,6
23,1230,Zwergpinscher / Whippet,medium,1
23,1230,Zwergpinscher / Zwergspitz (Pomeranian),medium,1
23,1230,Zwergpudel Apricot,medium,31
23,1230,Zwergpudel Apricot / Bichon frise,medium,1
23,1230,Zwergpudel Apricot / Chihuahua Kurzhaar,medium,2
23,1230,Zwergpudel Apricot / English Cocker Spaniel einfärbig,medium,1
23,1230,Zwergpudel Apricot / Havaneser,medium,1
23,1230,Zwergpudel Apricot / Malteser,medium,2
23,1230,Zwergpudel Braun,medium,9
23,1230,Zwergpudel Braun / Bichon frise,medium,1
23,1230,Zwergpudel Falb / Mischling,medium,1
23,1230,Zwergpudel Falb / Zwergpudel Apricot,medium,1
23,1230,Zwergpudel Rot,medium,4
23,1230,Zwergpudel Schwarz,medium,7
23,1230,Zwergpudel Schwarz / English Cocker Spaniel einfärbig,medium,1
23,1230,Zwergpudel Weiss,medium,2
23,1230,Zwergpudel Weiss / Mischling,medium,2
23,1230,Zwergpudel falb aus Mehrfarben,medium,2
23,1230,Zwergschnauzer pfeffer-salz,medium,10
23,1230,Zwergschnauzer pfeffer-salz / Airedale Terrier,medium,1
23,1230,Zwergschnauzer schwarz / Deutsch Drahthaar,medium,1
23,1230,Zwergschnauzer schwarz / Mischling,medium,2
23,1230,Zwergspitz (Pomeranian),medium,73
23,1230,Zwergspitz (Pomeranian) / Border Collie,medium,1
23,1230,Zwergspitz (Pomeranian) / Collie Langhaar (Rough),medium,1
23,1230,Zwergspitz (Pomeranian) / Havaneser,medium,1
23,1230,Zwergspitz (Pomeranian) / Mischling,medium,7
23,1230,Zwergspitz (Pomeranian) / Mittelspitz Weiss,medium,1
23,1230,Zwergspitz (Pomeranian) / Toypudel Grau,medium,2
23,1230,Zwergspitz (Pomeranian) / Welsh Corgi Pembroke,medium,1
23,1230,Zwergspitz (Pomeranian) / Zwergspitz (Pomeranian),medium,1
23,1230,Österreichischer Pinscher,medium,5
23,1230,Österreichischer Pinscher / Basenji,medium,1
23,1230,Österreichischer Pinscher / Deutscher Jagdterrier,medium,1
23,1230,Österreichischer Pinscher / Mischling,medium,5
